{
	"credit": "Made with Blockbench",
	"textures": {
		"0": "76/handle",
		"1": "76/blade",
		"particle": "76/handle"
	},
	"elements": [
		{
			"from": [7.5, 20.75, 8],
			"to": [8.5, 32, 9],
			"rotation": {"angle": 0, "axis": "y", "origin": [0, 16, 16]},
			"faces": {
				"north": {"uv": [1, 11.25, 2, 0], "texture": "#0"},
				"east": {"uv": [1, 11.25, 2, 0], "texture": "#0"},
				"south": {"uv": [1, 11.25, 2, 0], "texture": "#0"},
				"west": {"uv": [1, 11.25, 2, 0], "texture": "#0"},
				"up": {"uv": [0, 2, 1, 1], "texture": "#0"},
				"down": {"uv": [0, 2, 1, 1], "texture": "#0"}
			}
		},
		{
			"from": [7.5, 18.5, 3.5],
			"to": [8.5, 20.75, 9],
			"rotation": {"angle": 0, "axis": "y", "origin": [0, 16, 16]},
			"faces": {
				"north": {"uv": [1, 2.25, 2, 0], "texture": "#0"},
				"east": {"uv": [5.5, 2.25, 11, 0], "texture": "#0"},
				"south": {"uv": [1, 2.25, 2, 0], "texture": "#0"},
				"west": {"uv": [5.5, 2.25, 11, 0], "texture": "#0"},
				"up": {"uv": [0, 11, 1, 5.5], "texture": "#0"},
				"down": {"uv": [0, 11, 1, 5.5], "texture": "#0"}
			}
		},
		{
			"from": [7.75, 3.75, 3.25],
			"to": [8.25, 18.5, 9.25],
			"rotation": {"angle": 0, "axis": "y", "origin": [0, 16, 16]},
			"faces": {
				"north": {"uv": [15.5, 14.75, 15, 0], "texture": "#1"},
				"east": {"uv": [6, 14.75, 0, 0], "rotation": 180, "texture": "#1"},
				"south": {"uv": [0.5, 14.75, 0, 0], "texture": "#1"},
				"west": {"uv": [6, 14.75, 0, 0], "texture": "#1"},
				"up": {"uv": [0, 0, 0.5, 6], "texture": "#1"},
				"down": {"uv": [15, 0, 15.5, 6], "texture": "#1"}
			}
		},
		{
			"from": [7.75, -3, 3.5],
			"to": [8.25, 3.75, 9.25],
			"rotation": {"angle": 0, "axis": "y", "origin": [0, 16, 16]},
			"faces": {
				"north": {"uv": [15.5, 6.75, 15, 0], "texture": "#1"},
				"east": {"uv": [5.75, 6.75, 0, 0], "rotation": 180, "texture": "#1"},
				"south": {"uv": [0.5, 6.75, 0, 0], "texture": "#1"},
				"west": {"uv": [5.75, 6.75, 0, 0], "texture": "#1"},
				"up": {"uv": [0, 0, 0.5, 5.75], "texture": "#1"},
				"down": {"uv": [15, 1, 15.5, 6.75], "texture": "#1"}
			}
		},
		{
			"from": [7.75, -6.75, 4],
			"to": [8.25, -3, 9.25],
			"rotation": {"angle": 0, "axis": "y", "origin": [0, 16, 16]},
			"faces": {
				"north": {"uv": [15.5, 3.75, 15, 0], "texture": "#1"},
				"east": {"uv": [5.25, 3.75, 0, 0], "rotation": 180, "texture": "#1"},
				"south": {"uv": [0.5, 3.75, 0, 0], "texture": "#1"},
				"west": {"uv": [5.25, 3.75, 0, 0], "texture": "#1"},
				"up": {"uv": [0, 0, 0.5, 5.25], "texture": "#1"},
				"down": {"uv": [14, 0, 14.5, 5.25], "texture": "#1"}
			}
		},
		{
			"from": [7.75, -9.5, 4.75],
			"to": [8.25, -6.75, 9.25],
			"rotation": {"angle": 0, "axis": "y", "origin": [0, 16, 16]},
			"faces": {
				"north": {"uv": [15.5, 2.75, 15, 0], "texture": "#1"},
				"east": {"uv": [4.5, 2.75, 0, 0], "rotation": 180, "texture": "#1"},
				"south": {"uv": [0.5, 2.75, 0, 0], "texture": "#1"},
				"west": {"uv": [4.5, 2.75, 0, 0], "texture": "#1"},
				"up": {"uv": [0, 0, 0.5, 4.5], "texture": "#1"},
				"down": {"uv": [13, 0, 13.5, 4.5], "texture": "#1"}
			}
		},
		{
			"from": [7.75, -11.25, 5.75],
			"to": [8.25, -9.5, 9.25],
			"rotation": {"angle": 0, "axis": "y", "origin": [0, 16, 16]},
			"faces": {
				"north": {"uv": [15.5, 2.75, 15, 1], "texture": "#1"},
				"east": {"uv": [3.5, 1.75, 0, 0], "rotation": 180, "texture": "#1"},
				"south": {"uv": [0.5, 1.75, 0, 0], "texture": "#1"},
				"west": {"uv": [3.5, 1.75, 0, 0], "texture": "#1"},
				"up": {"uv": [0, 0, 0.5, 3.5], "texture": "#1"},
				"down": {"uv": [14, 1, 14.5, 4.5], "texture": "#1"}
			}
		},
		{
			"from": [7.75, -13, 7],
			"to": [8.25, -11.25, 9.25],
			"rotation": {"angle": 0, "axis": "y", "origin": [0, 16, 16]},
			"faces": {
				"north": {"uv": [15.5, 2.75, 15, 1], "texture": "#1"},
				"east": {"uv": [2.25, 1.75, 0, 0], "rotation": 180, "texture": "#1"},
				"south": {"uv": [0.5, 1.75, 0, 0], "texture": "#1"},
				"west": {"uv": [2.25, 1.75, 0, 0], "texture": "#1"},
				"up": {"uv": [0, 0, 0.5, 2.25], "texture": "#1"},
				"down": {"uv": [1, 0, 1.5, 2.25], "texture": "#1"}
			}
		},
		{
			"from": [7.75, -14, 8.25],
			"to": [8.25, -13, 9.25],
			"rotation": {"angle": 0, "axis": "y", "origin": [0, 16, 16]},
			"faces": {
				"north": {"uv": [15.5, 1, 15, 0], "texture": "#1"},
				"east": {"uv": [1, 1, 0, 0], "rotation": 180, "texture": "#1"},
				"south": {"uv": [0.5, 1, 0, 0], "texture": "#1"},
				"west": {"uv": [1, 1, 0, 0], "texture": "#1"},
				"up": {"uv": [0, 0, 0.5, 1], "texture": "#1"},
				"down": {"uv": [0, 0, 0.5, 1], "texture": "#1"}
			}
		}
	],
	"display": {
		"thirdperson_righthand": {
			"rotation": [-77, 0, 0],
			"translation": [0, -13.5, 21]
		},
		"thirdperson_lefthand": {
			"rotation": [-77, 0, 0],
			"translation": [0, -13.5, 21]
		},
		"firstperson_righthand": {
			"rotation": [-29, 7, 0],
			"translation": [6, -5.5, 0]
		},
		"firstperson_lefthand": {
			"rotation": [-29, 7, 0],
			"translation": [6, -5.5, 0]
		},
		"ground": {
			"translation": [0, 20.25, 0]
		},
		"gui": {
			"rotation": [90, 45, -90],
			"scale": [0.5, 0.5, 0.5]
		},
		"fixed": {
			"rotation": [90, 45, -90],
			"scale": [0.5, 0.5, 0.5]
		}
	},
	"groups": [
		{
			"name": "sword",
			"origin": [8, 8, 8],
			"children": [
				{
					"name": "handle",
					"origin": [8, 8, 8],
					"children": [0, 1]
				},
				{
					"name": "blade",
					"origin": [8, 8, 8],
					"children": [2, 3, 4, 5, 6, 7, 8]
				}
			]
		}
	]
}