{
	"credit": "Made with Blockbench",
	"textures": {
		"0": "48/handle",
		"2": "48/blade",
		"3": "48/guard",
		"particle": "48/handle"
	},
	"elements": [
		{
			"from": [7.75, -2, 5.25],
			"to": [8.25, 1, 5.75],
			"faces": {
				"north": {"uv": [0, 0, 0.5, 3], "rotation": 180, "texture": "#0"},
				"east": {"uv": [0, 0, 3, 0.5], "rotation": 90, "texture": "#0"},
				"south": {"uv": [0, 0, 0.5, 3], "texture": "#0"},
				"west": {"uv": [0, 0, 3, 0.5], "rotation": 270, "texture": "#0"},
				"up": {"uv": [0, 0, 0.5, 0.5], "texture": "#0"},
				"down": {"uv": [0, 0, 0.5, 0.5], "rotation": 180, "texture": "#0"}
			}
		},
		{
			"from": [6, 1, 5],
			"to": [10, 1.5, 6],
			"faces": {
				"north": {"uv": [0, 0, 4, 0.5], "rotation": 180, "texture": "#3"},
				"east": {"uv": [0, 0, 0.5, 1], "rotation": 90, "texture": "#3"},
				"south": {"uv": [0, 0, 4, 0.5], "texture": "#3"},
				"west": {"uv": [0, 0, 0.5, 1], "rotation": 270, "texture": "#3"},
				"up": {"uv": [0, 0, 4, 1], "texture": "#3"},
				"down": {"uv": [0, 0, 4, 1], "rotation": 180, "texture": "#3"}
			}
		},
		{
			"from": [6.75, 1.25, 5.25],
			"to": [9.25, 4, 5.75],
			"faces": {
				"north": {"uv": [0, 0, 2.5, 2.75], "rotation": 180, "texture": "#2"},
				"east": {"uv": [0, 0, 2.75, 0.5], "rotation": 90, "texture": "#2"},
				"south": {"uv": [0, 0, 2.5, 2.75], "texture": "#2"},
				"west": {"uv": [0, 0, 2.75, 0.5], "rotation": 270, "texture": "#2"},
				"up": {"uv": [0, 0, 2.5, 0.5], "texture": "#2"},
				"down": {"uv": [0, 0, 2.5, 0.5], "rotation": 180, "texture": "#2"}
			}
		},
		{
			"from": [7, 4, 5.25],
			"to": [9, 5, 5.75],
			"faces": {
				"north": {"uv": [0, 0, 2, 1], "rotation": 180, "texture": "#2"},
				"east": {"uv": [0, 0, 3, 1], "rotation": 90, "texture": "#2"},
				"south": {"uv": [0, 0, 2, 1], "texture": "#2"},
				"west": {"uv": [0, 0, 2.5, 2.75], "rotation": 270, "texture": "#2"},
				"up": {"uv": [0, 0, 2, 0.5], "texture": "#2"},
				"down": {"uv": [0, 0, 2, 0.5], "rotation": 180, "texture": "#2"}
			}
		},
		{
			"from": [7.25, 5, 5.25],
			"to": [8.75, 6, 5.75],
			"faces": {
				"north": {"uv": [0, 0, 1.5, 1], "rotation": 180, "texture": "#2"},
				"east": {"uv": [0, 0, 2.5, 2.75], "rotation": 90, "texture": "#2"},
				"south": {"uv": [0, 0, 1.5, 1], "texture": "#2"},
				"west": {"uv": [0, 0, 2.5, 2.75], "rotation": 270, "texture": "#2"},
				"up": {"uv": [0, 0, 1.5, 0.5], "texture": "#2"},
				"down": {"uv": [0, 0, 1.5, 0.5], "rotation": 180, "texture": "#2"}
			}
		},
		{
			"from": [7.5, 6, 5.25],
			"to": [8.5, 6.5, 5.75],
			"faces": {
				"north": {"uv": [0, 0, 1, 0.5], "rotation": 180, "texture": "#2"},
				"east": {"uv": [0, 0, 2.5, 2.75], "rotation": 90, "texture": "#2"},
				"south": {"uv": [0, 0, 1, 0.5], "texture": "#2"},
				"west": {"uv": [0, 0, 2.5, 2.75], "rotation": 270, "texture": "#2"},
				"up": {"uv": [0, 0, 1, 0.5], "texture": "#2"},
				"down": {"uv": [0, 0, 1, 0.5], "rotation": 180, "texture": "#2"}
			}
		},
		{
			"from": [7.75, 6.5, 5.25],
			"to": [8.25, 7, 5.75],
			"faces": {
				"north": {"uv": [0, 0, 0.5, 0.5], "rotation": 180, "texture": "#2"},
				"east": {"uv": [0, 0, 0.5, 0.5], "rotation": 90, "texture": "#2"},
				"south": {"uv": [0, 0, 0.5, 0.5], "texture": "#2"},
				"west": {"uv": [0, 0, 2.5, 0.5], "rotation": 270, "texture": "#2"},
				"up": {"uv": [0, 0, 0.5, 0.5], "texture": "#2"},
				"down": {"uv": [0, 0, 0.5, 0.5], "rotation": 180, "texture": "#2"}
			}
		},
		{
			"from": [7.5, -2.25, 5],
			"to": [8.5, -2, 6],
			"faces": {
				"north": {"uv": [0, 0, 1, 0.25], "rotation": 180, "texture": "#3"},
				"east": {"uv": [0, 0, 0.25, 1], "rotation": 90, "texture": "#3"},
				"south": {"uv": [0, 0, 1, 0.25], "texture": "#3"},
				"west": {"uv": [0, 0, 0.25, 1], "rotation": 270, "texture": "#3"},
				"up": {"uv": [0, 0, 1, 1], "texture": "#3"},
				"down": {"uv": [0, 0, 1, 1], "rotation": 180, "texture": "#3"}
			}
		}
	],
	"display": {
		"thirdperson_righthand": {
			"rotation": [0, 90, 0],
			"translation": [2.5, 7, 0.75]
		},
		"thirdperson_lefthand": {
			"rotation": [0, 90, 0],
			"translation": [2.5, 7, 0.75]
		},
		"firstperson_righthand": {
			"rotation": [0, -100, 0],
			"translation": [0, 11, 0]
		},
		"firstperson_lefthand": {
			"rotation": [0, -100, 0],
			"translation": [0, 11, 0]
		},
		"ground": {
			"translation": [0, 8.5, 0]
		},
		"gui": {
			"translation": [0, 9, 0],
			"scale": [1.5, 1.5, 1.5]
		},
		"fixed": {
			"translation": [0, 9.5, 0],
			"scale": [1.5, 1.5, 1.5]
		}
	},
	"groups": [
		{
			"name": "dagger",
			"origin": [8, 8, 8],
			"children": [0, 1, 2, 3, 4, 5, 6, 7]
		}
	]
}