{
	"credit": "Made with Blockbench",
	"textures": {
		"0": "67/starstorm",
		"particle": "67/starstorm"
	},
	"elements": [
		{
			"from": [6.5, -6, 5],
			"to": [7.5, -1, 6],
			"rotation": {"angle": 22.5, "axis": "z", "origin": [8, -3.5, 5.5]},
			"faces": {
				"north": {"uv": [0, 0, 1, 5], "rotation": 180, "texture": "#0"},
				"east": {"uv": [0, 0, 5, 1], "rotation": 90, "texture": "#0"},
				"south": {"uv": [0, 0, 1, 5], "texture": "#0"},
				"west": {"uv": [0, 0, 5, 1], "rotation": 270, "texture": "#0"},
				"up": {"uv": [0, 0, 1, 1], "texture": "#0"},
				"down": {"uv": [0, 0, 1, 1], "rotation": 180, "texture": "#0"}
			}
		},
		{
			"from": [1.57404, -2.37778, 5],
			"to": [6.57404, -1.37778, 6],
			"rotation": {"angle": 0, "axis": "y", "origin": [2.07404, -2.12778, 5.5]},
			"faces": {
				"north": {"uv": [0, 0, 1, 5], "rotation": 270, "texture": "#0"},
				"east": {"uv": [0, 0, 1, 1], "rotation": 90, "texture": "#0"},
				"south": {"uv": [0, 0, 1, 5], "rotation": 270, "texture": "#0"},
				"west": {"uv": [0, 0, 1, 1], "rotation": 270, "texture": "#0"},
				"up": {"uv": [0, 0, 5, 1], "texture": "#0"},
				"down": {"uv": [0, 0, 5, 1], "rotation": 180, "texture": "#0"}
			}
		},
		{
			"from": [2.32404, -0.87778, 5],
			"to": [7.32404, 0.12222, 6],
			"rotation": {"angle": 45, "axis": "z", "origin": [4.07404, -1.87778, 5.5]},
			"faces": {
				"north": {"uv": [0, 0, 1, 5], "rotation": 270, "texture": "#0"},
				"east": {"uv": [0, 0, 1, 1], "rotation": 90, "texture": "#0"},
				"south": {"uv": [0, 0, 1, 5], "rotation": 270, "texture": "#0"},
				"west": {"uv": [0, 0, 1, 1], "rotation": 270, "texture": "#0"},
				"up": {"uv": [0, 0, 5, 1], "texture": "#0"},
				"down": {"uv": [0, 0, 5, 1], "rotation": 180, "texture": "#0"}
			}
		},
		{
			"from": [2.32404, 1.87778, 5],
			"to": [7.32404, 2.87778, 6],
			"rotation": {"angle": -45, "axis": "z", "origin": [4.07404, 3.87778, 5.5]},
			"faces": {
				"north": {"uv": [1, 0, 2, 5], "rotation": 270, "texture": "#0"},
				"east": {"uv": [1, 0, 2, 1], "rotation": 90, "texture": "#0"},
				"south": {"uv": [1, 0, 2, 5], "rotation": 270, "texture": "#0"},
				"west": {"uv": [1, 0, 2, 1], "rotation": 270, "texture": "#0"},
				"up": {"uv": [5, 0, 10, 1], "texture": "#0"},
				"down": {"uv": [5, 0, 10, 1], "rotation": 180, "texture": "#0"}
			}
		},
		{
			"from": [8.92596, -1.62778, 5],
			"to": [13.92596, -0.62778, 6],
			"rotation": {"angle": -45, "axis": "z", "origin": [12.92596, -1.87778, 5.5]},
			"faces": {
				"north": {"uv": [0, 5, 1, 10], "rotation": 270, "texture": "#0"},
				"east": {"uv": [1, 0, 2, 1], "rotation": 90, "texture": "#0"},
				"south": {"uv": [0, 5, 1, 10], "rotation": 270, "texture": "#0"},
				"west": {"uv": [1, 0, 2, 1], "rotation": 270, "texture": "#0"},
				"up": {"uv": [5, 0, 10, 1], "texture": "#0"},
				"down": {"uv": [5, 0, 10, 1], "rotation": 180, "texture": "#0"}
			}
		},
		{
			"from": [8.92596, 2.62778, 5],
			"to": [13.92596, 3.62778, 6],
			"rotation": {"angle": 45, "axis": "z", "origin": [12.92596, 3.87778, 5.5]},
			"faces": {
				"north": {"uv": [1, 5, 2, 10], "rotation": 270, "texture": "#0"},
				"east": {"uv": [2, 0, 3, 1], "rotation": 90, "texture": "#0"},
				"south": {"uv": [1, 5, 2, 10], "rotation": 270, "texture": "#0"},
				"west": {"uv": [2, 0, 3, 1], "rotation": 270, "texture": "#0"},
				"up": {"uv": [10, 0, 15, 1], "texture": "#0"},
				"down": {"uv": [10, 0, 15, 1], "rotation": 180, "texture": "#0"}
			}
		},
		{
			"from": [1.57404, 3.37222, 5],
			"to": [6.57404, 4.37222, 6],
			"rotation": {"angle": 0, "axis": "y", "origin": [2.07404, -2.12778, 5.5]},
			"faces": {
				"north": {"uv": [0, 0, 1, 5], "rotation": 270, "texture": "#0"},
				"east": {"uv": [0, 0, 1, 1], "rotation": 90, "texture": "#0"},
				"south": {"uv": [0, 0, 1, 5], "rotation": 270, "texture": "#0"},
				"west": {"uv": [0, 0, 1, 1], "rotation": 270, "texture": "#0"},
				"up": {"uv": [0, 0, 5, 1], "texture": "#0"},
				"down": {"uv": [0, 0, 5, 1], "rotation": 180, "texture": "#0"}
			}
		},
		{
			"from": [9.32404, -2.37778, 5],
			"to": [14.32404, -1.37778, 6],
			"rotation": {"angle": 0, "axis": "y", "origin": [2.07404, -2.12778, 5.5]},
			"faces": {
				"north": {"uv": [0, 0, 1, 5], "rotation": 270, "texture": "#0"},
				"east": {"uv": [0, 0, 1, 1], "rotation": 90, "texture": "#0"},
				"south": {"uv": [0, 0, 1, 5], "rotation": 270, "texture": "#0"},
				"west": {"uv": [0, 0, 1, 1], "rotation": 270, "texture": "#0"},
				"up": {"uv": [0, 0, 5, 1], "texture": "#0"},
				"down": {"uv": [0, 0, 5, 1], "rotation": 180, "texture": "#0"}
			}
		},
		{
			"from": [9.32404, 3.37222, 5],
			"to": [14.32404, 4.37222, 6],
			"rotation": {"angle": 0, "axis": "y", "origin": [2.07404, -2.12778, 5.5]},
			"faces": {
				"north": {"uv": [0, 0, 1, 5], "rotation": 270, "texture": "#0"},
				"east": {"uv": [0, 0, 1, 1], "rotation": 90, "texture": "#0"},
				"south": {"uv": [0, 0, 1, 5], "rotation": 270, "texture": "#0"},
				"west": {"uv": [0, 0, 1, 1], "rotation": 270, "texture": "#0"},
				"up": {"uv": [0, 0, 5, 1], "texture": "#0"},
				"down": {"uv": [0, 0, 5, 1], "rotation": 180, "texture": "#0"}
			}
		},
		{
			"from": [8.5, -6, 5],
			"to": [9.5, -1, 6],
			"rotation": {"angle": -22.5, "axis": "z", "origin": [8, -3.5, 5.5]},
			"faces": {
				"north": {"uv": [0, 0, 1, 5], "rotation": 180, "texture": "#0"},
				"east": {"uv": [0, 0, 5, 1], "rotation": 90, "texture": "#0"},
				"south": {"uv": [0, 0, 1, 5], "texture": "#0"},
				"west": {"uv": [0, 0, 5, 1], "rotation": 270, "texture": "#0"},
				"up": {"uv": [0, 0, 1, 1], "texture": "#0"},
				"down": {"uv": [0, 0, 1, 1], "rotation": 180, "texture": "#0"}
			}
		},
		{
			"from": [6.5, 3, 5],
			"to": [7.5, 8, 6],
			"rotation": {"angle": -22.5, "axis": "z", "origin": [8, 5.5, 5.5]},
			"faces": {
				"north": {"uv": [0, 0, 1, 5], "texture": "#0"},
				"east": {"uv": [0, 0, 5, 1], "rotation": 90, "texture": "#0"},
				"south": {"uv": [0, 0, 1, 5], "rotation": 180, "texture": "#0"},
				"west": {"uv": [0, 0, 5, 1], "rotation": 270, "texture": "#0"},
				"up": {"uv": [0, 0, 1, 1], "texture": "#0"},
				"down": {"uv": [0, 0, 1, 1], "rotation": 180, "texture": "#0"}
			}
		},
		{
			"from": [8.5, 3, 5],
			"to": [9.5, 8, 6],
			"rotation": {"angle": 22.5, "axis": "z", "origin": [8, 5.5, 5.5]},
			"faces": {
				"north": {"uv": [0, 0, 1, 5], "texture": "#0"},
				"east": {"uv": [0, 0, 5, 1], "rotation": 90, "texture": "#0"},
				"south": {"uv": [0, 0, 1, 5], "rotation": 180, "texture": "#0"},
				"west": {"uv": [0, 0, 5, 1], "rotation": 270, "texture": "#0"},
				"up": {"uv": [0, 0, 1, 1], "texture": "#0"},
				"down": {"uv": [0, 0, 1, 1], "rotation": 180, "texture": "#0"}
			}
		}
	],
	"display": {
		"thirdperson_righthand": {
			"translation": [0, 5, 3.75]
		},
		"thirdperson_lefthand": {
			"translation": [0, 5, 3.75]
		},
		"firstperson_righthand": {
			"rotation": [0, -59, 0],
			"translation": [0, 9.25, 0.25],
			"scale": [0.7, 0.7, 0.7]
		},
		"firstperson_lefthand": {
			"rotation": [0, -59, 0],
			"translation": [0, 9.25, 0.25],
			"scale": [0.7, 0.7, 0.7]
		},
		"ground": {
			"translation": [0, 10.5, 0]
		},
		"gui": {
			"translation": [-0.25, 7.25, 1.5]
		},
		"fixed": {
			"translation": [0, 7.5, 1.5]
		}
	},
	"groups": [
		{
			"name": "star",
			"origin": [8, 8, 8],
			"children": [0, 1, 2, 3, 4, 5, 6, 7, 8, 9, 10, 11]
		}
	]
}