{
	"credit": "Made with Blockbench",
	"textures": {
		"0": "31/handle",
		"1": "31/handlegrey",
		"2": "31/blade",
		"particle": "31/handle"
	},
	"elements": [
		{
			"from": [7.34722, 8.75, 1.90278],
			"to": [8.34722, 12.25, 3.90278],
			"rotation": {"angle": 0, "axis": "y", "origin": [6.34722, 7.73611, 7.5]},
			"faces": {
				"north": {"uv": [0, 0, 3.5, 1], "rotation": 270, "texture": "#2"},
				"east": {"uv": [0, 0, 2, 3.5], "rotation": 180, "texture": "#2"},
				"south": {"uv": [0, 0, 3.5, 1], "rotation": 90, "texture": "#2"},
				"west": {"uv": [0, 0, 2, 3.5], "texture": "#2"},
				"up": {"uv": [0, 0, 2, 1], "rotation": 90, "texture": "#2"},
				"down": {"uv": [0, 0, 2, 1], "rotation": 90, "texture": "#2"}
			}
		},
		{
			"from": [7.34722, 6.25, 1.15278],
			"to": [8.34722, 13, 1.90278],
			"rotation": {"angle": 0, "axis": "y", "origin": [6.34722, 7.73611, 7.5]},
			"faces": {
				"north": {"uv": [0, 0, 6.75, 1], "rotation": 270, "texture": "#2"},
				"east": {"uv": [0, 0, 0.75, 6.75], "rotation": 180, "texture": "#2"},
				"south": {"uv": [0, 0, 6.75, 1], "rotation": 90, "texture": "#2"},
				"west": {"uv": [0, 0, 0.75, 6.75], "texture": "#2"},
				"up": {"uv": [0, 0, 0.75, 1], "rotation": 90, "texture": "#2"},
				"down": {"uv": [0, 0, 0.75, 1], "rotation": 90, "texture": "#2"}
			}
		},
		{
			"from": [7.34722, -0.5, -0.84722],
			"to": [8.34722, 15.25, 0.15278],
			"rotation": {"angle": 0, "axis": "y", "origin": [6.34722, 7.73611, 7.5]},
			"faces": {
				"north": {"uv": [0, 0, 15.75, 1], "rotation": 270, "texture": "#2"},
				"east": {"uv": [0, 0, 1, 15.75], "rotation": 180, "texture": "#2"},
				"south": {"uv": [0, 0, 15.75, 1], "rotation": 90, "texture": "#2"},
				"west": {"uv": [0, 0, 1, 15.75], "texture": "#2"},
				"up": {"uv": [0, 0, 1, 1], "rotation": 90, "texture": "#2"},
				"down": {"uv": [0, 0, 1, 1], "rotation": 90, "texture": "#2"}
			}
		},
		{
			"from": [7.34722, 0.25, -1.84722],
			"to": [8.34722, 16.25, -0.84722],
			"rotation": {"angle": 0, "axis": "y", "origin": [6.34722, 7.73611, 7.5]},
			"faces": {
				"north": {"uv": [0, 0, 16, 1], "rotation": 270, "texture": "#2"},
				"east": {"uv": [0, 0, 1, 16], "rotation": 180, "texture": "#2"},
				"south": {"uv": [0, 0, 16, 1], "rotation": 90, "texture": "#2"},
				"west": {"uv": [0, 0, 1, 16], "texture": "#2"},
				"up": {"uv": [0, 0, 1, 1], "rotation": 90, "texture": "#2"},
				"down": {"uv": [0, 0, 1, 1], "rotation": 90, "texture": "#2"}
			}
		},
		{
			"from": [7.34722, 2, -2.84722],
			"to": [8.34722, 16.5, -1.84722],
			"rotation": {"angle": 0, "axis": "y", "origin": [6.34722, 7.73611, 7.5]},
			"faces": {
				"north": {"uv": [0, 0, 14.5, 1], "rotation": 270, "texture": "#2"},
				"east": {"uv": [0, 0, 1, 14.5], "rotation": 180, "texture": "#2"},
				"south": {"uv": [0, 0, 14.5, 1], "rotation": 90, "texture": "#2"},
				"west": {"uv": [0, 0, 1, 14.5], "texture": "#2"},
				"up": {"uv": [0, 0, 1, 1], "rotation": 90, "texture": "#2"},
				"down": {"uv": [0, 0, 1, 1], "rotation": 90, "texture": "#2"}
			}
		},
		{
			"from": [7.34722, 4.5, -3.84722],
			"to": [8.34722, 16.75, -2.84722],
			"rotation": {"angle": 0, "axis": "y", "origin": [6.34722, 7.73611, 7.5]},
			"faces": {
				"north": {"uv": [0, 0, 12.25, 1], "rotation": 270, "texture": "#2"},
				"east": {"uv": [0, 0, 1, 12.25], "rotation": 180, "texture": "#2"},
				"south": {"uv": [0, 0, 12.25, 1], "rotation": 90, "texture": "#2"},
				"west": {"uv": [0, 0, 1, 12.25], "texture": "#2"},
				"up": {"uv": [0, 0, 1, 1], "rotation": 90, "texture": "#2"},
				"down": {"uv": [0, 0, 1, 1], "rotation": 90, "texture": "#2"}
			}
		},
		{
			"from": [7.34722, 7.5, -4.84722],
			"to": [8.34722, 17, -3.84722],
			"rotation": {"angle": 0, "axis": "y", "origin": [6.34722, 7.73611, 7.5]},
			"faces": {
				"north": {"uv": [0, 0, 9.5, 1], "rotation": 270, "texture": "#2"},
				"east": {"uv": [0, 0, 1, 9.5], "rotation": 180, "texture": "#2"},
				"south": {"uv": [0, 0, 9.5, 1], "rotation": 90, "texture": "#2"},
				"west": {"uv": [0, 0, 1, 9.5], "texture": "#2"},
				"up": {"uv": [0, 0, 1, 1], "rotation": 90, "texture": "#2"},
				"down": {"uv": [0, 0, 1, 1], "rotation": 90, "texture": "#2"}
			}
		},
		{
			"from": [7.34722, 3.75, 0.15278],
			"to": [8.34722, 14, 1.15278],
			"rotation": {"angle": 0, "axis": "y", "origin": [6.34722, 7.73611, 7.5]},
			"faces": {
				"north": {"uv": [0, 0, 10.25, 1], "rotation": 270, "texture": "#2"},
				"east": {"uv": [0, 0, 1, 10.25], "rotation": 180, "texture": "#2"},
				"south": {"uv": [0, 0, 10.25, 1], "rotation": 90, "texture": "#2"},
				"west": {"uv": [0, 0, 1, 10.25], "texture": "#2"},
				"up": {"uv": [0, 0, 1, 1], "rotation": 90, "texture": "#2"},
				"down": {"uv": [0, 0, 1, 1], "rotation": 90, "texture": "#2"}
			}
		},
		{
			"from": [7.34722, 10, -5.84722],
			"to": [8.34722, 16.5, -4.84722],
			"rotation": {"angle": 0, "axis": "y", "origin": [6.34722, 7.73611, 7.5]},
			"faces": {
				"north": {"uv": [0, 0, 6.5, 1], "rotation": 270, "texture": "#2"},
				"east": {"uv": [0, 0, 1, 6.5], "rotation": 180, "texture": "#2"},
				"south": {"uv": [0, 0, 6.5, 1], "rotation": 90, "texture": "#2"},
				"west": {"uv": [0, 0, 1, 6.5], "texture": "#2"},
				"up": {"uv": [0, 0, 1, 1], "rotation": 90, "texture": "#2"},
				"down": {"uv": [0, 0, 1, 1], "rotation": 90, "texture": "#2"}
			}
		},
		{
			"from": [7.34722, 10, 4.90278],
			"to": [8.34722, 13.5, 6.90278],
			"rotation": {"angle": 0, "axis": "y", "origin": [6.34722, 7.73611, 7.5]},
			"faces": {
				"north": {"uv": [0, 0, 3.5, 1], "rotation": 270, "texture": "#2"},
				"east": {"uv": [0, 0, 2, 3.5], "rotation": 180, "texture": "#2"},
				"south": {"uv": [0, 0, 3.5, 1], "rotation": 90, "texture": "#2"},
				"west": {"uv": [0, 0, 2, 3.5], "texture": "#2"},
				"up": {"uv": [0, 0, 2, 1], "rotation": 90, "texture": "#2"},
				"down": {"uv": [0, 0, 2, 1], "rotation": 90, "texture": "#2"}
			}
		},
		{
			"from": [7.34722, 10, 6.90278],
			"to": [8.34722, 13, 8.90278],
			"rotation": {"angle": 0, "axis": "y", "origin": [6.34722, 7.73611, 7.5]},
			"faces": {
				"north": {"uv": [0, 0, 3, 1], "rotation": 270, "texture": "#2"},
				"east": {"uv": [0, 0, 2, 3], "rotation": 180, "texture": "#2"},
				"south": {"uv": [0, 0, 3, 1], "rotation": 90, "texture": "#2"},
				"west": {"uv": [0, 0, 2, 3], "texture": "#2"},
				"up": {"uv": [0, 0, 2, 1], "rotation": 90, "texture": "#2"},
				"down": {"uv": [0, 0, 2, 1], "rotation": 90, "texture": "#2"}
			}
		},
		{
			"from": [7.34722, 9.75, 8.90278],
			"to": [8.34722, 11.5, 10.65278],
			"rotation": {"angle": 0, "axis": "y", "origin": [6.34722, 7.73611, 7.5]},
			"faces": {
				"north": {"uv": [0, 0, 1.75, 1], "rotation": 270, "texture": "#2"},
				"east": {"uv": [0, 0, 1.75, 1.75], "rotation": 180, "texture": "#2"},
				"south": {"uv": [0, 0, 1.75, 1], "rotation": 90, "texture": "#2"},
				"west": {"uv": [0, 0, 1.75, 1.75], "texture": "#2"},
				"up": {"uv": [0, 0, 1.75, 1], "rotation": 90, "texture": "#2"},
				"down": {"uv": [0, 0, 1.75, 1], "rotation": 90, "texture": "#2"}
			}
		},
		{
			"from": [7.34722, 9.25, 10.40278],
			"to": [8.34722, 10.75, 12.40278],
			"rotation": {"angle": 0, "axis": "y", "origin": [6.34722, 7.73611, 7.5]},
			"faces": {
				"north": {"uv": [0, 0, 1.5, 1], "rotation": 270, "texture": "#2"},
				"east": {"uv": [0, 0, 2, 1.5], "rotation": 180, "texture": "#2"},
				"south": {"uv": [0, 0, 1.5, 1], "rotation": 90, "texture": "#2"},
				"west": {"uv": [0, 0, 2, 1.5], "texture": "#2"},
				"up": {"uv": [0, 0, 2, 1], "rotation": 90, "texture": "#2"},
				"down": {"uv": [0, 0, 2, 1], "rotation": 90, "texture": "#2"}
			}
		},
		{
			"from": [7.59722, -11, 4.15278],
			"to": [8.09722, -3, 4.65278],
			"rotation": {"angle": 0, "axis": "y", "origin": [6.34722, 7.73611, 7.5]},
			"faces": {
				"north": {"uv": [0, 0, 8, 0.5], "rotation": 270, "texture": "#0"},
				"east": {"uv": [0, 0, 0.5, 8], "rotation": 180, "texture": "#0"},
				"south": {"uv": [0, 0, 8, 0.5], "rotation": 90, "texture": "#0"},
				"west": {"uv": [0, 0, 0.5, 8], "texture": "#0"},
				"up": {"uv": [0, 0, 0.5, 0.5], "rotation": 90, "texture": "#0"},
				"down": {"uv": [0, 0, 0.5, 0.5], "rotation": 90, "texture": "#0"}
			}
		},
		{
			"from": [7.34722, -12, 3.90278],
			"to": [8.34722, -11, 4.90278],
			"rotation": {"angle": 0, "axis": "y", "origin": [6.34722, 7.73611, 7.5]},
			"faces": {
				"north": {"uv": [0, 0, 1, 1], "rotation": 270, "texture": "#1"},
				"east": {"uv": [0, 0, 1, 1], "rotation": 180, "texture": "#1"},
				"south": {"uv": [0, 0, 1, 1], "rotation": 90, "texture": "#1"},
				"west": {"uv": [0, 0, 1, 1], "texture": "#1"},
				"up": {"uv": [0, 0, 1, 1], "rotation": 90, "texture": "#1"},
				"down": {"uv": [0, 0, 1, 1], "rotation": 90, "texture": "#1"}
			}
		},
		{
			"from": [7.34722, -3, 3.90278],
			"to": [8.34722, 10, 4.90278],
			"rotation": {"angle": 0, "axis": "y", "origin": [6.34722, 7.73611, 7.5]},
			"faces": {
				"north": {"uv": [0, 0, 13, 1], "rotation": 270, "texture": "#1"},
				"east": {"uv": [0, 0, 1, 13], "rotation": 180, "texture": "#1"},
				"south": {"uv": [0, 0, 13, 1], "rotation": 90, "texture": "#1"},
				"west": {"uv": [0, 0, 1, 13], "texture": "#1"},
				"up": {"uv": [0, 0, 1, 1], "rotation": 90, "texture": "#1"},
				"down": {"uv": [0, 0, 1, 1], "rotation": 90, "texture": "#1"}
			}
		},
		{
			"from": [7.09722, -13.25, 3.65278],
			"to": [8.59722, -12, 5.15278],
			"rotation": {"angle": 0, "axis": "y", "origin": [6.34722, 7.73611, 7.5]},
			"faces": {
				"north": {"uv": [0, 0, 1.25, 1.5], "rotation": 270, "texture": "#1"},
				"east": {"uv": [0, 0, 1.5, 1.25], "rotation": 180, "texture": "#1"},
				"south": {"uv": [0, 0, 1.25, 1.5], "rotation": 90, "texture": "#1"},
				"west": {"uv": [0, 0, 1.5, 1.25], "texture": "#1"},
				"up": {"uv": [0, 0, 1.5, 1.5], "rotation": 90, "texture": "#1"},
				"down": {"uv": [0, 0, 1.5, 1.5], "rotation": 90, "texture": "#1"}
			}
		},
		{
			"from": [6.84722, 9.5, 3.40278],
			"to": [8.84722, 11.5, 5.40278],
			"rotation": {"angle": 0, "axis": "y", "origin": [6.34722, 7.73611, 7.5]},
			"faces": {
				"north": {"uv": [0, 0, 2, 2], "rotation": 270, "texture": "#1"},
				"east": {"uv": [0, 0, 2, 2], "rotation": 180, "texture": "#1"},
				"south": {"uv": [0, 0, 2, 2], "rotation": 90, "texture": "#1"},
				"west": {"uv": [0, 0, 2, 2], "texture": "#1"},
				"up": {"uv": [0, 0, 2, 2], "rotation": 90, "texture": "#1"},
				"down": {"uv": [0, 0, 2, 2], "rotation": 90, "texture": "#1"}
			}
		}
	],
	"display": {
		"thirdperson_righthand": {
			"translation": [0, 5, 5.25]
		},
		"thirdperson_lefthand": {
			"translation": [-0.5, 5, 5.25]
		},
		"firstperson_righthand": {
			"translation": [6.5, 6, 2]
		},
		"firstperson_lefthand": {
			"translation": [6.5, 6, 2]
		},
		"ground": {
			"translation": [0.25, 7.5, 3.5],
			"scale": [0.5, 0.5, 0.5]
		},
		"gui": {
			"rotation": [125, 125, -125],
			"translation": [2, 6.25, -2.5],
			"scale": [0.7, 0.7, 0.7]
		},
		"fixed": {
			"rotation": [125, 125, -125],
			"translation": [0, 6.25, -2.5],
			"scale": [0.8, 0.8, 0.8]
		}
	},
	"groups": [
		{
			"name": "axe",
			"origin": [8, 8, 8],
			"children": [
				{
					"name": "blade",
					"origin": [8, 8, 8],
					"children": [0, 1, 2, 3, 4, 5, 6, 7, 8, 9, 10, 11, 12]
				},
				{
					"name": "handle",
					"origin": [0, 0, 0],
					"children": [13, 14, 15, 16, 17]
				}
			]
		}
	]
}