{
	"credit": "Made with Blockbench",
	"textures": {
		"0": "37/blade",
		"1": "37/handle",
		"particle": "37/blade"
	},
	"elements": [
		{
			"from": [7.5, -14, 6],
			"to": [8.5, -6, 7],
			"rotation": {"angle": 0, "axis": "y", "origin": [8.5, -13, 14]},
			"faces": {
				"north": {"uv": [0, 0, 8, 1], "rotation": 90, "texture": "#1"},
				"east": {"uv": [0, 0, 1, 8], "texture": "#1"},
				"south": {"uv": [0, 0, 8, 1], "rotation": 270, "texture": "#1"},
				"west": {"uv": [0, 0, 1, 8], "rotation": 180, "texture": "#1"},
				"up": {"uv": [0, 0, 1, 1], "rotation": 270, "texture": "#1"},
				"down": {"uv": [0, 0, 1, 1], "rotation": 270, "texture": "#1"}
			}
		},
		{
			"from": [7.25, -6.25, 2.75],
			"to": [8.75, -1.25, 4.25],
			"rotation": {"angle": -45, "axis": "x", "origin": [8, -3, 6.5]},
			"faces": {
				"north": {"uv": [0, 0, 5, 1.5], "rotation": 90, "texture": "#1"},
				"east": {"uv": [0, 0, 1.5, 5], "texture": "#1"},
				"south": {"uv": [0, 0, 5, 1.5], "rotation": 270, "texture": "#1"},
				"west": {"uv": [0, 0, 1.5, 5], "rotation": 180, "texture": "#1"},
				"up": {"uv": [0, 0, 1.5, 1.5], "rotation": 270, "texture": "#1"},
				"down": {"uv": [0, 0, 1.5, 1.5], "rotation": 270, "texture": "#1"}
			}
		},
		{
			"from": [7.25, -15.25, 5.75],
			"to": [8.75, -13.75, 7.25],
			"rotation": {"angle": 0, "axis": "y", "origin": [8.5, -13, 14]},
			"faces": {
				"north": {"uv": [0, 0, 1.5, 1.5], "rotation": 90, "texture": "#1"},
				"east": {"uv": [0, 0, 1.5, 1.5], "texture": "#1"},
				"south": {"uv": [0, 0, 1.5, 1.5], "rotation": 270, "texture": "#1"},
				"west": {"uv": [0, 0, 1.5, 1.5], "rotation": 180, "texture": "#1"},
				"up": {"uv": [0, 0, 1.5, 1.5], "rotation": 270, "texture": "#1"},
				"down": {"uv": [0, 0, 1.5, 1.5], "rotation": 270, "texture": "#1"}
			}
		},
		{
			"from": [7.25, -6.75, 3],
			"to": [8.75, -5.25, 8.25],
			"rotation": {"angle": -45, "axis": "x", "origin": [8, -3, 6.5]},
			"faces": {
				"north": {"uv": [0, 0, 1.5, 1.5], "rotation": 90, "texture": "#1"},
				"east": {"uv": [0, 0, 1.5, 5.25], "rotation": 90, "texture": "#1"},
				"south": {"uv": [0, 0, 1.5, 1.5], "rotation": 270, "texture": "#1"},
				"west": {"uv": [0, 0, 1.5, 5.25], "rotation": 90, "texture": "#1"},
				"up": {"uv": [0, 0, 5.25, 1.5], "rotation": 270, "texture": "#1"},
				"down": {"uv": [0, 0, 5.25, 1.5], "rotation": 270, "texture": "#1"}
			}
		},
		{
			"from": [7.75, -6, 5],
			"to": [8.25, 18, 8],
			"rotation": {"angle": 0, "axis": "y", "origin": [8.5, -8, 14]},
			"faces": {
				"north": {"uv": [0, 0, 16, 0.5], "rotation": 90, "texture": "#0"},
				"east": {"uv": [0, 0, 3, 16], "texture": "#0"},
				"south": {"uv": [0, 0, 16, 0.5], "rotation": 270, "texture": "#0"},
				"west": {"uv": [0, 0, 3, 16], "rotation": 180, "texture": "#0"},
				"up": {"uv": [0, 0, 3, 0.5], "rotation": 270, "texture": "#0"},
				"down": {"uv": [0, 0, 3, 0.5], "rotation": 270, "texture": "#0"}
			}
		},
		{
			"from": [7.75, 18, 5.25],
			"to": [8.25, 19.75, 7.75],
			"rotation": {"angle": 0, "axis": "y", "origin": [8.5, -8, 14]},
			"faces": {
				"north": {"uv": [0, 0, 1.75, 0.5], "rotation": 90, "texture": "#0"},
				"east": {"uv": [0, 0, 2.5, 1.75], "texture": "#0"},
				"south": {"uv": [0, 0, 1.75, 0.5], "rotation": 270, "texture": "#0"},
				"west": {"uv": [0, 0, 2.5, 1.75], "rotation": 180, "texture": "#0"},
				"up": {"uv": [0, 0, 2.5, 0.5], "rotation": 270, "texture": "#0"},
				"down": {"uv": [0, 0, 2.5, 0.5], "rotation": 270, "texture": "#0"}
			}
		},
		{
			"from": [7.75, 19.75, 5.5],
			"to": [8.25, 20.75, 7.5],
			"rotation": {"angle": 0, "axis": "y", "origin": [8.5, -8, 14]},
			"faces": {
				"north": {"uv": [0, 0, 1, 0.5], "rotation": 90, "texture": "#0"},
				"east": {"uv": [0, 0, 2, 1], "texture": "#0"},
				"south": {"uv": [0, 0, 1, 0.5], "rotation": 270, "texture": "#0"},
				"west": {"uv": [0, 0, 2, 1], "rotation": 180, "texture": "#0"},
				"up": {"uv": [0, 0, 2, 0.5], "rotation": 270, "texture": "#0"},
				"down": {"uv": [0, 0, 2, 0.5], "rotation": 270, "texture": "#0"}
			}
		},
		{
			"from": [7.75, 20.75, 5.75],
			"to": [8.25, 21.5, 7.25],
			"rotation": {"angle": 0, "axis": "y", "origin": [8.5, -8, 14]},
			"faces": {
				"north": {"uv": [0, 0, 0.75, 0.5], "rotation": 90, "texture": "#0"},
				"east": {"uv": [0, 0, 1.5, 0.75], "texture": "#0"},
				"south": {"uv": [0, 0, 0.75, 0.5], "rotation": 270, "texture": "#0"},
				"west": {"uv": [0, 0, 1.5, 0.75], "rotation": 180, "texture": "#0"},
				"up": {"uv": [0, 0, 1.5, 0.5], "rotation": 270, "texture": "#0"},
				"down": {"uv": [0, 0, 1.5, 0.5], "rotation": 270, "texture": "#0"}
			}
		},
		{
			"from": [7.75, 21.5, 6],
			"to": [8.25, 22, 7],
			"rotation": {"angle": 0, "axis": "y", "origin": [8.5, -8, 14]},
			"faces": {
				"north": {"uv": [0, 0, 0.5, 0.5], "rotation": 90, "texture": "#0"},
				"east": {"uv": [0, 0, 1, 0.5], "texture": "#0"},
				"south": {"uv": [0, 0, 0.5, 0.5], "rotation": 270, "texture": "#0"},
				"west": {"uv": [0, 0, 1, 0.5], "rotation": 180, "texture": "#0"},
				"up": {"uv": [0, 0, 1, 0.5], "rotation": 270, "texture": "#0"},
				"down": {"uv": [0, 0, 1, 0.5], "rotation": 270, "texture": "#0"}
			}
		}
	],
	"display": {
		"thirdperson_righthand": {
			"translation": [0, 16.5, 3]
		},
		"thirdperson_lefthand": {
			"translation": [0, 16.5, 3]
		},
		"firstperson_righthand": {
			"translation": [3.5, 17.75, 0]
		},
		"firstperson_lefthand": {
			"translation": [3.5, 17.75, 0]
		},
		"ground": {
			"translation": [0, 20.25, 0]
		},
		"gui": {
			"rotation": [-107, 130, 110],
			"translation": [2.75, 2.25, -1.75],
			"scale": [0.6, 0.6, 0.6]
		},
		"fixed": {
			"rotation": [111, 129, -107],
			"translation": [0, 3.75, -1.75],
			"scale": [0.7, 0.7, 0.7]
		}
	},
	"groups": [
		{
			"name": "forceedge",
			"origin": [8, 8, 8],
			"children": [
				{
					"name": "handle",
					"origin": [8, 8, 8],
					"children": [0, 1, 2, 3]
				},
				{
					"name": "blade",
					"origin": [8, 8, 8],
					"children": [4, 5, 6, 7, 8]
				}
			]
		}
	]
}