{
	"credit": "Made with Blockbench",
	"textures": {
		"0": "24/sun",
		"particle": "24/sun"
	},
	"elements": [
		{
			"from": [4, 0, 5],
			"to": [12, 8, 5],
			"faces": {
				"north": {"uv": [0, 0, 16, 16], "rotation": 180, "texture": "#0"},
				"east": {"uv": [0, 0, 8, 0], "rotation": 90, "texture": "#0"},
				"south": {"uv": [0, 0, 16, 16], "texture": "#0"},
				"west": {"uv": [0, 0, 8, 0], "rotation": 270, "texture": "#0"},
				"up": {"uv": [0, 0, 8, 0], "texture": "#0"},
				"down": {"uv": [0, 0, 8, 0], "rotation": 180, "texture": "#0"}
			}
		}
	],
	"display": {
		"thirdperson_righthand": {
			"rotation": [0, 90, 0],
			"translation": [2.5, 6.25, 0]
		},
		"thirdperson_lefthand": {
			"rotation": [0, 90, 0],
			"translation": [2.5, 6.25, 0]
		},
		"firstperson_righthand": {
			"rotation": [0, 93, 0],
			"translation": [1.75, 6.75, 0.5]
		},
		"firstperson_lefthand": {
			"rotation": [0, 93, 0],
			"translation": [1.75, 6.75, 0.5]
		},
		"ground": {
			"translation": [0, 6, 0]
		},
		"gui": {
			"translation": [0, 7.5, 5.25],
			"scale": [1.8, 1.8, 1.8]
		},
		"fixed": {
			"translation": [0, 8.5, 5.25],
			"scale": [2, 2, 2]
		}
	}
}