{
	"credit": "Made with Blockbench",
	"textures": {
		"0": "39/texture",
		"particle": "39/texture"
	},
	"elements": [
		{
			"from": [7.5, -3.75, 4.75],
			"to": [8, 6.25, 5],
			"rotation": {"angle": 45, "axis": "z", "origin": [7.5, 1.25, 5]},
			"faces": {
				"north": {"uv": [0, 0, 0.5, 10], "rotation": 180, "texture": "#0"},
				"east": {"uv": [0, 0, 10, 0.25], "rotation": 90, "texture": "#0"},
				"south": {"uv": [0, 0, 0.5, 10], "texture": "#0"},
				"west": {"uv": [0, 0, 10, 0.25], "rotation": 270, "texture": "#0"},
				"up": {"uv": [0, 0, 0.5, 0.25], "texture": "#0"},
				"down": {"uv": [0, 0, 0.5, 0.25], "rotation": 180, "texture": "#0"}
			}
		},
		{
			"from": [3.75, 2.25, 4.75],
			"to": [4.25, 5.25, 5],
			"rotation": {"angle": 0, "axis": "y", "origin": [-1, -7.75, 5.5]},
			"faces": {
				"north": {"uv": [0, 0, 0.5, 3], "rotation": 180, "texture": "#0"},
				"east": {"uv": [0, 0, 3, 0.25], "rotation": 90, "texture": "#0"},
				"south": {"uv": [0, 0, 0.5, 3], "texture": "#0"},
				"west": {"uv": [0, 0, 3, 0.25], "rotation": 270, "texture": "#0"},
				"up": {"uv": [0, 0, 0.5, 0.25], "texture": "#0"},
				"down": {"uv": [0, 0, 0.5, 0.25], "rotation": 180, "texture": "#0"}
			}
		},
		{
			"from": [3.75, 4.75, 4.75],
			"to": [6.75, 5.25, 5],
			"rotation": {"angle": 0, "axis": "y", "origin": [4, 3.75, 5]},
			"faces": {
				"north": {"uv": [0, 0, 0.5, 3], "rotation": 270, "texture": "#0"},
				"east": {"uv": [0, 0, 0.5, 0.25], "rotation": 90, "texture": "#0"},
				"south": {"uv": [0, 0, 0.5, 3], "rotation": 270, "texture": "#0"},
				"west": {"uv": [0, 0, 0.5, 0.25], "rotation": 270, "texture": "#0"},
				"up": {"uv": [0, 0, 3, 0.25], "texture": "#0"},
				"down": {"uv": [0, 0, 3, 0.25], "rotation": 180, "texture": "#0"}
			}
		},
		{
			"from": [11.75, -4, 4.75],
			"to": [13.25, -1.5, 5],
			"rotation": {"angle": 45, "axis": "z", "origin": [12.5, -3.5, 5]},
			"faces": {
				"north": {"uv": [0, 0, 1.5, 2.5], "rotation": 180, "texture": "#0"},
				"east": {"uv": [0, 0, 2.5, 0.25], "rotation": 90, "texture": "#0"},
				"south": {"uv": [0, 0, 1.5, 2.5], "texture": "#0"},
				"west": {"uv": [0, 0, 2.5, 0.25], "rotation": 270, "texture": "#0"},
				"up": {"uv": [0, 0, 1.5, 0.25], "texture": "#0"},
				"down": {"uv": [0, 0, 1.5, 0.25], "rotation": 180, "texture": "#0"}
			}
		}
	],
	"display": {
		"thirdperson_righthand": {
			"rotation": [0, 90, -45],
			"translation": [3, 4.25, -3.75]
		},
		"thirdperson_lefthand": {
			"rotation": [0, -90, 45],
			"translation": [-3, 4.25, -3.75]
		},
		"firstperson_righthand": {
			"rotation": [0, -106, 0],
			"translation": [-2.5, 9.25, 1.5]
		},
		"firstperson_lefthand": {
			"rotation": [0, 106, 0],
			"translation": [4.25, 9.25, 1.5]
		},
		"ground": {
			"translation": [0, 9.75, 0]
		},
		"gui": {
			"translation": [-0.75, 12, 4.25],
			"scale": [1.5, 1.5, 1.5]
		},
		"fixed": {
			"translation": [-0.75, 12, 4.25],
			"scale": [1.5, 1.5, 1.5]
		}
	},
	"groups": [
		{
			"name": "arrow",
			"origin": [8, 8, 8],
			"children": [0, 1, 2, 3]
		}
	]
}