{
	"credit": "Made with Blockbench",
	"textures": {
		"0": "30/page",
		"1": "30/edge",
		"particle": "30/page"
	},
	"elements": [
		{
			"from": [11.25, -0.25, 1],
			"to": [13.25, 1.75, 2],
			"faces": {
				"north": {"uv": [0, 0, 2, 2], "texture": "#1"},
				"east": {"uv": [0, 0, 1, 2], "texture": "#1"},
				"south": {"uv": [0, 0, 2, 2], "texture": "#1"},
				"west": {"uv": [0, 0, 1, 2], "texture": "#1"},
				"up": {"uv": [0, 0, 2, 1], "texture": "#1"},
				"down": {"uv": [0, 0, 2, 1], "texture": "#1"}
			}
		},
		{
			"from": [11.25, -0.25, 9],
			"to": [13.25, 1.75, 10],
			"faces": {
				"north": {"uv": [0, 0, 2, 2], "texture": "#1"},
				"east": {"uv": [0, 0, 1, 2], "texture": "#1"},
				"south": {"uv": [0, 0, 2, 2], "texture": "#1"},
				"west": {"uv": [0, 0, 1, 2], "texture": "#1"},
				"up": {"uv": [0, 0, 2, 1], "texture": "#1"},
				"down": {"uv": [0, 0, 2, 1], "texture": "#1"}
			}
		},
		{
			"from": [11.5, 0, 2],
			"to": [13, 1.5, 9],
			"faces": {
				"north": {"uv": [0, 0, 1.5, 1.5], "texture": "#0"},
				"east": {"uv": [0, 0, 7, 1.5], "texture": "#0"},
				"south": {"uv": [0, 0, 1.5, 1.5], "texture": "#0"},
				"west": {"uv": [0, 0, 7, 1.5], "texture": "#0"},
				"up": {"uv": [0, 0, 1.5, 7], "texture": "#0"},
				"down": {"uv": [0, 0, 1.5, 7], "texture": "#0"}
			}
		},
		{
			"from": [2.25, -0.25, 7],
			"to": [4.25, 1.75, 8],
			"faces": {
				"north": {"uv": [0, 0, 2, 2], "texture": "#1"},
				"east": {"uv": [0, 0, 1, 2], "texture": "#1"},
				"south": {"uv": [0, 0, 2, 2], "texture": "#1"},
				"west": {"uv": [0, 0, 1, 2], "texture": "#1"},
				"up": {"uv": [0, 0, 2, 1], "texture": "#1"},
				"down": {"uv": [0, 0, 2, 1], "texture": "#1"}
			}
		},
		{
			"from": [2.25, -0.25, 15],
			"to": [4.25, 1.75, 16],
			"faces": {
				"north": {"uv": [0, 0, 2, 2], "texture": "#1"},
				"east": {"uv": [0, 0, 1, 2], "texture": "#1"},
				"south": {"uv": [0, 0, 2, 2], "texture": "#1"},
				"west": {"uv": [0, 0, 1, 2], "texture": "#1"},
				"up": {"uv": [0, 0, 2, 1], "texture": "#1"},
				"down": {"uv": [0, 0, 2, 1], "texture": "#1"}
			}
		},
		{
			"from": [2.5, 0, 8],
			"to": [4, 1.5, 15],
			"faces": {
				"north": {"uv": [0, 0, 1.5, 1.5], "texture": "#0"},
				"east": {"uv": [0, 0, 7, 1.5], "texture": "#0"},
				"south": {"uv": [0, 0, 1.5, 1.5], "texture": "#0"},
				"west": {"uv": [0, 0, 7, 1.5], "texture": "#0"},
				"up": {"uv": [0, 0, 1.5, 7], "texture": "#0"},
				"down": {"uv": [0, 0, 1.5, 7], "texture": "#0"}
			}
		},
		{
			"from": [11, 0, 2],
			"to": [12, 0, 9],
			"faces": {
				"north": {"uv": [0, 0, 1, 0], "texture": "#0"},
				"east": {"uv": [0, 0, 7, 0], "texture": "#0"},
				"south": {"uv": [0, 0, 1, 0], "texture": "#0"},
				"west": {"uv": [0, 0, 7, 0], "texture": "#0"},
				"up": {"uv": [0, 0, 1, 7], "texture": "#0"},
				"down": {"uv": [0, 0, 1, 7], "texture": "#0"}
			}
		},
		{
			"from": [10, 0, 3],
			"to": [11, 0, 10],
			"faces": {
				"north": {"uv": [0, 0, 1, 0], "texture": "#0"},
				"east": {"uv": [0, 0, 7, 0], "texture": "#0"},
				"south": {"uv": [0, 0, 1, 0], "texture": "#0"},
				"west": {"uv": [0, 0, 7, 0], "texture": "#0"},
				"up": {"uv": [0, 0, 1, 7], "texture": "#0"},
				"down": {"uv": [0, 0, 1, 7], "texture": "#0"}
			}
		},
		{
			"from": [9, 0, 4],
			"to": [10, 0, 11],
			"faces": {
				"north": {"uv": [0, 0, 1, 0], "texture": "#0"},
				"east": {"uv": [0, 0, 7, 0], "texture": "#0"},
				"south": {"uv": [0, 0, 1, 0], "texture": "#0"},
				"west": {"uv": [0, 0, 7, 0], "texture": "#0"},
				"up": {"uv": [0, 0, 1, 7], "texture": "#0"},
				"down": {"uv": [0, 0, 1, 7], "texture": "#0"}
			}
		},
		{
			"from": [8, 0, 4],
			"to": [9, 0, 11],
			"faces": {
				"north": {"uv": [0, 0, 1, 0], "texture": "#0"},
				"east": {"uv": [0, 0, 7, 0], "texture": "#0"},
				"south": {"uv": [0, 0, 1, 0], "texture": "#0"},
				"west": {"uv": [0, 0, 7, 0], "texture": "#0"},
				"up": {"uv": [0, 0, 1, 7], "texture": "#0"},
				"down": {"uv": [0, 0, 1, 7], "texture": "#0"}
			}
		},
		{
			"from": [7, 0, 5],
			"to": [8, 0, 12],
			"faces": {
				"north": {"uv": [0, 0, 1, 0], "texture": "#0"},
				"east": {"uv": [0, 0, 7, 0], "texture": "#0"},
				"south": {"uv": [0, 0, 1, 0], "texture": "#0"},
				"west": {"uv": [0, 0, 7, 0], "texture": "#0"},
				"up": {"uv": [0, 0, 1, 7], "texture": "#0"},
				"down": {"uv": [0, 0, 1, 7], "texture": "#0"}
			}
		},
		{
			"from": [6, 0, 6],
			"to": [7, 0, 13],
			"faces": {
				"north": {"uv": [0, 0, 1, 0], "texture": "#0"},
				"east": {"uv": [0, 0, 7, 0], "texture": "#0"},
				"south": {"uv": [0, 0, 1, 0], "texture": "#0"},
				"west": {"uv": [0, 0, 7, 0], "texture": "#0"},
				"up": {"uv": [0, 0, 1, 7], "texture": "#0"},
				"down": {"uv": [0, 0, 1, 7], "texture": "#0"}
			}
		},
		{
			"from": [5, 0, 7],
			"to": [6, 0, 14],
			"faces": {
				"north": {"uv": [0, 0, 1, 0], "texture": "#0"},
				"east": {"uv": [0, 0, 7, 0], "texture": "#0"},
				"south": {"uv": [0, 0, 1, 0], "texture": "#0"},
				"west": {"uv": [0, 0, 7, 0], "texture": "#0"},
				"up": {"uv": [0, 0, 1, 7], "texture": "#0"},
				"down": {"uv": [0, 0, 1, 7], "texture": "#0"}
			}
		},
		{
			"from": [4, 0, 8],
			"to": [5, 0, 15],
			"faces": {
				"north": {"uv": [0, 0, 1, 0], "texture": "#0"},
				"east": {"uv": [0, 0, 7, 0], "texture": "#0"},
				"south": {"uv": [0, 0, 1, 0], "texture": "#0"},
				"west": {"uv": [0, 0, 7, 0], "texture": "#0"},
				"up": {"uv": [0, 0, 1, 7], "texture": "#0"},
				"down": {"uv": [0, 0, 1, 7], "texture": "#0"}
			}
		}
	],
	"display": {
		"thirdperson_righthand": {
			"rotation": [-51, 0, -56],
			"translation": [-8.5, 0.75, 4.25],
			"scale": [1, -1, 1]
		},
		"thirdperson_lefthand": {
			"rotation": [-51, 0, -56],
			"translation": [-8.5, 0.75, 4.25],
			"scale": [-1, -1, 1]
		},
		"firstperson_righthand": {
			"rotation": [83, 28, 67],
			"translation": [-3.25, 3.25, 7],
			"scale": [-0.5, 0.5, 0.5]
		},
		"firstperson_lefthand": {
			"rotation": [83, 28, 67],
			"translation": [-3.25, 3.25, 7],
			"scale": [0.5, 0.5, 0.5]
		},
		"ground": {
			"translation": [0, 6.25, 0]
		},
		"gui": {
			"rotation": [-90, 0, 0],
			"translation": [0, -0.5, -10]
		},
		"fixed": {
			"rotation": [-90, 0, 0],
			"translation": [0, -0.5, -10],
			"scale": [1.2, 1.2, 1.2]
		}
	},
	"groups": [
		{
			"name": "scroll",
			"origin": [8, 8, 8],
			"children": [
				{
					"name": "cylinder",
					"origin": [8, 8, 8],
					"children": [0, 1, 2]
				},
				{
					"name": "cylinder",
					"origin": [8, 8, 8],
					"children": [3, 4, 5]
				},
				{
					"name": "page",
					"origin": [8, 8, 8],
					"children": [6, 7, 8, 9, 10, 11, 12, 13]
				}
			]
		}
	]
}