{
	"credit": "Made with Blockbench",
	"textures": {
		"0": "20/outline",
		"1": "20/scabbard",
		"2": "20/guard",
		"particle": "20/outline"
	},
	"elements": [
		{
			"from": [6.7625, 13.86396, 6.78383],
			"to": [7.7625, 17.36396, 7.78383],
			"rotation": {"angle": -45, "axis": "z", "origin": [6.0125, 15.36396, 7.28383]},
			"faces": {
				"north": {"uv": [0, 0, 1, 3.5], "rotation": 180, "texture": "#0"},
				"east": {"uv": [0, 0, 3.5, 1], "rotation": 90, "texture": "#0"},
				"south": {"uv": [0, 0, 1, 3.5], "texture": "#0"},
				"west": {"uv": [0, 0, 3.5, 1], "rotation": 270, "texture": "#0"},
				"up": {"uv": [0, 0, 1, 1], "texture": "#0"},
				"down": {"uv": [0, 0, 1, 1], "rotation": 180, "texture": "#0"}
			}
		},
		{
			"from": [8.0125, 13.11396, 6.78383],
			"to": [9.0125, 16.61396, 7.78383],
			"rotation": {"angle": 45, "axis": "z", "origin": [9.0125, 15.36396, 7.28383]},
			"faces": {
				"north": {"uv": [1, 0, 2, 3.5], "rotation": 180, "texture": "#0"},
				"east": {"uv": [3.5, 0, 7, 1], "rotation": 90, "texture": "#0"},
				"south": {"uv": [1, 0, 2, 3.5], "texture": "#0"},
				"west": {"uv": [3.5, 0, 7, 1], "rotation": 270, "texture": "#0"},
				"up": {"uv": [1, 0, 2, 1], "texture": "#0"},
				"down": {"uv": [1, 0, 2, 1], "rotation": 180, "texture": "#0"}
			}
		},
		{
			"from": [5.5125, 1.86396, 6.78383],
			"to": [6.5125, 13.86396, 7.78383],
			"rotation": {"angle": 0, "axis": "y", "origin": [-0.4875, -0.63604, 7.78383]},
			"faces": {
				"north": {"uv": [0, 0, 1, 12], "rotation": 180, "texture": "#0"},
				"east": {"uv": [0, 0, 12, 1], "rotation": 90, "texture": "#0"},
				"south": {"uv": [0, 0, 1, 12], "texture": "#0"},
				"west": {"uv": [0, 0, 12, 1], "rotation": 270, "texture": "#0"},
				"up": {"uv": [0, 0, 1, 1], "texture": "#0"},
				"down": {"uv": [0, 0, 1, 1], "rotation": 180, "texture": "#0"}
			}
		},
		{
			"from": [9.5125, 1.86396, 6.78383],
			"to": [10.5125, 13.86396, 7.78383],
			"rotation": {"angle": 0, "axis": "y", "origin": [-0.4875, -0.63604, 7.78383]},
			"faces": {
				"north": {"uv": [0, 0, 1, 12], "rotation": 180, "texture": "#0"},
				"east": {"uv": [0, 0, 12, 1], "rotation": 90, "texture": "#0"},
				"south": {"uv": [0, 0, 1, 12], "texture": "#0"},
				"west": {"uv": [0, 0, 12, 1], "rotation": 270, "texture": "#0"},
				"up": {"uv": [0, 0, 1, 1], "texture": "#0"},
				"down": {"uv": [0, 0, 1, 1], "rotation": 180, "texture": "#0"}
			}
		},
		{
			"from": [6.2625, 6.36396, 7.03383],
			"to": [9.5125, 13.36396, 7.53383],
			"rotation": {"angle": 0, "axis": "y", "origin": [-0.4875, -0.63604, 7.78383]},
			"faces": {
				"north": {"uv": [0, 0, 3.25, 7], "rotation": 180, "texture": "#0"},
				"east": {"uv": [0, 0, 7, 0.5], "rotation": 90, "texture": "#0"},
				"south": {"uv": [0, 0, 3.25, 7], "texture": "#0"},
				"west": {"uv": [0, 0, 7, 0.5], "rotation": 270, "texture": "#0"},
				"up": {"uv": [0, 0, 3.25, 0.5], "texture": "#0"},
				"down": {"uv": [0, 0, 3.25, 0.5], "rotation": 180, "texture": "#0"}
			}
		},
		{
			"from": [5.35565, 4, 6.78383],
			"to": [10.85565, 5, 7.78383],
			"rotation": {"angle": -22.5, "axis": "z", "origin": [0.35565, 9, 7.28383]},
			"faces": {
				"north": {"uv": [1, 5.5, 2, 11], "rotation": 270, "texture": "#2"},
				"east": {"uv": [2, 0, 3, 1], "rotation": 90, "texture": "#2"},
				"south": {"uv": [1, 5.5, 2, 11], "rotation": 270, "texture": "#2"},
				"west": {"uv": [2, 0, 3, 1], "rotation": 270, "texture": "#2"},
				"up": {"uv": [9, 0, 14.5, 1], "texture": "#2"},
				"down": {"uv": [0, 0, 16, 16], "rotation": 270, "texture": "#2"}
			}
		},
		{
			"from": [5.41935, 3.5, 6.78383],
			"to": [10.91935, 4.5, 7.78383],
			"rotation": {"angle": 22.5, "axis": "z", "origin": [14.66935, 9, 7.28383]},
			"faces": {
				"north": {"uv": [1, 0, 2, 5.5], "rotation": 270, "texture": "#2"},
				"east": {"uv": [1, 0, 2, 1], "rotation": 90, "texture": "#2"},
				"south": {"uv": [1, 0, 2, 5.5], "rotation": 270, "texture": "#2"},
				"west": {"uv": [1, 0, 2, 1], "rotation": 270, "texture": "#2"},
				"up": {"uv": [3.5, 0, 9, 1], "texture": "#2"},
				"down": {"uv": [3.5, 0, 9, 1], "rotation": 180, "texture": "#2"}
			}
		},
		{
			"from": [6.5125, 13.36396, 7.03383],
			"to": [9.5125, 14.36396, 7.53383],
			"rotation": {"angle": 0, "axis": "y", "origin": [-0.4875, -0.63604, 7.78383]},
			"faces": {
				"north": {"uv": [15, 0, 16, 1], "rotation": 180, "texture": "#1"},
				"east": {"uv": [0, 0, 1, 1], "rotation": 90, "texture": "#1"},
				"south": {"uv": [15, 0, 16, 1], "texture": "#1"},
				"west": {"uv": [0, 0, 1, 1], "rotation": 270, "texture": "#1"},
				"up": {"uv": [0, 0, 3, 1], "texture": "#1"},
				"down": {"uv": [0, 0, 3, 1], "rotation": 180, "texture": "#1"}
			}
		},
		{
			"from": [7.5125, 14.36396, 7.03383],
			"to": [8.5125, 15.36396, 7.53383],
			"rotation": {"angle": 0, "axis": "y", "origin": [-0.4875, -0.63604, 7.78383]},
			"faces": {
				"north": {"uv": [0, 0, 1, 1], "rotation": 180, "texture": "#1"},
				"east": {"uv": [0, 0, 1, 0.5], "rotation": 90, "texture": "#1"},
				"south": {"uv": [0, 0, 1, 1], "texture": "#1"},
				"west": {"uv": [0, 0, 1, 0.5], "rotation": 270, "texture": "#1"},
				"up": {"uv": [0, 0, 1, 0.5], "texture": "#1"},
				"down": {"uv": [0, 0, 1, 0.5], "rotation": 180, "texture": "#1"}
			}
		},
		{
			"from": [6.5125, 1.36396, 7.03383],
			"to": [9.5125, 6.36396, 7.53383],
			"rotation": {"angle": 0, "axis": "y", "origin": [-0.4875, -0.63604, 7.78383]},
			"faces": {
				"north": {"uv": [0, 0, 4, 6], "rotation": 180, "texture": "#1"},
				"east": {"uv": [0, 0, 5, 1], "rotation": 90, "texture": "#1"},
				"south": {"uv": [0, 0, 4, 6], "texture": "#1"},
				"west": {"uv": [0, 0, 5, 1], "rotation": 270, "texture": "#1"},
				"up": {"uv": [0, 0, 3, 1], "texture": "#1"},
				"down": {"uv": [0, 0, 3, 1], "rotation": 180, "texture": "#1"}
			}
		}
	],
	"display": {
		"thirdperson_righthand": {
			"rotation": [0, 90, 0],
			"translation": [0, 6.5, 2]
		},
		"thirdperson_lefthand": {
			"rotation": [0, 90, 0],
			"translation": [0, 6.5, 2]
		},
		"firstperson_righthand": {
			"rotation": [0, 32, 0],
			"translation": [2, 6.75, 0]
		},
		"firstperson_lefthand": {
			"rotation": [0, 32, 0],
			"translation": [2, 6.75, 0]
		},
		"ground": {
			"translation": [0, 4.25, 0]
		}
	},
	"groups": [
		{
			"name": "Avalon",
			"origin": [8, 8, 8],
			"children": [
				{
					"name": "Outline",
					"origin": [8, 8, 8],
					"children": [0, 1, 2, 3]
				},
				{
					"name": "Inside",
					"origin": [8, 8, 8],
					"children": [4]
				},
				{
					"name": "handle",
					"origin": [8, 8, 8],
					"children": [5, 6]
				},
				{
					"name": "top",
					"origin": [8, 8, 8],
					"children": [7, 8, 9]
				}
			]
		}
	]
}