{
	"credit": "Made with Blockbench",
	"textures": {
		"0": "44/texture",
		"1": "44/inside",
		"particle": "44/texture"
	},
	"elements": [
		{
			"from": [7.5, -2.75, 5],
			"to": [8.5, 6.75, 5.5],
			"rotation": {"angle": 0, "axis": "y", "origin": [0, -4, 0]},
			"faces": {
				"north": {"uv": [0, 0, 1, 9.5], "texture": "#1"},
				"east": {"uv": [0, 0, 0.5, 9.5], "texture": "#1"},
				"south": {"uv": [0, 0, 1, 9.5], "texture": "#1"},
				"west": {"uv": [0, 0, 0.5, 9.5], "texture": "#1"},
				"up": {"uv": [0, 0, 1, 0.5], "texture": "#1"},
				"down": {"uv": [0, 0, 1, 0.5], "texture": "#1"}
			}
		},
		{
			"from": [7.5, -2.75, 5],
			"to": [8.5, 6.75, 5.5],
			"rotation": {"angle": 0, "axis": "y", "origin": [0, -4, 0]},
			"faces": {
				"north": {"uv": [0, 0, 1, 9.5], "texture": "#1"},
				"east": {"uv": [0, 0, 0.5, 9.5], "texture": "#1"},
				"south": {"uv": [0, 0, 1, 9.5], "texture": "#1"},
				"west": {"uv": [0, 0, 0.5, 9.5], "texture": "#1"},
				"up": {"uv": [0, 0, 1, 0.5], "texture": "#1"},
				"down": {"uv": [0, 0, 1, 0.5], "texture": "#1"}
			}
		},
		{
			"from": [7.25, -0.25, 5],
			"to": [8.25, 1.75, 5.5],
			"rotation": {"angle": 45, "axis": "z", "origin": [7, 0.5, 6]},
			"faces": {
				"north": {"uv": [0, 0, 1, 2], "texture": "#1"},
				"east": {"uv": [0, 0, 0.5, 2], "texture": "#1"},
				"south": {"uv": [0, 0, 1, 2], "texture": "#1"},
				"west": {"uv": [0, 0, 0.5, 2], "texture": "#1"},
				"up": {"uv": [0, 0, 1, 0.5], "texture": "#1"},
				"down": {"uv": [0, 0, 1, 0.5], "texture": "#1"}
			}
		},
		{
			"from": [9.25, -0.25, 5],
			"to": [10.25, 1.75, 5.5],
			"rotation": {"angle": 45, "axis": "z", "origin": [7, 0.5, 6]},
			"faces": {
				"north": {"uv": [0, 0, 1, 2], "texture": "#1"},
				"east": {"uv": [0, 0, 0.5, 2], "texture": "#1"},
				"south": {"uv": [0, 0, 1, 2], "texture": "#1"},
				"west": {"uv": [0, 0, 0.5, 2], "texture": "#1"},
				"up": {"uv": [0, 0, 1, 0.5], "texture": "#1"},
				"down": {"uv": [0, 0, 1, 0.5], "texture": "#1"}
			}
		},
		{
			"from": [6.76777, 3.12132, 5],
			"to": [8.76777, 4.12132, 5.5],
			"rotation": {"angle": 45, "axis": "z", "origin": [8.76777, 2.62132, 6]},
			"faces": {
				"north": {"uv": [0, 0, 1, 2], "rotation": 90, "texture": "#1"},
				"east": {"uv": [0, 0, 1, 0.5], "rotation": 270, "texture": "#1"},
				"south": {"uv": [0, 0, 1, 2], "rotation": 270, "texture": "#1"},
				"west": {"uv": [0, 0, 1, 0.5], "rotation": 270, "texture": "#1"},
				"up": {"uv": [0, 0, 0.5, 2], "rotation": 270, "texture": "#1"},
				"down": {"uv": [0, 0, 0.5, 2], "rotation": 270, "texture": "#1"}
			}
		},
		{
			"from": [6.76777, 1.12132, 5],
			"to": [8.76777, 2.12132, 5.5],
			"rotation": {"angle": 45, "axis": "z", "origin": [8.76777, 2.62132, 6]},
			"faces": {
				"north": {"uv": [0, 0, 1, 2], "rotation": 90, "texture": "#1"},
				"east": {"uv": [0, 0, 1, 0.5], "rotation": 270, "texture": "#1"},
				"south": {"uv": [0, 0, 1, 2], "rotation": 270, "texture": "#1"},
				"west": {"uv": [0, 0, 1, 0.5], "rotation": 270, "texture": "#1"},
				"up": {"uv": [0, 0, 0.5, 2], "rotation": 270, "texture": "#1"},
				"down": {"uv": [0, 0, 0.5, 2], "rotation": 270, "texture": "#1"}
			}
		},
		{
			"from": [3.25, 1.5, 5],
			"to": [12.75, 2.5, 5.5],
			"rotation": {"angle": 0, "axis": "z", "origin": [8, 2, 6]},
			"faces": {
				"north": {"uv": [0, 0, 1, 9.5], "rotation": 90, "texture": "#1"},
				"east": {"uv": [0, 0, 1, 0.5], "rotation": 270, "texture": "#1"},
				"south": {"uv": [0, 0, 1, 9.5], "rotation": 270, "texture": "#1"},
				"west": {"uv": [0, 0, 1, 0.5], "rotation": 270, "texture": "#1"},
				"up": {"uv": [0, 0, 0.5, 9.5], "rotation": 270, "texture": "#1"},
				"down": {"uv": [0, 0, 0.5, 9.5], "rotation": 270, "texture": "#1"}
			}
		},
		{
			"from": [6.5, -4, 5],
			"to": [9.5, -3, 5.5],
			"rotation": {"angle": 22.5, "axis": "z", "origin": [8, 2, 6]},
			"faces": {
				"north": {"uv": [0, 0, 3, 1], "texture": "#0"},
				"east": {"uv": [0, 0, 0.5, 1], "texture": "#0"},
				"south": {"uv": [0, 0, 3, 1], "texture": "#0"},
				"west": {"uv": [0, 0, 0.5, 1], "texture": "#0"},
				"up": {"uv": [0, 0, 3, 0.5], "texture": "#0"},
				"down": {"uv": [0, 0, 3, 0.5], "texture": "#0"}
			}
		},
		{
			"from": [13, 0.5, 5],
			"to": [14, 3.5, 5.5],
			"rotation": {"angle": -45, "axis": "z", "origin": [8, 2, 6]},
			"faces": {
				"north": {"uv": [0, 0, 3, 1], "rotation": 90, "texture": "#0"},
				"east": {"uv": [0, 0, 3, 0.5], "rotation": 270, "texture": "#0"},
				"south": {"uv": [0, 0, 3, 1], "rotation": 270, "texture": "#0"},
				"west": {"uv": [0, 0, 3, 0.5], "rotation": 270, "texture": "#0"},
				"up": {"uv": [0, 0, 0.5, 1], "rotation": 270, "texture": "#0"},
				"down": {"uv": [0, 0, 0.5, 1], "rotation": 270, "texture": "#0"}
			}
		},
		{
			"from": [13, 0.5, 5],
			"to": [14, 3.5, 5.5],
			"rotation": {"angle": -22.5, "axis": "z", "origin": [8, 2, 6]},
			"faces": {
				"north": {"uv": [0, 0, 3, 1], "rotation": 90, "texture": "#0"},
				"east": {"uv": [0, 0, 3, 0.5], "rotation": 270, "texture": "#0"},
				"south": {"uv": [0, 0, 3, 1], "rotation": 270, "texture": "#0"},
				"west": {"uv": [0, 0, 3, 0.5], "rotation": 270, "texture": "#0"},
				"up": {"uv": [0, 0, 0.5, 1], "rotation": 270, "texture": "#0"},
				"down": {"uv": [0, 0, 0.5, 1], "rotation": 270, "texture": "#0"}
			}
		},
		{
			"from": [13, 0.5, 5],
			"to": [14, 3.5, 5.5],
			"rotation": {"angle": 0, "axis": "z", "origin": [8, 2, 6]},
			"faces": {
				"north": {"uv": [0, 0, 3, 1], "rotation": 90, "texture": "#0"},
				"east": {"uv": [0, 0, 3, 0.5], "rotation": 270, "texture": "#0"},
				"south": {"uv": [0, 0, 3, 1], "rotation": 270, "texture": "#0"},
				"west": {"uv": [0, 0, 3, 0.5], "rotation": 270, "texture": "#0"},
				"up": {"uv": [0, 0, 0.5, 1], "rotation": 270, "texture": "#0"},
				"down": {"uv": [0, 0, 0.5, 1], "rotation": 270, "texture": "#0"}
			}
		},
		{
			"from": [13, 0.5, 5],
			"to": [14, 3.5, 5.5],
			"rotation": {"angle": 22.5, "axis": "z", "origin": [8, 2, 6]},
			"faces": {
				"north": {"uv": [0, 0, 3, 1], "rotation": 90, "texture": "#0"},
				"east": {"uv": [0, 0, 3, 0.5], "rotation": 270, "texture": "#0"},
				"south": {"uv": [0, 0, 3, 1], "rotation": 270, "texture": "#0"},
				"west": {"uv": [0, 0, 3, 0.5], "rotation": 270, "texture": "#0"},
				"up": {"uv": [0, 0, 0.5, 1], "rotation": 270, "texture": "#0"},
				"down": {"uv": [0, 0, 0.5, 1], "rotation": 270, "texture": "#0"}
			}
		},
		{
			"from": [6.5, 7, 5],
			"to": [9.5, 8, 5.5],
			"rotation": {"angle": -45, "axis": "z", "origin": [8, 2, 6]},
			"faces": {
				"north": {"uv": [0, 0, 3, 1], "rotation": 180, "texture": "#0"},
				"east": {"uv": [0, 0, 0.5, 1], "rotation": 180, "texture": "#0"},
				"south": {"uv": [0, 0, 3, 1], "rotation": 180, "texture": "#0"},
				"west": {"uv": [0, 0, 0.5, 1], "rotation": 180, "texture": "#0"},
				"up": {"uv": [0, 0, 3, 0.5], "rotation": 180, "texture": "#0"},
				"down": {"uv": [0, 0, 3, 0.5], "rotation": 180, "texture": "#0"}
			}
		},
		{
			"from": [6.5, 7, 5],
			"to": [9.5, 8, 5.5],
			"rotation": {"angle": -22.5, "axis": "z", "origin": [8, 2, 6]},
			"faces": {
				"north": {"uv": [0, 0, 3, 1], "rotation": 180, "texture": "#0"},
				"east": {"uv": [0, 0, 0.5, 1], "rotation": 180, "texture": "#0"},
				"south": {"uv": [0, 0, 3, 1], "rotation": 180, "texture": "#0"},
				"west": {"uv": [0, 0, 0.5, 1], "rotation": 180, "texture": "#0"},
				"up": {"uv": [0, 0, 3, 0.5], "rotation": 180, "texture": "#0"},
				"down": {"uv": [0, 0, 3, 0.5], "rotation": 180, "texture": "#0"}
			}
		},
		{
			"from": [6.5, 7, 5],
			"to": [9.5, 8, 5.5],
			"rotation": {"angle": 0, "axis": "z", "origin": [8, 2, 6]},
			"faces": {
				"north": {"uv": [0, 0, 3, 1], "rotation": 180, "texture": "#0"},
				"east": {"uv": [0, 0, 0.5, 1], "rotation": 180, "texture": "#0"},
				"south": {"uv": [0, 0, 3, 1], "rotation": 180, "texture": "#0"},
				"west": {"uv": [0, 0, 0.5, 1], "rotation": 180, "texture": "#0"},
				"up": {"uv": [0, 0, 3, 0.5], "rotation": 180, "texture": "#0"},
				"down": {"uv": [0, 0, 3, 0.5], "rotation": 180, "texture": "#0"}
			}
		},
		{
			"from": [6.5, 7, 5],
			"to": [9.5, 8, 5.5],
			"rotation": {"angle": 22.5, "axis": "z", "origin": [8, 2, 6]},
			"faces": {
				"north": {"uv": [0, 0, 3, 1], "rotation": 180, "texture": "#0"},
				"east": {"uv": [0, 0, 0.5, 1], "rotation": 180, "texture": "#0"},
				"south": {"uv": [0, 0, 3, 1], "rotation": 180, "texture": "#0"},
				"west": {"uv": [0, 0, 0.5, 1], "rotation": 180, "texture": "#0"},
				"up": {"uv": [0, 0, 3, 0.5], "rotation": 180, "texture": "#0"},
				"down": {"uv": [0, 0, 3, 0.5], "rotation": 180, "texture": "#0"}
			}
		},
		{
			"from": [2, 0.5, 5],
			"to": [3, 3.5, 5.5],
			"rotation": {"angle": -45, "axis": "z", "origin": [8, 2, 6]},
			"faces": {
				"north": {"uv": [0, 0, 3, 1], "rotation": 270, "texture": "#0"},
				"east": {"uv": [0, 0, 3, 0.5], "rotation": 90, "texture": "#0"},
				"south": {"uv": [0, 0, 3, 1], "rotation": 90, "texture": "#0"},
				"west": {"uv": [0, 0, 3, 0.5], "rotation": 90, "texture": "#0"},
				"up": {"uv": [0, 0, 0.5, 1], "rotation": 90, "texture": "#0"},
				"down": {"uv": [0, 0, 0.5, 1], "rotation": 90, "texture": "#0"}
			}
		},
		{
			"from": [2, 0.5, 5],
			"to": [3, 3.5, 5.5],
			"rotation": {"angle": -22.5, "axis": "z", "origin": [8, 2, 6]},
			"faces": {
				"north": {"uv": [0, 0, 3, 1], "rotation": 270, "texture": "#0"},
				"east": {"uv": [0, 0, 3, 0.5], "rotation": 90, "texture": "#0"},
				"south": {"uv": [0, 0, 3, 1], "rotation": 90, "texture": "#0"},
				"west": {"uv": [0, 0, 3, 0.5], "rotation": 90, "texture": "#0"},
				"up": {"uv": [0, 0, 0.5, 1], "rotation": 90, "texture": "#0"},
				"down": {"uv": [0, 0, 0.5, 1], "rotation": 90, "texture": "#0"}
			}
		},
		{
			"from": [2, 0.5, 5],
			"to": [3, 3.5, 5.5],
			"rotation": {"angle": 0, "axis": "z", "origin": [8, 2, 6]},
			"faces": {
				"north": {"uv": [0, 0, 3, 1], "rotation": 270, "texture": "#0"},
				"east": {"uv": [0, 0, 3, 0.5], "rotation": 90, "texture": "#0"},
				"south": {"uv": [0, 0, 3, 1], "rotation": 90, "texture": "#0"},
				"west": {"uv": [0, 0, 3, 0.5], "rotation": 90, "texture": "#0"},
				"up": {"uv": [0, 0, 0.5, 1], "rotation": 90, "texture": "#0"},
				"down": {"uv": [0, 0, 0.5, 1], "rotation": 90, "texture": "#0"}
			}
		},
		{
			"from": [2, 0.5, 5],
			"to": [3, 3.5, 5.5],
			"rotation": {"angle": 22.5, "axis": "z", "origin": [8, 2, 6]},
			"faces": {
				"north": {"uv": [0, 0, 3, 1], "rotation": 270, "texture": "#0"},
				"east": {"uv": [0, 0, 3, 0.5], "rotation": 90, "texture": "#0"},
				"south": {"uv": [0, 0, 3, 1], "rotation": 90, "texture": "#0"},
				"west": {"uv": [0, 0, 3, 0.5], "rotation": 90, "texture": "#0"},
				"up": {"uv": [0, 0, 0.5, 1], "rotation": 90, "texture": "#0"},
				"down": {"uv": [0, 0, 0.5, 1], "rotation": 90, "texture": "#0"}
			}
		},
		{
			"from": [6.5, -4, 5],
			"to": [9.5, -3, 5.5],
			"rotation": {"angle": -45, "axis": "z", "origin": [8, 2, 6]},
			"faces": {
				"north": {"uv": [0, 0, 3, 1], "texture": "#0"},
				"east": {"uv": [0, 0, 0.5, 1], "texture": "#0"},
				"south": {"uv": [0, 0, 3, 1], "texture": "#0"},
				"west": {"uv": [0, 0, 0.5, 1], "texture": "#0"},
				"up": {"uv": [0, 0, 3, 0.5], "texture": "#0"},
				"down": {"uv": [0, 0, 3, 0.5], "texture": "#0"}
			}
		},
		{
			"from": [6.5, -4, 5],
			"to": [9.5, -3, 5.5],
			"rotation": {"angle": -22.5, "axis": "z", "origin": [8, 2, 6]},
			"faces": {
				"north": {"uv": [0, 0, 3, 1], "texture": "#0"},
				"east": {"uv": [0, 0, 0.5, 1], "texture": "#0"},
				"south": {"uv": [0, 0, 3, 1], "texture": "#0"},
				"west": {"uv": [0, 0, 0.5, 1], "texture": "#0"},
				"up": {"uv": [0, 0, 3, 0.5], "texture": "#0"},
				"down": {"uv": [0, 0, 3, 0.5], "texture": "#0"}
			}
		},
		{
			"from": [6.5, -4, 5],
			"to": [9.5, -3, 5.5],
			"rotation": {"angle": 0, "axis": "y", "origin": [8, 2, 6]},
			"faces": {
				"north": {"uv": [0, 0, 3, 1], "texture": "#0"},
				"east": {"uv": [0, 0, 0.5, 1], "texture": "#0"},
				"south": {"uv": [0, 0, 3, 1], "texture": "#0"},
				"west": {"uv": [0, 0, 0.5, 1], "texture": "#0"},
				"up": {"uv": [0, 0, 3, 0.5], "texture": "#0"},
				"down": {"uv": [0, 0, 3, 0.5], "texture": "#0"}
			}
		}
	],
	"display": {
		"thirdperson_righthand": {
			"translation": [0, 1.25, 0.75],
			"scale": [0.5, 0.5, 0.5]
		},
		"thirdperson_lefthand": {
			"translation": [0, 1.25, 0.75],
			"scale": [0.5, 0.5, 0.5]
		},
		"firstperson_righthand": {
			"rotation": [0, -50, 0],
			"translation": [-1, 8, 2]
		},
		"firstperson_lefthand": {
			"rotation": [0, -50, 0],
			"translation": [-1, 8, 2]
		},
		"ground": {
			"translation": [0, 10.5, 0]
		},
		"gui": {
			"translation": [0.25, 6.5, 2.25],
			"scale": [1.1, 1.1, 1.1]
		},
		"fixed": {
			"translation": [-0.25, 6.5, 2.25]
		}
	},
	"groups": [
		{
			"name": "magic",
			"origin": [8, 8, 8],
			"children": [
				{
					"name": "inside",
					"origin": [8, 8, 8],
					"children": [0, 1, 2, 3, 4, 5, 6]
				},
				{
					"name": "circle",
					"origin": [6, 6, 6],
					"children": [7, 8, 9, 10, 11, 12, 13, 14, 15, 16, 17, 18, 19, 20, 21, 22]
				}
			]
		}
	]
}