{
	"credit": "Made with Blockbench",
	"textures": {
		"0": "13/arm",
		"1": "13/band",
		"particle": "13/arm"
	},
	"elements": [
		{
			"from": [6, -2, 4],
			"to": [10, 5, 8],
			"faces": {
				"north": {"uv": [0, 0, 4, 7], "texture": "#0"},
				"east": {"uv": [0, 0, 4, 7], "texture": "#0"},
				"south": {"uv": [0, 0, 4, 7], "texture": "#0"},
				"west": {"uv": [0, 0, 4, 7], "texture": "#0"},
				"up": {"uv": [0, 0, 4, 4], "texture": "#0"},
				"down": {"uv": [0, 0, 4, 4], "texture": "#0"}
			}
		},
		{
			"from": [5.75, 2, 3.75],
			"to": [10.25, 3.5, 8.25],
			"faces": {
				"north": {"uv": [0, 0, 4.5, 1.5], "texture": "#1"},
				"east": {"uv": [0, 0, 4.5, 1.5], "texture": "#1"},
				"south": {"uv": [0, 0, 4.5, 1.5], "texture": "#1"},
				"west": {"uv": [0, 0, 4.5, 1.5], "texture": "#1"},
				"up": {"uv": [0, 0, 4.5, 4.5], "texture": "#1"},
				"down": {"uv": [0, 0, 4.5, 4.5], "texture": "#1"}
			}
		}
	],
	"display": {
		"thirdperson_righthand": {
			"rotation": [-89, 0, 0],
			"translation": [0, 0.25, -3.26],
			"scale": [1.05, 1.05, 1.05]
		},
		"thirdperson_lefthand": {
			"rotation": [-89, 0, 0],
			"translation": [0, 0.25, -3.26],
			"scale": [1.05, 1.05, 1.05]
		},
		"firstperson_righthand": {
			"rotation": [-29, 30, -7],
			"translation": [0.75, 8, -0.25]
		},
		"firstperson_lefthand": {
			"rotation": [-29, 30, -7],
			"translation": [0.75, 8, -0.25]
		},
		"ground": {
			"rotation": [-44, 0, 0],
			"translation": [-2, 6.25, -1.75]
		},
		"gui": {
			"rotation": [-3, 22, -44],
			"translation": [6.5, 6.5, -2],
			"scale": [1.25, 1.25, 1.25]
		},
		"fixed": {
			"rotation": [-3, 22, -44],
			"translation": [4.25, 6.5, -2]
		}
	},
	"groups": [
		{
			"name": "Arm",
			"origin": [8, 8, 8],
			"children": [0, 1]
		}
	]
}