{
	"credit": "Made with Blockbench",
	"textures": {
		"0": "11/emblem",
		"2": "11/pages",
		"3": "11/cover",
		"particle": "11/emblem"
	},
	"elements": [
		{
			"from": [8.75, -2.925, 4.425],
			"to": [9.75, 6.575, 11.425],
			"rotation": {"angle": 0, "axis": "z", "origin": [9, 1.75, 8.675]},
			"faces": {
				"north": {"uv": [0, 15, 9.75, 16], "rotation": 90, "texture": "#3"},
				"east": {"uv": [0, 0, 8.25, 9.75], "texture": "#3"},
				"south": {"uv": [0, 15, 9.75, 16], "rotation": 270, "texture": "#3"},
				"west": {"uv": [8, 6, 16.25, 15.75], "rotation": 180, "texture": "#3"},
				"up": {"uv": [0, 15, 8.25, 16], "rotation": 270, "texture": "#3"},
				"down": {"uv": [0, 15, 8.25, 16], "rotation": 270, "texture": "#3"}
			}
		},
		{
			"from": [6.75, -2.925, 4.425],
			"to": [7.75, 6.575, 11.425],
			"rotation": {"angle": 0, "axis": "z", "origin": [9, 1.75, 8.675]},
			"faces": {
				"north": {"uv": [0, 15, 9.75, 16], "rotation": 90, "texture": "#3"},
				"east": {"uv": [8, 6, 16.25, 15.75], "texture": "#3"},
				"south": {"uv": [0, 15, 9.75, 16], "rotation": 270, "texture": "#3"},
				"west": {"uv": [0, 0, 8.25, 9.75], "rotation": 180, "texture": "#3"},
				"up": {"uv": [0, 15, 8.25, 16], "rotation": 270, "texture": "#3"},
				"down": {"uv": [0, 15, 8.25, 16], "rotation": 270, "texture": "#3"}
			}
		},
		{
			"from": [6.75, -2.925, 3.175],
			"to": [9.75, 6.575, 4.425],
			"rotation": {"angle": 0, "axis": "z", "origin": [9, 1.75, 8.675]},
			"faces": {
				"north": {"uv": [0, 15, 9.75, 16], "rotation": 90, "texture": "#3"},
				"east": {"uv": [15, 6, 16.25, 15.75], "texture": "#3"},
				"south": {"uv": [0, 15, 9.75, 16], "rotation": 270, "texture": "#3"},
				"west": {"uv": [15, 6, 16.25, 15.75], "rotation": 180, "texture": "#3"},
				"up": {"uv": [0, 15, 1.25, 16], "rotation": 270, "texture": "#3"},
				"down": {"uv": [0, 15, 1.25, 16], "rotation": 270, "texture": "#3"}
			}
		},
		{
			"from": [7.75, -2.675, 4.425],
			"to": [8.75, 6.325, 11.175],
			"rotation": {"angle": 0, "axis": "z", "origin": [9, 1.75, 8.675]},
			"faces": {
				"north": {"uv": [0, 0, 9, 1], "rotation": 90, "texture": "#2"},
				"east": {"uv": [0, 0, 7.25, 9], "texture": "#2"},
				"south": {"uv": [0, 0, 9, 1], "rotation": 270, "texture": "#2"},
				"west": {"uv": [0, 0, 7.25, 9], "rotation": 180, "texture": "#2"},
				"up": {"uv": [0, 0, 7.25, 1], "rotation": 270, "texture": "#2"},
				"down": {"uv": [0, 0, 7.25, 1], "rotation": 270, "texture": "#2"}
			}
		},
		{
			"from": [6.5, 1.075, 6.425],
			"to": [6.75, 3.075, 8.425],
			"rotation": {"angle": 0, "axis": "z", "origin": [9, 1.75, 8.675]},
			"faces": {
				"north": {"uv": [0, 0, 2, 1], "rotation": 90, "texture": "#0"},
				"east": {"uv": [0, 0, 2, 2], "texture": "#0"},
				"south": {"uv": [0, 0, 2, 1], "rotation": 270, "texture": "#0"},
				"west": {"uv": [0, 0, 2, 2], "rotation": 180, "texture": "#0"},
				"up": {"uv": [0, 0, 2, 1], "rotation": 270, "texture": "#0"},
				"down": {"uv": [0, 0, 2, 1], "rotation": 270, "texture": "#0"}
			}
		}
	],
	"display": {
		"thirdperson_righthand": {
			"rotation": [19, 0, 0],
			"translation": [-0.25, 8.5, 3]
		},
		"thirdperson_lefthand": {
			"rotation": [19, 0, 0],
			"translation": [0.25, 8.5, 3]
		},
		"firstperson_righthand": {
			"rotation": [-9, 0, 0],
			"translation": [1.25, 7.25, -0.25],
			"scale": [0.7, 0.7, 0.7]
		},
		"firstperson_lefthand": {
			"rotation": [-9, 0, 0],
			"translation": [1.25, 7.25, -0.25],
			"scale": [-0.7, 0.7, 0.7]
		},
		"ground": {
			"translation": [0, 8, 0]
		},
		"gui": {
			"rotation": [14, 52, 0],
			"translation": [0.75, 7.25, 0],
			"scale": [1.2, 1.2, 1.2]
		},
		"fixed": {
			"rotation": [0, -91, 0],
			"translation": [-0.75, 7.75, -2]
		}
	},
	"groups": [
		{
			"name": "Book",
			"origin": [8, 8, 8],
			"children": [
				{
					"name": "Book Cover",
					"origin": [8, 8, 8],
					"children": [0, 1, 2]
				},
				{
					"name": "Pages",
					"origin": [8, 8, 8],
					"children": [3]
				},
				{
					"name": "Emblem",
					"origin": [8, 8, 8],
					"children": [4]
				}
			]
		}
	]
}