{
	"credit": "Made with Blockbench",
	"textures": {
		"2": "2/trigger",
		"4": "2/barrel",
		"particle": "2/hammer"
	},
	"elements": [
		{
			"name": "tamping rod",
			"from": [9, -1, -1],
			"to": [11, 0, 7],
			"faces": {
				"north": {"uv": [0, 0, 1, 1], "texture": "#2"},
				"east": {"uv": [0, 0, 3, 1], "texture": "#2"},
				"south": {"uv": [0, 0, 1, 1], "texture": "#2"},
				"west": {"uv": [0, 0, 3, 1], "texture": "#2"},
				"up": {"uv": [0, 0, 3, 1], "rotation": 270, "texture": "#2"},
				"down": {"uv": [0, 0, 3, 1], "rotation": 90, "texture": "#2"}
			}
		},
		{
			"name": "tamping rod",
			"from": [4, -1, -1],
			"to": [6, 0, 7],
			"faces": {
				"north": {"uv": [0, 0, 1, 1], "texture": "#2"},
				"east": {"uv": [0, 0, 3, 1], "texture": "#2"},
				"south": {"uv": [0, 0, 1, 1], "texture": "#2"},
				"west": {"uv": [0, 0, 3, 1], "texture": "#2"},
				"up": {"uv": [0, 0, 3, 1], "rotation": 270, "texture": "#2"},
				"down": {"uv": [0, 0, 3, 1], "rotation": 90, "texture": "#2"}
			}
		},
		{
			"name": "barrel1",
			"from": [4, 0, -1],
			"to": [6, 7, 12],
			"faces": {
				"north": {"uv": [0, 0, 1, 3], "texture": "#4"},
				"east": {"uv": [0, 0, 13, 1], "texture": "#4"},
				"south": {"uv": [0, 0, 1, 3], "texture": "#4"},
				"west": {"uv": [0, 0, 13, 3], "texture": "#4"},
				"up": {"uv": [0, 0, 13, 1], "rotation": 270, "texture": "#4"},
				"down": {"uv": [0, 0, 13, 1], "rotation": 90, "texture": "#4"}
			}
		},
		{
			"name": "barrel3",
			"from": [4, 0, -1],
			"to": [11, 2, 12],
			"faces": {
				"north": {"uv": [0, 0, 1, 3], "texture": "#4"},
				"east": {"uv": [0, 0, 13, 1], "texture": "#4"},
				"south": {"uv": [0, 0, 1, 3], "texture": "#4"},
				"west": {"uv": [0, 0, 13, 3], "texture": "#4"},
				"up": {"uv": [0, 0, 13, 1], "rotation": 270, "texture": "#4"},
				"down": {"uv": [0, 0, 13, 1], "rotation": 90, "texture": "#4"}
			}
		},
		{
			"name": "barrel4",
			"from": [4, 5, -1],
			"to": [11, 7, 12],
			"faces": {
				"north": {"uv": [0, 0, 1, 3], "texture": "#4"},
				"east": {"uv": [0, 0, 13, 1], "texture": "#4"},
				"south": {"uv": [0, 0, 1, 3], "texture": "#4"},
				"west": {"uv": [0, 0, 13, 3], "texture": "#4"},
				"up": {"uv": [0, 0, 13, 1], "rotation": 270, "texture": "#4"},
				"down": {"uv": [0, 0, 13, 1], "rotation": 90, "texture": "#4"}
			}
		},
		{
			"name": "barrel2",
			"from": [9, 0, -1],
			"to": [11, 7, 12],
			"faces": {
				"north": {"uv": [0, 0, 1, 3], "texture": "#4"},
				"east": {"uv": [0, 0, 13, 3], "texture": "#4"},
				"south": {"uv": [0, 0, 1, 3], "texture": "#4"},
				"west": {"uv": [0, 0, 13, 3], "texture": "#4"},
				"up": {"uv": [0, 0, 13, 1], "rotation": 270, "texture": "#4"},
				"down": {"uv": [0, 0, 13, 1], "rotation": 90, "texture": "#4"}
			}
		},
		{
			"from": [4, 0, 12],
			"to": [5, 1, 15.75],
			"color": 7,
			"faces": {
				"north": {"uv": [0, 0, 1, 1], "texture": "#missing"},
				"east": {"uv": [0, 0, 3.75, 1], "texture": "#missing"},
				"south": {"uv": [0, 0, 1, 1], "texture": "#missing"},
				"west": {"uv": [0, 0, 3.75, 1], "texture": "#missing"},
				"up": {"uv": [0, 0, 1, 3.75], "texture": "#missing"},
				"down": {"uv": [0, 0, 1, 3.75], "texture": "#missing"}
			}
		},
		{
			"from": [10, 0, 12],
			"to": [11, 1, 15.75],
			"color": 7,
			"faces": {
				"north": {"uv": [0, 0, 1, 1], "texture": "#missing"},
				"east": {"uv": [0, 0, 3.75, 1], "texture": "#missing"},
				"south": {"uv": [0, 0, 1, 1], "texture": "#missing"},
				"west": {"uv": [0, 0, 3.75, 1], "texture": "#missing"},
				"up": {"uv": [0, 0, 1, 3.75], "texture": "#missing"},
				"down": {"uv": [0, 0, 1, 3.75], "texture": "#missing"}
			}
		},
		{
			"from": [4, 0, 14],
			"to": [5, 7, 15],
			"color": 7,
			"faces": {
				"north": {"uv": [0, 0, 1, 7], "texture": "#missing"},
				"east": {"uv": [0, 0, 1, 7], "texture": "#missing"},
				"south": {"uv": [0, 0, 1, 7], "texture": "#missing"},
				"west": {"uv": [0, 0, 1, 7], "texture": "#missing"},
				"up": {"uv": [0, 0, 1, 1], "texture": "#missing"},
				"down": {"uv": [0, 0, 1, 1], "texture": "#missing"}
			}
		},
		{
			"from": [10, 0, 14],
			"to": [11, 7, 15],
			"color": 7,
			"faces": {
				"north": {"uv": [0, 0, 1, 7], "texture": "#missing"},
				"east": {"uv": [0, 0, 1, 7], "texture": "#missing"},
				"south": {"uv": [0, 0, 1, 7], "texture": "#missing"},
				"west": {"uv": [0, 0, 1, 7], "texture": "#missing"},
				"up": {"uv": [0, 0, 1, 1], "texture": "#missing"},
				"down": {"uv": [0, 0, 1, 1], "texture": "#missing"}
			}
		},
		{
			"from": [4, 6, 14],
			"to": [11, 7, 15],
			"color": 7,
			"faces": {
				"north": {"uv": [0, 0, 7, 1], "texture": "#missing"},
				"east": {"uv": [0, 0, 1, 1], "texture": "#missing"},
				"south": {"uv": [0, 0, 7, 1], "texture": "#missing"},
				"west": {"uv": [0, 0, 1, 1], "texture": "#missing"},
				"up": {"uv": [0, 0, 7, 1], "texture": "#missing"},
				"down": {"uv": [0, 0, 7, 1], "texture": "#missing"}
			}
		}
	],
	"display": {
		"thirdperson_righthand": {
			"translation": [0.25, 1.5, 4.5],
			"scale": [0.75, 0.75, 0.75]
		},
		"thirdperson_lefthand": {
			"translation": [0.25, 1.5, 4.5],
			"scale": [0.75, 0.75, 0.75]
		},
		"firstperson_righthand": {
			"translation": [0, 5.5, -3.5]
		},
		"firstperson_lefthand": {
			"translation": [0, 5.5, -3.5]
		},
		"ground": {
			"translation": [0, 5.75, 0]
		},
		"gui": {
			"rotation": [30, 145, 25],
			"translation": [2.25, 4.75, 0]
		},
		"head": {
			"translation": [0, 9, -10.25]
		},
		"fixed": {
			"rotation": [30, 145, 25],
			"translation": [2.25, 4.75, 0]
		}
	},
	"groups": [0, 1,
		{
			"name": "barrel",
			"origin": [8, 8, 8],
			"children": [2, 3, 4, 5, 6, 7, 8, 9, 10]
		}
	]
}