{
	"credit": "Made with Blockbench",
	"textures": {
		"0": "41/texture",
		"particle": "41/texture"
	},
	"elements": [
		{
			"from": [0, -5.875, 4.875],
			"to": [16, 10.125, 5.125],
			"rotation": {"angle": 0, "axis": "x", "origin": [8, 0.125, 8]},
			"faces": {
				"north": {"uv": [0, 0, 16, 16], "rotation": 180, "texture": "#0"},
				"east": {"uv": [0, 0, 16, 0.25], "rotation": 90, "texture": "#0"},
				"south": {"uv": [0, 0, 0, 0], "texture": "#0"},
				"west": {"uv": [0, 0, 16, 0.25], "rotation": 270, "texture": "#0"},
				"up": {"uv": [0, 0, 16, 0.25], "texture": "#0"},
				"down": {"uv": [0, 0, 16, 0.25], "rotation": 180, "texture": "#0"}
			}
		}
	],
	"display": {
		"thirdperson_righthand": {
			"translation": [0, 0, 0.75],
			"scale": [0.3, 0.3, 0.3]
		},
		"thirdperson_lefthand": {
			"translation": [0, 0, 0.75],
			"scale": [0.3, 0.3, 0.3]
		},
		"firstperson_righthand": {
			"rotation": [0, -71, 0],
			"translation": [0, 8, -0.5],
			"scale": [-0.5, 0.5, -0.5]
		},
		"firstperson_lefthand": {
			"rotation": [0, -71, 0],
			"translation": [0, 8, 0.5],
			"scale": [0.5, 0.5, -0.5]
		},
		"ground": {
			"translation": [0, 9.75, 0]
		},
		"gui": {
			"translation": [0.5, 6.75, 4],
			"scale": [-1, 1, -1]
		},
		"fixed": {
			"translation": [0.5, 6.75, 2.5]
		}
	}
}