{
	"credit": "Made with Blockbench",
	"textures": {
		"0": "74/black",
		"1": "74/skull",
		"particle": "74/black"
	},
	"elements": [
		{
			"from": [4.5, -3, 5.25],
			"to": [11.5, 7, 5.75],
			"rotation": {"angle": 0, "axis": "y", "origin": [0, -6, 6]},
			"faces": {
				"north": {"uv": [0, 0.96, 7, 10.96], "rotation": 180, "texture": "#1"},
				"east": {"uv": [0, 0, 10, 0.5], "rotation": 90, "texture": "#1"},
				"south": {"uv": [0, 0.96, 7, 10.96], "rotation": 180, "texture": "#1"},
				"west": {"uv": [0, 0, 10, 0.5], "rotation": 270, "texture": "#1"},
				"up": {"uv": [0, 0, 7, 0.5], "texture": "#1"},
				"down": {"uv": [0, 0, 7, 0.5], "rotation": 180, "texture": "#1"}
			}
		},
		{
			"from": [3, -1.5, 5.25],
			"to": [4.5, 5.5, 5.75],
			"rotation": {"angle": 0, "axis": "y", "origin": [0, -6, 6]},
			"faces": {
				"north": {"uv": [0, 0, 1.5, 7], "rotation": 180, "texture": "#0"},
				"east": {"uv": [0, 0, 7, 0.5], "rotation": 90, "texture": "#0"},
				"south": {"uv": [0, 0, 1.5, 7], "texture": "#0"},
				"west": {"uv": [0, 0, 7, 0.5], "rotation": 270, "texture": "#0"},
				"up": {"uv": [0, 0, 1.5, 0.5], "texture": "#0"},
				"down": {"uv": [0, 0, 1.5, 0.5], "rotation": 180, "texture": "#0"}
			}
		},
		{
			"from": [11.5, -1.5, 5.25],
			"to": [13, 5.5, 5.75],
			"rotation": {"angle": 0, "axis": "y", "origin": [0, -6, 6]},
			"faces": {
				"north": {"uv": [0, 0, 1.5, 7], "rotation": 180, "texture": "#0"},
				"east": {"uv": [0, 0, 7, 0.5], "rotation": 90, "texture": "#0"},
				"south": {"uv": [0, 0, 1.5, 7], "texture": "#0"},
				"west": {"uv": [0, 0, 7, 0.5], "rotation": 270, "texture": "#0"},
				"up": {"uv": [0, 0, 1.5, 0.5], "texture": "#0"},
				"down": {"uv": [0, 0, 1.5, 0.5], "rotation": 180, "texture": "#0"}
			}
		},
		{
			"from": [6.5, -4, 5.25],
			"to": [9.5, -3, 5.75],
			"rotation": {"angle": -45, "axis": "z", "origin": [8, 2, 5.5]},
			"faces": {
				"north": {"uv": [0, 0, 3, 1], "rotation": 180, "texture": "#0"},
				"east": {"uv": [0, 0, 1, 0.5], "rotation": 90, "texture": "#0"},
				"south": {"uv": [0, 0, 3, 1], "texture": "#0"},
				"west": {"uv": [0, 0, 1, 0.5], "rotation": 270, "texture": "#0"},
				"up": {"uv": [0, 0, 3, 0.5], "texture": "#0"},
				"down": {"uv": [0, 0, 3, 0.5], "rotation": 180, "texture": "#0"}
			}
		},
		{
			"from": [2, 0.5, 5.25],
			"to": [3, 3.5, 5.75],
			"rotation": {"angle": 22.5, "axis": "z", "origin": [8, 2, 5.5]},
			"faces": {
				"north": {"uv": [0, 0, 3, 1], "rotation": 90, "texture": "#0"},
				"east": {"uv": [0, 0, 3, 0.5], "rotation": 90, "texture": "#0"},
				"south": {"uv": [0, 0, 3, 1], "rotation": 90, "texture": "#0"},
				"west": {"uv": [0, 0, 3, 0.5], "rotation": 270, "texture": "#0"},
				"up": {"uv": [0, 0, 1, 0.5], "texture": "#0"},
				"down": {"uv": [0, 0, 1, 0.5], "rotation": 180, "texture": "#0"}
			}
		},
		{
			"from": [2, 0.5, 5.25],
			"to": [3, 3.5, 5.75],
			"rotation": {"angle": 0, "axis": "y", "origin": [8, 2, 5.5]},
			"faces": {
				"north": {"uv": [0, 0, 3, 1], "rotation": 90, "texture": "#0"},
				"east": {"uv": [0, 0, 3, 0.5], "rotation": 90, "texture": "#0"},
				"south": {"uv": [0, 0, 3, 1], "rotation": 90, "texture": "#0"},
				"west": {"uv": [0, 0, 3, 0.5], "rotation": 270, "texture": "#0"},
				"up": {"uv": [0, 0, 1, 0.5], "texture": "#0"},
				"down": {"uv": [0, 0, 1, 0.5], "rotation": 180, "texture": "#0"}
			}
		},
		{
			"from": [2, 0.5, 5.25],
			"to": [3, 3.5, 5.75],
			"rotation": {"angle": -22.5, "axis": "z", "origin": [8, 2, 5.5]},
			"faces": {
				"north": {"uv": [0, 0, 3, 1], "rotation": 90, "texture": "#0"},
				"east": {"uv": [0, 0, 3, 0.5], "rotation": 90, "texture": "#0"},
				"south": {"uv": [0, 0, 3, 1], "rotation": 90, "texture": "#0"},
				"west": {"uv": [0, 0, 3, 0.5], "rotation": 270, "texture": "#0"},
				"up": {"uv": [0, 0, 1, 0.5], "texture": "#0"},
				"down": {"uv": [0, 0, 1, 0.5], "rotation": 180, "texture": "#0"}
			}
		},
		{
			"from": [2, 0.5, 5.25],
			"to": [3, 3.5, 5.75],
			"rotation": {"angle": -45, "axis": "z", "origin": [8, 2, 5.5]},
			"faces": {
				"north": {"uv": [0, 0, 3, 1], "rotation": 90, "texture": "#0"},
				"east": {"uv": [0, 0, 3, 0.5], "rotation": 90, "texture": "#0"},
				"south": {"uv": [0, 0, 3, 1], "rotation": 90, "texture": "#0"},
				"west": {"uv": [0, 0, 3, 0.5], "rotation": 270, "texture": "#0"},
				"up": {"uv": [0, 0, 1, 0.5], "texture": "#0"},
				"down": {"uv": [0, 0, 1, 0.5], "rotation": 180, "texture": "#0"}
			}
		},
		{
			"from": [6.5, 7, 5.25],
			"to": [9.5, 8, 5.75],
			"rotation": {"angle": 22.5, "axis": "z", "origin": [8, 2, 5.5]},
			"faces": {
				"north": {"uv": [0, 0, 3, 1], "texture": "#0"},
				"east": {"uv": [0, 0, 1, 0.5], "rotation": 90, "texture": "#0"},
				"south": {"uv": [0, 0, 3, 1], "rotation": 180, "texture": "#0"},
				"west": {"uv": [0, 0, 1, 0.5], "rotation": 270, "texture": "#0"},
				"up": {"uv": [0, 0, 3, 0.5], "texture": "#0"},
				"down": {"uv": [0, 0, 3, 0.5], "rotation": 180, "texture": "#0"}
			}
		},
		{
			"from": [6.5, 7, 5.25],
			"to": [9.5, 8, 5.75],
			"rotation": {"angle": 0, "axis": "y", "origin": [8, 2, 5.5]},
			"faces": {
				"north": {"uv": [0, 0, 3, 1], "texture": "#0"},
				"east": {"uv": [0, 0, 1, 0.5], "rotation": 90, "texture": "#0"},
				"south": {"uv": [0, 0, 3, 1], "rotation": 180, "texture": "#0"},
				"west": {"uv": [0, 0, 1, 0.5], "rotation": 270, "texture": "#0"},
				"up": {"uv": [0, 0, 3, 0.5], "texture": "#0"},
				"down": {"uv": [0, 0, 3, 0.5], "rotation": 180, "texture": "#0"}
			}
		},
		{
			"from": [6.5, 7, 5.25],
			"to": [9.5, 8, 5.75],
			"rotation": {"angle": -22.5, "axis": "z", "origin": [8, 2, 5.5]},
			"faces": {
				"north": {"uv": [0, 0, 3, 1], "texture": "#0"},
				"east": {"uv": [0, 0, 1, 0.5], "rotation": 90, "texture": "#0"},
				"south": {"uv": [0, 0, 3, 1], "rotation": 180, "texture": "#0"},
				"west": {"uv": [0, 0, 1, 0.5], "rotation": 270, "texture": "#0"},
				"up": {"uv": [0, 0, 3, 0.5], "texture": "#0"},
				"down": {"uv": [0, 0, 3, 0.5], "rotation": 180, "texture": "#0"}
			}
		},
		{
			"from": [6.5, 7, 5.25],
			"to": [9.5, 8, 5.75],
			"rotation": {"angle": -45, "axis": "z", "origin": [8, 2, 5.5]},
			"faces": {
				"north": {"uv": [0, 0, 3, 1], "texture": "#0"},
				"east": {"uv": [0, 0, 1, 0.5], "rotation": 90, "texture": "#0"},
				"south": {"uv": [0, 0, 3, 1], "rotation": 180, "texture": "#0"},
				"west": {"uv": [0, 0, 1, 0.5], "rotation": 270, "texture": "#0"},
				"up": {"uv": [0, 0, 3, 0.5], "texture": "#0"},
				"down": {"uv": [0, 0, 3, 0.5], "rotation": 180, "texture": "#0"}
			}
		},
		{
			"from": [13, 0.5, 5.25],
			"to": [14, 3.5, 5.75],
			"rotation": {"angle": 22.5, "axis": "z", "origin": [8, 2, 5.5]},
			"faces": {
				"north": {"uv": [0, 0, 3, 1], "rotation": 270, "texture": "#0"},
				"east": {"uv": [0, 0, 3, 0.5], "rotation": 90, "texture": "#0"},
				"south": {"uv": [0, 0, 3, 1], "rotation": 270, "texture": "#0"},
				"west": {"uv": [0, 0, 3, 0.5], "rotation": 270, "texture": "#0"},
				"up": {"uv": [0, 0, 1, 0.5], "texture": "#0"},
				"down": {"uv": [0, 0, 1, 0.5], "rotation": 180, "texture": "#0"}
			}
		},
		{
			"from": [13, 0.5, 5.25],
			"to": [14, 3.5, 5.75],
			"rotation": {"angle": 0, "axis": "y", "origin": [8, 2, 5.5]},
			"faces": {
				"north": {"uv": [0, 0, 3, 1], "rotation": 270, "texture": "#0"},
				"east": {"uv": [0, 0, 3, 0.5], "rotation": 90, "texture": "#0"},
				"south": {"uv": [0, 0, 3, 1], "rotation": 270, "texture": "#0"},
				"west": {"uv": [0, 0, 3, 0.5], "rotation": 270, "texture": "#0"},
				"up": {"uv": [0, 0, 1, 0.5], "texture": "#0"},
				"down": {"uv": [0, 0, 1, 0.5], "rotation": 180, "texture": "#0"}
			}
		},
		{
			"from": [13, 0.5, 5.25],
			"to": [14, 3.5, 5.75],
			"rotation": {"angle": -22.5, "axis": "z", "origin": [8, 2, 5.5]},
			"faces": {
				"north": {"uv": [0, 0, 3, 1], "rotation": 270, "texture": "#0"},
				"east": {"uv": [0, 0, 3, 0.5], "rotation": 90, "texture": "#0"},
				"south": {"uv": [0, 0, 3, 1], "rotation": 270, "texture": "#0"},
				"west": {"uv": [0, 0, 3, 0.5], "rotation": 270, "texture": "#0"},
				"up": {"uv": [0, 0, 1, 0.5], "texture": "#0"},
				"down": {"uv": [0, 0, 1, 0.5], "rotation": 180, "texture": "#0"}
			}
		},
		{
			"from": [13, 0.5, 5.25],
			"to": [14, 3.5, 5.75],
			"rotation": {"angle": -45, "axis": "z", "origin": [8, 2, 5.5]},
			"faces": {
				"north": {"uv": [0, 0, 3, 1], "rotation": 270, "texture": "#0"},
				"east": {"uv": [0, 0, 3, 0.5], "rotation": 90, "texture": "#0"},
				"south": {"uv": [0, 0, 3, 1], "rotation": 270, "texture": "#0"},
				"west": {"uv": [0, 0, 3, 0.5], "rotation": 270, "texture": "#0"},
				"up": {"uv": [0, 0, 1, 0.5], "texture": "#0"},
				"down": {"uv": [0, 0, 1, 0.5], "rotation": 180, "texture": "#0"}
			}
		},
		{
			"from": [6.5, -4, 5.25],
			"to": [9.5, -3, 5.75],
			"rotation": {"angle": 22.5, "axis": "z", "origin": [8, 2, 5.5]},
			"faces": {
				"north": {"uv": [0, 0, 3, 1], "rotation": 180, "texture": "#0"},
				"east": {"uv": [0, 0, 1, 0.5], "rotation": 90, "texture": "#0"},
				"south": {"uv": [0, 0, 3, 1], "texture": "#0"},
				"west": {"uv": [0, 0, 1, 0.5], "rotation": 270, "texture": "#0"},
				"up": {"uv": [0, 0, 3, 0.5], "texture": "#0"},
				"down": {"uv": [0, 0, 3, 0.5], "rotation": 180, "texture": "#0"}
			}
		},
		{
			"from": [6.5, -4, 5.25],
			"to": [9.5, -3, 5.75],
			"rotation": {"angle": 0, "axis": "y", "origin": [8, 2, 5.5]},
			"faces": {
				"north": {"uv": [0, 0, 3, 1], "rotation": 180, "texture": "#0"},
				"east": {"uv": [0, 0, 1, 0.5], "rotation": 90, "texture": "#0"},
				"south": {"uv": [0, 0, 3, 1], "texture": "#0"},
				"west": {"uv": [0, 0, 1, 0.5], "rotation": 270, "texture": "#0"},
				"up": {"uv": [0, 0, 3, 0.5], "texture": "#0"},
				"down": {"uv": [0, 0, 3, 0.5], "rotation": 180, "texture": "#0"}
			}
		},
		{
			"from": [6.5, -4, 5.25],
			"to": [9.5, -3, 5.75],
			"rotation": {"angle": -22.5, "axis": "z", "origin": [8, 2, 5.5]},
			"faces": {
				"north": {"uv": [0, 0, 3, 1], "rotation": 180, "texture": "#0"},
				"east": {"uv": [0, 0, 1, 0.5], "rotation": 90, "texture": "#0"},
				"south": {"uv": [0, 0, 3, 1], "texture": "#0"},
				"west": {"uv": [0, 0, 1, 0.5], "rotation": 270, "texture": "#0"},
				"up": {"uv": [0, 0, 3, 0.5], "texture": "#0"},
				"down": {"uv": [0, 0, 3, 0.5], "rotation": 180, "texture": "#0"}
			}
		}
	],
	"display": {
		"thirdperson_righthand": {
			"translation": [0, 1, 1],
			"scale": [0.5, 0.5, 0.5]
		},
		"thirdperson_lefthand": {
			"translation": [0, 1, 1],
			"scale": [0.5, 0.5, 0.5]
		},
		"firstperson_righthand": {
			"rotation": [0, -90, 0],
			"translation": [-0.5, 8, -0.25],
			"scale": [0.7, 0.7, 0.7]
		},
		"firstperson_lefthand": {
			"rotation": [0, -90, 0],
			"translation": [-0.5, 8, -0.25],
			"scale": [0.7, 0.7, 0.7]
		},
		"ground": {
			"translation": [0, 10, 0]
		},
		"gui": {
			"translation": [0, 6, 0]
		},
		"fixed": {
			"translation": [0, 7, 1.25]
		}
	},
	"groups": [
		{
			"name": "atom",
			"origin": [8, 8, 8],
			"children": [
				{
					"name": "inside",
					"origin": [8, 8, 8],
					"children": [0, 1, 2]
				},
				{
					"name": "circle",
					"origin": [8, 8, 8],
					"children": [3, 4, 5, 6, 7, 8, 9, 10, 11, 12, 13, 14, 15, 16, 17, 18]
				}
			]
		}
	]
}