{
	"credit": "Made with Blockbench",
	"texture_size": [32, 32],
	"textures": {
		"0": "9/lampbar",
		"1": "9/lampbottom",
		"2": "9/lamplight",
		"particle": "9/lamplight"
	},
	"elements": [
		{
			"from": [7, -7, 7],
			"to": [8, 11.25, 8],
			"faces": {
				"north": {"uv": [0.5, 1, 1, 10], "texture": "#0"},
				"east": {"uv": [0, 1, 0.5, 10], "texture": "#0"},
				"south": {"uv": [1.5, 1, 2, 10], "texture": "#0"},
				"west": {"uv": [1, 1, 1.5, 10], "texture": "#0"},
				"up": {"uv": [1, 1, 0.5, 0.5], "texture": "#0"},
				"down": {"uv": [1.5, 0.5, 1, 1], "texture": "#0"}
			}
		},
		{
			"from": [6.75, -8.25, 6.75],
			"to": [8.25, -7, 8.25],
			"faces": {
				"north": {"uv": [0.5, 1.25, 1, 1.75], "texture": "#1"},
				"east": {"uv": [0, 1.25, 0.5, 1.75], "texture": "#1"},
				"south": {"uv": [1.5, 1.25, 2, 1.75], "texture": "#1"},
				"west": {"uv": [1, 1.25, 1.5, 1.75], "texture": "#1"},
				"up": {"uv": [1, 1.25, 0.5, 0.75], "texture": "#1"},
				"down": {"uv": [1.5, 0.75, 1, 1.25], "texture": "#1"}
			}
		},
		{
			"from": [5, 10.25, 5],
			"to": [10, 17, 10],
			"rotation": {"angle": 0, "axis": "y", "origin": [7.5, 13.625, 7.5]},
			"faces": {
				"north": {"uv": [6.5, 5.5, 9, 8.5], "texture": "#2"},
				"east": {"uv": [4, 5.5, 6.5, 8.5], "texture": "#2"},
				"south": {"uv": [11.5, 5.5, 14, 8.5], "texture": "#2"},
				"west": {"uv": [9, 5.5, 11.5, 8.5], "texture": "#2"},
				"up": {"uv": [9, 5.5, 6.5, 3], "texture": "#2"},
				"down": {"uv": [11.5, 3, 9, 5.5], "texture": "#2"}
			}
		}
	],
	"display": {
		"thirdperson_righthand": {
			"translation": [0, 4.5, 2.25]
		},
		"thirdperson_lefthand": {
			"translation": [-1, 4.5, 2.25]
		},
		"firstperson_righthand": {
			"rotation": [-33, 0, 0],
			"translation": [1.75, 2.75, 1.25]
		},
		"firstperson_lefthand": {
			"rotation": [-33, 0, 0],
			"translation": [1.75, 2.75, 1.25]
		},
		"ground": {
			"rotation": [77, 0, 0]
		},
		"gui": {
			"rotation": [0, 26, -42],
			"translation": [2.25, 1.25, 0],
			"scale": [0.8, 0.8, 0.8]
		}
	},
	"groups": [
		{
			"name": "Lamp",
			"origin": [8, 8, 8],
			"children": [0,
				{
					"name": "Bottom",
					"origin": [8, 8, 8],
					"children": [1]
				},
				{
					"name": "Top",
					"origin": [8, 8, 8],
					"children": []
				}
			]
		}, 2]
}