{
	"credit": "Made with Blockbench",
	"textures": {
		"0": "65/handle",
		"1": "65/handle2",
		"2": "65/blade",
		"particle": "65/handle"
	},
	"elements": [
		{
			"from": [7.75, -14.23402, 6.48402],
			"to": [8.25, -7.23402, 6.98402],
			"rotation": {"angle": 0, "axis": "x", "origin": [8, 3.5, 6.73402]},
			"faces": {
				"north": {"uv": [0, 0, 7, 0.5], "rotation": 270, "texture": "#1"},
				"east": {"uv": [0, 0, 0.5, 7], "rotation": 180, "texture": "#1"},
				"south": {"uv": [0, 0, 7, 0.5], "rotation": 90, "texture": "#1"},
				"west": {"uv": [0, 0, 0.5, 7], "texture": "#1"},
				"up": {"uv": [0, 0, 0.5, 0.5], "rotation": 90, "texture": "#1"},
				"down": {"uv": [0, 0, 0.5, 0.5], "rotation": 90, "texture": "#1"}
			}
		},
		{
			"from": [7.5, -15.23402, 6.23402],
			"to": [8.5, -14.23402, 7.23402],
			"rotation": {"angle": 0, "axis": "x", "origin": [8, 3.5, 6.73402]},
			"faces": {
				"north": {"uv": [0, 0, 1, 1], "rotation": 270, "texture": "#0"},
				"east": {"uv": [0, 0, 1, 1], "rotation": 180, "texture": "#0"},
				"south": {"uv": [0, 0, 1, 1], "rotation": 90, "texture": "#0"},
				"west": {"uv": [0, 0, 1, 1], "texture": "#0"},
				"up": {"uv": [0, 0, 1, 1], "rotation": 90, "texture": "#0"},
				"down": {"uv": [0, 0, 1, 1], "rotation": 90, "texture": "#0"}
			}
		},
		{
			"from": [7.5, -7.23402, 6.23402],
			"to": [8.5, -6.23402, 7.23402],
			"rotation": {"angle": 0, "axis": "x", "origin": [8, 3.5, 6.73402]},
			"faces": {
				"north": {"uv": [0, 0, 1, 1], "rotation": 270, "texture": "#0"},
				"east": {"uv": [0, 0, 1, 1], "rotation": 180, "texture": "#0"},
				"south": {"uv": [0, 0, 1, 1], "rotation": 90, "texture": "#0"},
				"west": {"uv": [0, 0, 1, 1], "texture": "#0"},
				"up": {"uv": [0, 0, 1, 1], "rotation": 90, "texture": "#0"},
				"down": {"uv": [0, 0, 1, 1], "rotation": 90, "texture": "#0"}
			}
		},
		{
			"from": [7.5, -6.48402, 5.48402],
			"to": [8.5, -4.98402, 7.98402],
			"rotation": {"angle": 0, "axis": "x", "origin": [8, 3.5, 6.73402]},
			"faces": {
				"north": {"uv": [0, 0, 1.5, 1], "rotation": 270, "texture": "#0"},
				"east": {"uv": [0, 0, 2.5, 1.5], "rotation": 180, "texture": "#0"},
				"south": {"uv": [0, 0, 1.5, 1], "rotation": 90, "texture": "#0"},
				"west": {"uv": [0, 0, 2.5, 1.5], "texture": "#0"},
				"up": {"uv": [0, 0, 2.5, 1], "rotation": 90, "texture": "#0"},
				"down": {"uv": [0, 0, 2.5, 1], "rotation": 90, "texture": "#0"}
			}
		},
		{
			"from": [7.5, -4.98402, 5.73402],
			"to": [8.5, -4.23402, 7.73402],
			"rotation": {"angle": 0, "axis": "x", "origin": [8, 3.5, 6.73402]},
			"faces": {
				"north": {"uv": [0, 0, 0.75, 1], "rotation": 270, "texture": "#0"},
				"east": {"uv": [0, 0, 2, 0.75], "rotation": 180, "texture": "#0"},
				"south": {"uv": [0, 0, 0.75, 1], "rotation": 90, "texture": "#0"},
				"west": {"uv": [0, 0, 2, 0.75], "texture": "#0"},
				"up": {"uv": [0, 0, 2, 1], "rotation": 90, "texture": "#0"},
				"down": {"uv": [0, 0, 2, 1], "rotation": 90, "texture": "#0"}
			}
		},
		{
			"from": [7.5, -4.23402, 4.48402],
			"to": [8.5, -3.48402, 8.98402],
			"rotation": {"angle": 0, "axis": "x", "origin": [8, 3.5, 6.73402]},
			"faces": {
				"north": {"uv": [0, 0, 0.75, 1], "rotation": 270, "texture": "#0"},
				"east": {"uv": [0, 0, 4.5, 0.75], "rotation": 180, "texture": "#0"},
				"south": {"uv": [0, 0, 0.75, 1], "rotation": 90, "texture": "#0"},
				"west": {"uv": [0, 0, 4.5, 0.75], "texture": "#0"},
				"up": {"uv": [0, 0, 4.5, 1], "rotation": 90, "texture": "#0"},
				"down": {"uv": [0, 0, 4.5, 1], "rotation": 90, "texture": "#0"}
			}
		},
		{
			"from": [7.5, -3.48402, 5.48402],
			"to": [8.5, -0.73402, 7.98402],
			"rotation": {"angle": 0, "axis": "x", "origin": [8, 3.5, 6.73402]},
			"faces": {
				"north": {"uv": [0, 0, 2.75, 1], "rotation": 270, "texture": "#0"},
				"east": {"uv": [0, 0, 2.5, 2.75], "rotation": 180, "texture": "#0"},
				"south": {"uv": [0, 0, 2.75, 1], "rotation": 90, "texture": "#0"},
				"west": {"uv": [0, 0, 2.5, 2.75], "texture": "#0"},
				"up": {"uv": [0, 0, 2.5, 1], "rotation": 90, "texture": "#0"},
				"down": {"uv": [0, 0, 2.5, 1], "rotation": 90, "texture": "#0"}
			}
		},
		{
			"from": [7.5, -0.73402, 5.73402],
			"to": [8.5, 2.01598, 7.73402],
			"rotation": {"angle": 0, "axis": "x", "origin": [8, 3.5, 6.73402]},
			"faces": {
				"north": {"uv": [0, 0, 2.75, 1], "rotation": 270, "texture": "#0"},
				"east": {"uv": [0, 0, 2, 2.75], "rotation": 180, "texture": "#0"},
				"south": {"uv": [0, 0, 2.75, 1], "rotation": 90, "texture": "#0"},
				"west": {"uv": [0, 0, 2, 2.75], "texture": "#0"},
				"up": {"uv": [0, 0, 2, 1], "rotation": 90, "texture": "#0"},
				"down": {"uv": [0, 0, 2, 1], "rotation": 90, "texture": "#0"}
			}
		},
		{
			"from": [7.5, -0.73402, 4.73402],
			"to": [8.5, 1.51598, 5.73402],
			"rotation": {"angle": 0, "axis": "x", "origin": [8, 3.5, 6.73402]},
			"faces": {
				"north": {"uv": [0, 0, 2.25, 1], "rotation": 270, "texture": "#0"},
				"east": {"uv": [0, 0, 1, 2.25], "rotation": 180, "texture": "#0"},
				"south": {"uv": [0, 0, 2.25, 1], "rotation": 90, "texture": "#0"},
				"west": {"uv": [0, 0, 1, 2.25], "texture": "#0"},
				"up": {"uv": [0, 0, 1, 1], "rotation": 90, "texture": "#0"},
				"down": {"uv": [0, 0, 1, 1], "rotation": 90, "texture": "#0"}
			}
		},
		{
			"from": [7.5, -0.73402, 7.73402],
			"to": [8.5, 1.51598, 8.73402],
			"rotation": {"angle": 0, "axis": "x", "origin": [8, 3.5, 6.73402]},
			"faces": {
				"north": {"uv": [0, 0, 2.25, 1], "rotation": 270, "texture": "#0"},
				"east": {"uv": [0, 0, 1, 2.25], "rotation": 180, "texture": "#0"},
				"south": {"uv": [0, 0, 2.25, 1], "rotation": 90, "texture": "#0"},
				"west": {"uv": [0, 0, 1, 2.25], "texture": "#0"},
				"up": {"uv": [0, 0, 1, 1], "rotation": 90, "texture": "#0"},
				"down": {"uv": [0, 0, 1, 1], "rotation": 90, "texture": "#0"}
			}
		},
		{
			"from": [7.5, 2.01598, 5.98402],
			"to": [8.5, 4.76598, 7.48402],
			"rotation": {"angle": 0, "axis": "x", "origin": [8, 3.5, 6.73402]},
			"faces": {
				"north": {"uv": [0, 0, 2.75, 1], "rotation": 270, "texture": "#0"},
				"east": {"uv": [0, 0, 1.5, 2.75], "rotation": 180, "texture": "#0"},
				"south": {"uv": [0, 0, 2.75, 1], "rotation": 90, "texture": "#0"},
				"west": {"uv": [0, 0, 1.5, 2.75], "texture": "#0"},
				"up": {"uv": [0, 0, 1.5, 1], "rotation": 90, "texture": "#0"},
				"down": {"uv": [0, 0, 1.5, 1], "rotation": 90, "texture": "#0"}
			}
		},
		{
			"from": [7.5, -5.92917, 5.49608],
			"to": [8.5, -4.92917, 9.49608],
			"rotation": {"angle": 22.5, "axis": "x", "origin": [8, 3.5, 6.73402]},
			"faces": {
				"north": {"uv": [0, 0, 1, 1], "rotation": 270, "texture": "#0"},
				"east": {"uv": [0, 0, 4, 1], "rotation": 180, "texture": "#0"},
				"south": {"uv": [0, 0, 1, 1], "rotation": 90, "texture": "#0"},
				"west": {"uv": [0, 0, 4, 1], "texture": "#0"},
				"up": {"uv": [0, 0, 4, 1], "rotation": 90, "texture": "#0"},
				"down": {"uv": [0, 0, 4, 1], "rotation": 90, "texture": "#0"}
			}
		},
		{
			"from": [7.5, -2.39563, 13.30192],
			"to": [8.5, -0.39563, 14.30192],
			"rotation": {"angle": 22.5, "axis": "x", "origin": [8, 3.5, 6.73402]},
			"faces": {
				"north": {"uv": [2, 0, 4, 1], "rotation": 270, "texture": "#0"},
				"east": {"uv": [0, 1, 2, 2], "rotation": 90, "texture": "#0"},
				"south": {"uv": [2, 0, 4, 1], "rotation": 90, "texture": "#0"},
				"west": {"uv": [0, 1, 2, 2], "rotation": 90, "texture": "#0"},
				"up": {"uv": [1, 0, 2, 1], "rotation": 90, "texture": "#0"},
				"down": {"uv": [1, 0, 2, 1], "rotation": 90, "texture": "#0"}
			}
		},
		{
			"from": [7.5, -2.39563, -0.83389],
			"to": [8.5, -0.39563, 0.16611],
			"rotation": {"angle": -22.5, "axis": "x", "origin": [8, 3.5, 6.73402]},
			"faces": {
				"north": {"uv": [0, 0, 2, 1], "rotation": 270, "texture": "#0"},
				"east": {"uv": [0, 0, 2, 1], "rotation": 90, "texture": "#0"},
				"south": {"uv": [0, 0, 2, 1], "rotation": 90, "texture": "#0"},
				"west": {"uv": [0, 0, 2, 1], "rotation": 90, "texture": "#0"},
				"up": {"uv": [0, 0, 1, 1], "rotation": 90, "texture": "#0"},
				"down": {"uv": [0, 0, 1, 1], "rotation": 90, "texture": "#0"}
			}
		},
		{
			"from": [7.5, -5.92917, 3.97195],
			"to": [8.5, -4.92917, 7.97195],
			"rotation": {"angle": -22.5, "axis": "x", "origin": [8, 3.5, 6.73402]},
			"faces": {
				"north": {"uv": [0, 0, 1, 1], "rotation": 270, "texture": "#0"},
				"east": {"uv": [0, 0, 4, 1], "rotation": 180, "texture": "#0"},
				"south": {"uv": [0, 0, 1, 1], "rotation": 90, "texture": "#0"},
				"west": {"uv": [0, 0, 4, 1], "texture": "#0"},
				"up": {"uv": [0, 0, 4, 1], "rotation": 90, "texture": "#0"},
				"down": {"uv": [0, 0, 4, 1], "rotation": 90, "texture": "#0"}
			}
		},
		{
			"from": [7.75, -15.73402, 6.48402],
			"to": [8.25, -15.23402, 6.98402],
			"rotation": {"angle": 0, "axis": "x", "origin": [8, 3.5, 6.73402]},
			"faces": {
				"north": {"uv": [0, 0, 0.5, 0.5], "rotation": 270, "texture": "#0"},
				"east": {"uv": [0, 0, 0.5, 0.5], "rotation": 180, "texture": "#0"},
				"south": {"uv": [0, 0, 0.5, 0.5], "rotation": 90, "texture": "#0"},
				"west": {"uv": [0, 0, 0.5, 0.5], "texture": "#0"},
				"up": {"uv": [0, 0, 0.5, 0.5], "rotation": 90, "texture": "#0"},
				"down": {"uv": [0, 0, 0.5, 0.5], "rotation": 90, "texture": "#0"}
			}
		},
		{
			"from": [7.75, -3.48402, 4.98402],
			"to": [8.25, 27.01598, 8.48402],
			"rotation": {"angle": 0, "axis": "x", "origin": [10, 3.5, 6.73402]},
			"faces": {
				"north": {"uv": [0, 0, 16, 0.5], "rotation": 270, "texture": "#2"},
				"east": {"uv": [0, 0, 3.5, 16], "rotation": 180, "texture": "#2"},
				"south": {"uv": [0, 0, 16, 0.5], "rotation": 90, "texture": "#2"},
				"west": {"uv": [0, 0, 3.5, 16], "texture": "#2"},
				"up": {"uv": [0, 0, 3.5, 0.5], "rotation": 90, "texture": "#2"},
				"down": {"uv": [0, 0, 3.5, 0.5], "rotation": 90, "texture": "#2"}
			}
		},
		{
			"from": [7.75, 27.01598, 5.23402],
			"to": [8.25, 28.01598, 8.23402],
			"rotation": {"angle": 0, "axis": "x", "origin": [10, 3.5, 6.73402]},
			"faces": {
				"north": {"uv": [0, 0, 1, 0.5], "rotation": 270, "texture": "#2"},
				"east": {"uv": [0, 0, 3, 1], "rotation": 180, "texture": "#2"},
				"south": {"uv": [0, 0, 1, 0.5], "rotation": 90, "texture": "#2"},
				"west": {"uv": [0, 0, 3, 1], "texture": "#2"},
				"up": {"uv": [0, 0, 3, 0.5], "rotation": 90, "texture": "#2"},
				"down": {"uv": [0, 0, 3, 0.5], "rotation": 90, "texture": "#2"}
			}
		},
		{
			"from": [7.75, 28.01598, 5.48402],
			"to": [8.25, 29.01598, 7.98402],
			"rotation": {"angle": 0, "axis": "x", "origin": [10, 3.5, 6.73402]},
			"faces": {
				"north": {"uv": [0, 0, 1, 0.5], "rotation": 270, "texture": "#2"},
				"east": {"uv": [0, 0, 2.5, 1], "rotation": 180, "texture": "#2"},
				"south": {"uv": [0, 0, 1, 0.5], "rotation": 90, "texture": "#2"},
				"west": {"uv": [0, 0, 2.5, 1], "texture": "#2"},
				"up": {"uv": [0, 0, 2.5, 0.5], "rotation": 90, "texture": "#2"},
				"down": {"uv": [0, 0, 2.5, 0.5], "rotation": 90, "texture": "#2"}
			}
		},
		{
			"from": [7.75, 29.01598, 5.73402],
			"to": [8.25, 30.01598, 7.73402],
			"rotation": {"angle": 0, "axis": "x", "origin": [10, 3.5, 6.73402]},
			"faces": {
				"north": {"uv": [0, 0, 1, 0.5], "rotation": 270, "texture": "#2"},
				"east": {"uv": [0, 0, 2, 1], "rotation": 180, "texture": "#2"},
				"south": {"uv": [0, 0, 1, 0.5], "rotation": 90, "texture": "#2"},
				"west": {"uv": [0, 0, 2, 1], "texture": "#2"},
				"up": {"uv": [0, 0, 2, 0.5], "rotation": 90, "texture": "#2"},
				"down": {"uv": [0, 0, 2, 0.5], "rotation": 90, "texture": "#2"}
			}
		},
		{
			"from": [7.75, 30.01598, 5.98402],
			"to": [8.25, 31.01598, 7.48402],
			"rotation": {"angle": 0, "axis": "x", "origin": [10, 3.5, 6.73402]},
			"faces": {
				"north": {"uv": [0, 0, 1, 0.5], "rotation": 270, "texture": "#2"},
				"east": {"uv": [0, 0, 1.5, 1], "rotation": 180, "texture": "#2"},
				"south": {"uv": [0, 0, 1, 0.5], "rotation": 90, "texture": "#2"},
				"west": {"uv": [0, 0, 1.5, 1], "texture": "#2"},
				"up": {"uv": [0, 0, 1.5, 0.5], "rotation": 90, "texture": "#2"},
				"down": {"uv": [0, 0, 1.5, 0.5], "rotation": 90, "texture": "#2"}
			}
		},
		{
			"from": [7.75, 31.01598, 6.23402],
			"to": [8.25, 31.76598, 7.23402],
			"rotation": {"angle": 0, "axis": "x", "origin": [10, 3.5, 6.73402]},
			"faces": {
				"north": {"uv": [0, 0, 0.75, 0.5], "rotation": 270, "texture": "#2"},
				"east": {"uv": [0, 0, 1, 0.75], "rotation": 180, "texture": "#2"},
				"south": {"uv": [0, 0, 0.75, 0.5], "rotation": 90, "texture": "#2"},
				"west": {"uv": [0, 0, 1, 0.75], "texture": "#2"},
				"up": {"uv": [0, 0, 1, 0.5], "rotation": 90, "texture": "#2"},
				"down": {"uv": [0, 0, 1, 0.5], "rotation": 90, "texture": "#2"}
			}
		}
	],
	"display": {
		"thirdperson_righthand": {
			"translation": [0, 16.25, 2.25]
		},
		"thirdperson_lefthand": {
			"translation": [0, 16.25, 2.25]
		},
		"firstperson_righthand": {
			"rotation": [-18, 0, 0],
			"translation": [2.25, 11, -1.75],
			"scale": [0.6, 0.6, 0.6]
		},
		"firstperson_lefthand": {
			"rotation": [-18, 0, 0],
			"translation": [2.25, 11, -1.75],
			"scale": [0.6, 0.6, 0.6]
		},
		"ground": {
			"translation": [0, 20.75, 0]
		},
		"gui": {
			"rotation": [-90, -45, 90],
			"translation": [-0.5, 0.25, 0],
			"scale": [0.45, 0.45, 0.45]
		},
		"fixed": {
			"rotation": [-90, -45, 90],
			"translation": [-0.25, 0.75, 0],
			"scale": [0.55, 0.55, 0.55]
		}
	},
	"groups": [
		{
			"name": "sword",
			"origin": [8, 8, 8],
			"children": [
				{
					"name": "handle",
					"origin": [8, 8, 8],
					"children": [0, 1, 2, 3, 4, 5, 6, 7, 8, 9, 10, 11, 12, 13, 14, 15]
				},
				{
					"name": "blade",
					"origin": [8, 8, 8],
					"children": [16, 17, 18, 19, 20, 21]
				}
			]
		}
	]
}