{
	"credit": "Made with Blockbench",
	"textures": {
		"0": "53/gun",
		"1": "53/handle",
		"2": "53/energy",
		"3": "53/shooter",
		"particle": "53/gun"
	},
	"elements": [
		{
			"from": [7.5, -0.75, 6],
			"to": [8.5, 5, 8.25],
			"faces": {
				"north": {"uv": [0, 0, 1, 5.75], "texture": "#0"},
				"east": {"uv": [0, 0, 8, 16], "texture": "#0"},
				"south": {"uv": [0, 1, 1, 7], "texture": "#0"},
				"west": {"uv": [8, 0, 16, 16], "texture": "#0"},
				"up": {"uv": [4, 1, 5, 3], "texture": "#0"},
				"down": {"uv": [0, 0, 1, 2.25], "texture": "#0"}
			}
		},
		{
			"from": [7.25, 2, 5.75],
			"to": [8.75, 3.5, 7.25],
			"faces": {
				"north": {"uv": [0, 0, 1.5, 1.5], "texture": "#2"},
				"east": {"uv": [0, 0, 1.5, 1.5], "texture": "#2"},
				"south": {"uv": [0, 0, 1.5, 1.5], "texture": "#2"},
				"west": {"uv": [0, 0, 1.5, 1.5], "texture": "#2"},
				"up": {"uv": [0, 0, 1.5, 1.5], "texture": "#2"},
				"down": {"uv": [0, 0, 1.5, 1.5], "texture": "#2"}
			}
		},
		{
			"from": [7.25, 2.75, 7.75],
			"to": [8.75, 4.25, 8],
			"faces": {
				"north": {"uv": [0, 0, 1.5, 1.5], "texture": "#2"},
				"east": {"uv": [0, 0, 0.25, 1.5], "texture": "#2"},
				"south": {"uv": [0, 0, 1.5, 1.5], "texture": "#2"},
				"west": {"uv": [0, 0, 0.25, 1.5], "texture": "#2"},
				"up": {"uv": [0, 0, 1.5, 0.25], "texture": "#2"},
				"down": {"uv": [0, 0, 1.5, 0.25], "texture": "#2"}
			}
		},
		{
			"from": [7.5, 5, 7.25],
			"to": [8.5, 5.25, 8.25],
			"faces": {
				"north": {"uv": [0, 0, 1, 0.25], "texture": "#3"},
				"east": {"uv": [0, 0, 1, 0.25], "texture": "#3"},
				"south": {"uv": [0, 0, 1, 0.25], "texture": "#3"},
				"west": {"uv": [0, 0, 1, 0.25], "texture": "#3"},
				"up": {"uv": [0, 0, 1, 1], "texture": "#3"},
				"down": {"uv": [0, 0, 1, 1], "texture": "#3"}
			}
		},
		{
			"from": [7.75, 5.25, 7.5],
			"to": [8.25, 5.5, 8.5],
			"faces": {
				"north": {"uv": [0, 0, 0.5, 0.25], "texture": "#3"},
				"east": {"uv": [0, 0, 1, 0.25], "texture": "#3"},
				"south": {"uv": [0, 0, 0.5, 0.25], "texture": "#3"},
				"west": {"uv": [0, 0, 1, 0.25], "texture": "#3"},
				"up": {"uv": [0, 0, 0.5, 1], "texture": "#3"},
				"down": {"uv": [0, 0, 0.5, 1], "texture": "#3"}
			}
		},
		{
			"from": [7.75, 5.5, 7.5],
			"to": [8.25, 5.75, 8],
			"faces": {
				"north": {"uv": [0, 0, 0.5, 0.25], "texture": "#3"},
				"east": {"uv": [0, 0, 0.5, 0.25], "texture": "#3"},
				"south": {"uv": [0, 0, 0.5, 0.25], "texture": "#3"},
				"west": {"uv": [0, 0, 0.5, 0.25], "texture": "#3"},
				"up": {"uv": [0, 0, 0.5, 0.5], "texture": "#3"},
				"down": {"uv": [0, 0, 0.5, 0.5], "texture": "#3"}
			}
		},
		{
			"from": [7.5, -1.125, 2.125],
			"to": [8.5, 0.125, 5.625],
			"rotation": {"angle": -22.5, "axis": "x", "origin": [8, 2, 4.875]},
			"faces": {
				"north": {"uv": [15, 13, 16.25, 16.5], "rotation": 90, "texture": "#1"},
				"east": {"uv": [15, 13, 16.25, 16.5], "rotation": 90, "texture": "#1"},
				"south": {"uv": [15, 13, 16.25, 16.5], "rotation": 90, "texture": "#1"},
				"west": {"uv": [15, 13, 16.25, 16.5], "rotation": 90, "texture": "#1"},
				"up": {"uv": [15, 13, 16.25, 16.5], "rotation": 90, "texture": "#1"},
				"down": {"uv": [15, 13, 16.25, 16.5], "rotation": 90, "texture": "#1"}
			}
		},
		{
			"from": [7.5, -0.84462, 3.01746],
			"to": [8.5, 2.15538, 4.26746],
			"rotation": {"angle": 0, "axis": "x", "origin": [8, 1.15538, 4.14246]},
			"faces": {
				"north": {"uv": [15, 13, 16.25, 16], "rotation": 180, "texture": "#1"},
				"east": {"uv": [15, 13, 16.25, 16], "rotation": 180, "texture": "#1"},
				"south": {"uv": [15, 13, 16.25, 16], "rotation": 180, "texture": "#1"},
				"west": {"uv": [15, 13, 16.25, 16], "rotation": 180, "texture": "#1"},
				"up": {"uv": [15, 13, 16.25, 16], "rotation": 180, "texture": "#1"},
				"down": {"uv": [15, 13, 16.25, 16], "rotation": 180, "texture": "#1"}
			}
		},
		{
			"from": [7.5, 1.53038, 1.14246],
			"to": [8.5, 3.28038, 5.39246],
			"rotation": {"angle": -45, "axis": "x", "origin": [8, 4.90538, 3.64246]},
			"faces": {
				"north": {"uv": [15, 14, 16, 15.75], "rotation": 180, "texture": "#1"},
				"east": {"uv": [5, 0, 10, 16], "rotation": 90, "texture": "#1"},
				"south": {"uv": [15, 14, 16, 15.75], "texture": "#1"},
				"west": {"uv": [0, 0, 5, 16], "rotation": 90, "texture": "#1"},
				"up": {"uv": [15, 12, 16, 16.25], "texture": "#1"},
				"down": {"uv": [15, 12, 16, 16.25], "rotation": 180, "texture": "#1"}
			}
		},
		{
			"from": [7.5, 1.74744, 5.02006],
			"to": [8.5, 3.49744, 6.02006],
			"rotation": {"angle": 0, "axis": "x", "origin": [8, 2.87244, 5.14506]},
			"faces": {
				"north": {"uv": [14, 15, 15.75, 16], "rotation": 90, "texture": "#1"},
				"east": {"uv": [14, 15, 15.75, 16], "rotation": 90, "texture": "#1"},
				"south": {"uv": [14, 15, 15.75, 16], "rotation": 90, "texture": "#1"},
				"west": {"uv": [14, 15, 15.75, 16], "rotation": 90, "texture": "#1"},
				"up": {"uv": [14, 15, 15.75, 16], "rotation": 90, "texture": "#1"},
				"down": {"uv": [14, 15, 15.75, 16], "rotation": 90, "texture": "#1"}
			}
		}
	],
	"display": {
		"thirdperson_righthand": {
			"rotation": [-22.25, 0, 0],
			"translation": [0, 8.75, 1.5]
		},
		"thirdperson_lefthand": {
			"rotation": [-22.25, 0, 0],
			"translation": [0, 8.75, 1.5]
		},
		"firstperson_righthand": {
			"rotation": [-86, 0, -7],
			"translation": [1.5, 7.75, -4.75]
		},
		"firstperson_lefthand": {
			"rotation": [-86, 0, -7],
			"translation": [1.5, 7.75, -4.75]
		},
		"ground": {
			"rotation": [-42, 0, 0],
			"translation": [0, 7.75, -3.25]
		},
		"gui": {
			"rotation": [90, 130, -90],
			"translation": [-3.75, 9, -0.75],
			"scale": [1.5, 1.5, 1.5]
		},
		"fixed": {
			"rotation": [90, 130, -90],
			"translation": [-4, 9.75, -0.75],
			"scale": [1.5, 1.5, 1.5]
		}
	},
	"groups": [
		{
			"name": "gun",
			"origin": [8, 8, 8],
			"children": [
				{
					"name": "barrel",
					"origin": [8, 8, 8],
					"children": [0, 1, 2, 3, 4, 5]
				},
				{
					"name": "handle",
					"origin": [8, 8, 8],
					"children": [6, 7, 8, 9]
				}
			]
		}
	]
}