{
	"credit": "Made with Blockbench",
	"textures": {
		"1": "17/chains",
		"2": "17/nunchuck",
		"particle": "17/nunchuck"
	},
	"elements": [
		{
			"from": [6, -4, 5],
			"to": [7.25, 2, 6.25],
			"faces": {
				"north": {"uv": [0, 0, 1.25, 6], "texture": "#2"},
				"east": {"uv": [0, 0, 1.25, 6], "texture": "#2"},
				"south": {"uv": [0, 0, 1.25, 6], "texture": "#2"},
				"west": {"uv": [0, 0, 1.25, 6], "texture": "#2"},
				"up": {"uv": [0, 0, 1.25, 1.25], "texture": "#2"},
				"down": {"uv": [0, 0, 1.25, 1.25], "texture": "#2"}
			}
		},
		{
			"from": [6, -4.5, 10],
			"to": [7.25, 1.5, 11.25],
			"rotation": {"angle": -22.5, "axis": "x", "origin": [6.625, -1, 8.625]},
			"faces": {
				"north": {"uv": [0, 0, 1.25, 6], "texture": "#2"},
				"east": {"uv": [0, 0, 1.25, 6], "texture": "#2"},
				"south": {"uv": [0, 0, 1.25, 6], "texture": "#2"},
				"west": {"uv": [0, 0, 1.25, 6], "texture": "#2"},
				"up": {"uv": [0, 0, 1.25, 1.25], "texture": "#2"},
				"down": {"uv": [0, 0, 1.25, 1.25], "texture": "#2"}
			}
		},
		{
			"from": [6.5, 2, 5.5],
			"to": [6.75, 3.5, 5.75],
			"rotation": {"angle": 0, "axis": "x", "origin": [5.875, 1.5, 5.875]},
			"faces": {
				"north": {"uv": [0, 0, 0.25, 1.5], "rotation": 180, "texture": "#1"},
				"east": {"uv": [0, 0, 1.5, 0.25], "rotation": 90, "texture": "#1"},
				"south": {"uv": [0, 0, 0.25, 1.5], "texture": "#1"},
				"west": {"uv": [0, 0, 1.5, 0.25], "rotation": 270, "texture": "#1"},
				"up": {"uv": [0, 0, 0.25, 0.25], "texture": "#1"},
				"down": {"uv": [0, 0, 0.25, 0.25], "rotation": 180, "texture": "#1"}
			}
		},
		{
			"from": [6.5, 3.5, 5.75],
			"to": [6.75, 4, 6],
			"rotation": {"angle": 0, "axis": "x", "origin": [5.875, 1.5, 5.875]},
			"faces": {
				"north": {"uv": [0, 0, 0.25, 0.5], "rotation": 180, "texture": "#1"},
				"east": {"uv": [0, 0, 0.5, 0.25], "rotation": 90, "texture": "#1"},
				"south": {"uv": [0, 0, 0.25, 0.5], "texture": "#1"},
				"west": {"uv": [0, 0, 0.5, 0.25], "rotation": 270, "texture": "#1"},
				"up": {"uv": [0, 0, 0.25, 0.25], "texture": "#1"},
				"down": {"uv": [0, 0, 0.25, 0.25], "rotation": 180, "texture": "#1"}
			}
		},
		{
			"from": [6.5, 4, 6],
			"to": [6.75, 4.5, 6.25],
			"rotation": {"angle": 0, "axis": "x", "origin": [5.875, 1.5, 5.875]},
			"faces": {
				"north": {"uv": [0, 0, 0.25, 0.5], "rotation": 180, "texture": "#1"},
				"east": {"uv": [0, 0, 0.5, 0.25], "rotation": 90, "texture": "#1"},
				"south": {"uv": [0, 0, 0.25, 0.5], "texture": "#1"},
				"west": {"uv": [0, 0, 0.5, 0.25], "rotation": 270, "texture": "#1"},
				"up": {"uv": [0, 0, 0.25, 0.25], "texture": "#1"},
				"down": {"uv": [0, 0, 0.25, 0.25], "rotation": 180, "texture": "#1"}
			}
		},
		{
			"from": [6.5, 4.375, 6.125],
			"to": [6.75, 4.625, 6.625],
			"rotation": {"angle": 0, "axis": "x", "origin": [6.625, 4.75, 6.125]},
			"faces": {
				"north": {"uv": [0, 0, 0.25, 0.25], "texture": "#1"},
				"east": {"uv": [0, 0, 0.5, 0.25], "texture": "#1"},
				"south": {"uv": [0, 0, 0.25, 0.25], "texture": "#1"},
				"west": {"uv": [0, 0, 0.5, 0.25], "texture": "#1"},
				"up": {"uv": [0, 0, 0.25, 0.5], "texture": "#1"},
				"down": {"uv": [0, 0, 0.25, 0.5], "texture": "#1"}
			}
		},
		{
			"from": [6.5, 4.625, 6.375],
			"to": [6.75, 4.875, 6.875],
			"rotation": {"angle": 0, "axis": "x", "origin": [6.625, 4.75, 6.125]},
			"faces": {
				"north": {"uv": [0, 0, 0.25, 0.25], "texture": "#1"},
				"east": {"uv": [0, 0, 0.5, 0.25], "texture": "#1"},
				"south": {"uv": [0, 0, 0.25, 0.25], "texture": "#1"},
				"west": {"uv": [0, 0, 0.5, 0.25], "texture": "#1"},
				"up": {"uv": [0, 0, 0.25, 0.5], "texture": "#1"},
				"down": {"uv": [0, 0, 0.25, 0.5], "texture": "#1"}
			}
		},
		{
			"from": [6.5, 4.625, 6.625],
			"to": [6.75, 4.875, 7.625],
			"rotation": {"angle": 22.5, "axis": "x", "origin": [6.625, 4.5, 7.125]},
			"faces": {
				"north": {"uv": [0, 0, 0.25, 0.25], "texture": "#1"},
				"east": {"uv": [0, 0, 1, 0.25], "texture": "#1"},
				"south": {"uv": [0, 0, 0.25, 0.25], "texture": "#1"},
				"west": {"uv": [0, 0, 1, 0.25], "texture": "#1"},
				"up": {"uv": [0, 0, 0.25, 1], "texture": "#1"},
				"down": {"uv": [0, 0, 0.25, 1], "texture": "#1"}
			}
		},
		{
			"from": [6.5, 3.97329, 7.39455],
			"to": [6.75, 4.22329, 9.14455],
			"rotation": {"angle": 45, "axis": "x", "origin": [6.625, 4.34829, 8.14455]},
			"faces": {
				"north": {"uv": [0, 0, 0.25, 0.25], "texture": "#1"},
				"east": {"uv": [0, 0, 1.75, 0.25], "texture": "#1"},
				"south": {"uv": [0, 0, 0.25, 0.25], "texture": "#1"},
				"west": {"uv": [0, 0, 1.75, 0.25], "texture": "#1"},
				"up": {"uv": [0, 0, 0.25, 1.75], "texture": "#1"},
				"down": {"uv": [0, 0, 0.25, 1.75], "texture": "#1"}
			}
		},
		{
			"from": [6.5, 1.59829, 8.26955],
			"to": [6.75, 3.34829, 8.51955],
			"rotation": {"angle": -22.5, "axis": "x", "origin": [6.625, 4.34829, 8.14455]},
			"faces": {
				"north": {"uv": [0, 0, 0.25, 1.75], "rotation": 180, "texture": "#1"},
				"east": {"uv": [0, 0, 1.75, 0.25], "rotation": 270, "texture": "#1"},
				"south": {"uv": [0, 0, 0.25, 1.75], "texture": "#1"},
				"west": {"uv": [0, 0, 1.75, 0.25], "rotation": 90, "texture": "#1"},
				"up": {"uv": [0, 0, 0.25, 0.25], "rotation": 180, "texture": "#1"},
				"down": {"uv": [0, 0, 0.25, 0.25], "texture": "#1"}
			}
		}
	],
	"display": {
		"thirdperson_righthand": {
			"rotation": [20, 0, 0],
			"translation": [0.75, 10.25, 2.5],
			"scale": [1, 1, -1]
		},
		"thirdperson_lefthand": {
			"rotation": [20, 0, 0],
			"translation": [-2.25, 10.25, 2.5],
			"scale": [1, 1, -1]
		},
		"firstperson_righthand": {
			"translation": [0.75, 13.25, 1],
			"scale": [1, 1, -1]
		},
		"firstperson_lefthand": {
			"translation": [-3, 13.25, 1],
			"scale": [1, 1, -1]
		},
		"ground": {
			"translation": [0, 7.75, 0]
		},
		"gui": {
			"rotation": [0, 93, 0],
			"translation": [0, 11.75, -2.25],
			"scale": [1.5, 1.5, 1.5]
		},
		"fixed": {
			"rotation": [0, 93, 0],
			"translation": [0, 11.75, -2.25],
			"scale": [1.5, 1.5, 1.5]
		}
	},
	"groups": [
		{
			"name": "Nunchucks",
			"origin": [0, 0, 0],
			"children": [0, 1,
				{
					"name": "chains",
					"origin": [0, 0, 0],
					"children": [2, 3, 4, 5, 6, 7, 8, 9]
				}
			]
		}
	]
}