{
	"credit": "Made with Blockbench",
	"ambientocclusion": false,
	"texture_size": [50, 50],
	"textures": {
		"1": "69/smallbuttons",
		"2": "69/smallbuttons2",
		"3": "69/background",
		"4": "69/smallbuttons3",
		"5": "69/1button",
		"6": "69/2button",
		"7": "69/abutton",
		"8": "69/dpad",
		"9": "69/powerbutton",
		"particle": "69/background"
	},
	"elements": [
		{
			"from": [5, -9, 3],
			"to": [11, 15, 5],
			"rotation": {"angle": 0, "axis": "y", "origin": [0, 0, 4]},
			"faces": {
				"north": {"uv": [0, 0, 6.08, 16], "rotation": 180, "texture": "#3"},
				"east": {"uv": [15.15789, 0, 16, 1.12281], "rotation": 90, "texture": "#3"},
				"south": {"uv": [14.87719, 0, 16, 1.12281], "texture": "#3"},
				"west": {"uv": [15.4386, 0, 16, 0.84211], "rotation": 270, "texture": "#3"},
				"up": {"uv": [14.87719, 0, 16, 1.12281], "texture": "#3"},
				"down": {"uv": [15.15789, 0, 16, 1.12281], "rotation": 180, "texture": "#3"}
			}
		},
		{
			"from": [7.5, 10, 2.75],
			"to": [8.5, 13, 3.75],
			"rotation": {"angle": 0, "axis": "y", "origin": [0, 0, 4]},
			"faces": {
				"north": {"uv": [0, 0, 3, 9], "rotation": 180, "texture": "#8"},
				"east": {"uv": [13, 0, 16, 1], "rotation": 90, "texture": "#8"},
				"south": {"uv": [15, 0, 16, 3], "texture": "#8"},
				"west": {"uv": [13, 0, 16, 1], "rotation": 270, "texture": "#8"},
				"up": {"uv": [15, 0, 16, 1], "texture": "#8"},
				"down": {"uv": [15, 0, 16, 1], "rotation": 180, "texture": "#8"}
			}
		},
		{
			"from": [9.5, 13.5, 2.75],
			"to": [10.5, 14.5, 3.75],
			"rotation": {"angle": 0, "axis": "y", "origin": [0, 0, 4]},
			"faces": {
				"north": {"uv": [0, 0, 16, 16], "rotation": 180, "texture": "#9"},
				"east": {"uv": [4, 2, 5, 3], "rotation": 90, "texture": "#9"},
				"south": {"uv": [2, 2, 3, 3], "texture": "#9"},
				"west": {"uv": [4, 2, 5, 3], "rotation": 270, "texture": "#9"},
				"up": {"uv": [3, 2, 4, 3], "texture": "#9"},
				"down": {"uv": [3, 2, 4, 3], "rotation": 180, "texture": "#9"}
			}
		},
		{
			"from": [9.5, 4, 2.75],
			"to": [10.5, 5, 3.75],
			"rotation": {"angle": 0, "axis": "y", "origin": [0, 0, 4]},
			"faces": {
				"north": {"uv": [0, 0, 16, 16], "rotation": 180, "texture": "#1"},
				"east": {"uv": [7, 2, 8, 3], "rotation": 90, "texture": "#1"},
				"south": {"uv": [8, 3, 9, 4], "texture": "#1"},
				"west": {"uv": [7, 4, 8, 5], "rotation": 270, "texture": "#1"},
				"up": {"uv": [7, 3, 8, 4], "texture": "#1"},
				"down": {"uv": [7, 4, 8, 5], "rotation": 180, "texture": "#1"}
			}
		},
		{
			"from": [7.5, 4, 2.75],
			"to": [8.5, 5, 3.75],
			"rotation": {"angle": 0, "axis": "y", "origin": [0, 0, 4]},
			"faces": {
				"north": {"uv": [0, 0, 16, 16], "rotation": 180, "texture": "#2"},
				"east": {"uv": [12, 4, 13, 5], "rotation": 90, "texture": "#2"},
				"south": {"uv": [3, 3, 4, 4], "texture": "#2"},
				"west": {"uv": [3, 3, 4, 4], "rotation": 270, "texture": "#2"},
				"up": {"uv": [3, 3, 4, 4], "texture": "#2"},
				"down": {"uv": [3, 3, 4, 4], "rotation": 180, "texture": "#2"}
			}
		},
		{
			"from": [5.5, 4, 2.75],
			"to": [6.5, 5, 3.75],
			"rotation": {"angle": 0, "axis": "y", "origin": [0, 0, 4]},
			"faces": {
				"north": {"uv": [0, 0, 16, 16], "rotation": 180, "texture": "#4"},
				"east": {"uv": [4, 2, 5, 3], "rotation": 90, "texture": "#4"},
				"south": {"uv": [3, 3, 4, 4], "texture": "#4"},
				"west": {"uv": [3, 3, 4, 4], "rotation": 270, "texture": "#4"},
				"up": {"uv": [3, 3, 4, 4], "texture": "#4"},
				"down": {"uv": [3, 3, 4, 4], "rotation": 180, "texture": "#4"}
			}
		},
		{
			"from": [7.25, -2.25, 2.75],
			"to": [8.75, -0.75, 3.75],
			"rotation": {"angle": 0, "axis": "y", "origin": [0, 0, 4]},
			"faces": {
				"north": {"uv": [0, 0, 16, 16], "rotation": 180, "texture": "#5"},
				"east": {"uv": [3, 3, 4.5, 4], "rotation": 90, "texture": "#5"},
				"south": {"uv": [3, 2, 4.5, 3.5], "texture": "#5"},
				"west": {"uv": [3, 3, 4.5, 4], "rotation": 270, "texture": "#5"},
				"up": {"uv": [3, 3, 4.5, 4], "texture": "#5"},
				"down": {"uv": [3, 3, 4.5, 4], "rotation": 180, "texture": "#5"}
			}
		},
		{
			"from": [7.25, -4.75, 2.75],
			"to": [8.75, -3.25, 3.75],
			"rotation": {"angle": 0, "axis": "y", "origin": [0, 0, 4]},
			"faces": {
				"north": {"uv": [0, 0, 16, 16], "rotation": 180, "texture": "#6"},
				"east": {"uv": [2, 2, 3.5, 3], "rotation": 90, "texture": "#6"},
				"south": {"uv": [2, 2, 3.5, 3.5], "texture": "#6"},
				"west": {"uv": [2, 2, 3.5, 3], "rotation": 270, "texture": "#6"},
				"up": {"uv": [2, 2, 3.5, 3], "texture": "#6"},
				"down": {"uv": [2, 2, 3.5, 3], "rotation": 180, "texture": "#6"}
			}
		},
		{
			"from": [6.5, 11, 2.75],
			"to": [9.5, 12, 3.75],
			"rotation": {"angle": 0, "axis": "y", "origin": [8, 11.5, 3.25]},
			"faces": {
				"north": {"uv": [0, 9, 9, 12], "rotation": 180, "texture": "#8"},
				"east": {"uv": [15, 0, 16, 1], "rotation": 90, "texture": "#8"},
				"south": {"uv": [15, 0, 16, 3], "rotation": 90, "texture": "#8"},
				"west": {"uv": [15, 1, 16, 2], "rotation": 270, "texture": "#8"},
				"up": {"uv": [13, 1, 16, 2], "texture": "#8"},
				"down": {"uv": [13, 1, 16, 2], "rotation": 180, "texture": "#8"}
			}
		},
		{
			"from": [8.25, 7.25, 2.75],
			"to": [8.5, 8.25, 3.75],
			"rotation": {"angle": 0, "axis": "y", "origin": [3.875, 7.5, 3.5]},
			"faces": {
				"north": {"uv": [0, 0, 0.08, 0.32], "rotation": 180, "texture": "#7"},
				"east": {"uv": [0, 0, 0.32, 0.32], "rotation": 90, "texture": "#7"},
				"south": {"uv": [0, 0, 0.08, 0.32], "texture": "#7"},
				"west": {"uv": [0, 0, 0.32, 0.32], "rotation": 270, "texture": "#7"},
				"up": {"uv": [0, 0, 0.08, 0.32], "texture": "#7"},
				"down": {"uv": [0, 0, 0.08, 0.32], "rotation": 180, "texture": "#7"}
			}
		},
		{
			"from": [7.5, 7.25, 2.75],
			"to": [7.75, 8.25, 3.75],
			"rotation": {"angle": 0, "axis": "y", "origin": [3.875, 7.5, 3.5]},
			"faces": {
				"north": {"uv": [0, 0, 0.08, 0.32], "rotation": 180, "texture": "#7"},
				"east": {"uv": [0, 0, 0.32, 0.32], "rotation": 90, "texture": "#7"},
				"south": {"uv": [0, 0, 0.08, 0.32], "texture": "#7"},
				"west": {"uv": [0, 0, 0.32, 0.32], "rotation": 270, "texture": "#7"},
				"up": {"uv": [0, 0, 0.08, 0.32], "texture": "#7"},
				"down": {"uv": [0, 0, 0.08, 0.32], "rotation": 180, "texture": "#7"}
			}
		},
		{
			"from": [7.625, 8.125, 2.75],
			"to": [8.375, 8.375, 3.75],
			"rotation": {"angle": 0, "axis": "y", "origin": [3.125, 9, 3.5]},
			"faces": {
				"north": {"uv": [0, 0, 0.08, 0.24], "rotation": 90, "texture": "#7"},
				"east": {"uv": [0, 0, 0.08, 0.32], "rotation": 90, "texture": "#7"},
				"south": {"uv": [0, 0, 0.08, 0.24], "rotation": 90, "texture": "#7"},
				"west": {"uv": [0, 0, 0.08, 0.32], "rotation": 270, "texture": "#7"},
				"up": {"uv": [0, 0, 0.24, 0.32], "texture": "#7"},
				"down": {"uv": [0, 0, 0.24, 0.32], "rotation": 180, "texture": "#7"}
			}
		},
		{
			"from": [7.625, 7.625, 2.75],
			"to": [8.375, 7.875, 3.75],
			"rotation": {"angle": 0, "axis": "y", "origin": [3.125, 9, 3.5]},
			"faces": {
				"north": {"uv": [0, 0, 0.08, 0.24], "rotation": 90, "texture": "#7"},
				"east": {"uv": [0, 0, 0.08, 0.32], "rotation": 90, "texture": "#7"},
				"south": {"uv": [0, 0, 0.08, 0.24], "rotation": 90, "texture": "#7"},
				"west": {"uv": [0, 0, 0.08, 0.32], "rotation": 270, "texture": "#7"},
				"up": {"uv": [0, 0, 0.24, 0.32], "texture": "#7"},
				"down": {"uv": [0, 0, 0.24, 0.32], "rotation": 180, "texture": "#7"}
			}
		},
		{
			"from": [7.5, 6.5, 2.75],
			"to": [8.5, 7, 3.75],
			"rotation": {"angle": 0, "axis": "y", "origin": [8, 7.75, 3.25]},
			"faces": {
				"north": {"uv": [0, 0, 0.32, 0.16], "rotation": 180, "texture": "#7"},
				"east": {"uv": [0, 0, 0.16, 0.32], "rotation": 90, "texture": "#7"},
				"south": {"uv": [0, 0, 0.32, 0.16], "texture": "#7"},
				"west": {"uv": [0, 0, 0.16, 0.32], "rotation": 270, "texture": "#7"},
				"up": {"uv": [0, 0, 0.32, 0.32], "texture": "#7"},
				"down": {"uv": [0, 0, 0.32, 0.32], "rotation": 180, "texture": "#7"}
			}
		},
		{
			"from": [7.5, 6.5, 2.75],
			"to": [8.5, 7, 3.75],
			"rotation": {"angle": -22.5, "axis": "z", "origin": [8, 7.75, 3.25]},
			"faces": {
				"north": {"uv": [0, 0, 0.32, 0.16], "rotation": 180, "texture": "#7"},
				"east": {"uv": [0, 0, 0.16, 0.32], "rotation": 90, "texture": "#7"},
				"south": {"uv": [0, 0, 0.32, 0.16], "texture": "#7"},
				"west": {"uv": [0, 0, 0.16, 0.32], "rotation": 270, "texture": "#7"},
				"up": {"uv": [0, 0, 0.32, 0.32], "texture": "#7"},
				"down": {"uv": [0, 0, 0.32, 0.32], "rotation": 180, "texture": "#7"}
			}
		},
		{
			"from": [7.5, 6.5, 2.75],
			"to": [8.5, 7, 3.75],
			"rotation": {"angle": -45, "axis": "z", "origin": [8, 7.75, 3.25]},
			"faces": {
				"north": {"uv": [0, 0, 0.32, 0.16], "rotation": 180, "texture": "#7"},
				"east": {"uv": [0, 0, 0.16, 0.32], "rotation": 90, "texture": "#7"},
				"south": {"uv": [0, 0, 0.32, 0.16], "texture": "#7"},
				"west": {"uv": [0, 0, 0.16, 0.32], "rotation": 270, "texture": "#7"},
				"up": {"uv": [0, 0, 0.32, 0.32], "texture": "#7"},
				"down": {"uv": [0, 0, 0.32, 0.32], "rotation": 180, "texture": "#7"}
			}
		},
		{
			"from": [6.75, 7.25, 2.75],
			"to": [7.25, 8.25, 3.75],
			"rotation": {"angle": 22.5, "axis": "z", "origin": [8, 7.75, 3.25]},
			"faces": {
				"north": {"uv": [0, 0, 0.32, 0.16], "rotation": 90, "texture": "#7"},
				"east": {"uv": [0, 0, 0.32, 0.32], "rotation": 90, "texture": "#7"},
				"south": {"uv": [0, 0, 0.32, 0.16], "rotation": 90, "texture": "#7"},
				"west": {"uv": [0, 0, 0.32, 0.32], "rotation": 270, "texture": "#7"},
				"up": {"uv": [0, 0, 0.16, 0.32], "texture": "#7"},
				"down": {"uv": [0, 0, 0.16, 0.32], "rotation": 180, "texture": "#7"}
			}
		},
		{
			"from": [6.75, 7.25, 2.75],
			"to": [7.25, 8.25, 3.75],
			"rotation": {"angle": 0, "axis": "y", "origin": [8, 7.75, 3.25]},
			"faces": {
				"north": {"uv": [0, 0, 0.32, 0.16], "rotation": 90, "texture": "#7"},
				"east": {"uv": [0, 0, 0.32, 0.32], "rotation": 90, "texture": "#7"},
				"south": {"uv": [0, 0, 0.32, 0.16], "rotation": 90, "texture": "#7"},
				"west": {"uv": [0, 0, 0.32, 0.32], "rotation": 270, "texture": "#7"},
				"up": {"uv": [0, 0, 0.16, 0.32], "texture": "#7"},
				"down": {"uv": [0, 0, 0.16, 0.32], "rotation": 180, "texture": "#7"}
			}
		},
		{
			"from": [6.75, 7.25, 2.75],
			"to": [7.25, 8.25, 3.75],
			"rotation": {"angle": -22.5, "axis": "z", "origin": [8, 7.75, 3.25]},
			"faces": {
				"north": {"uv": [0, 0, 0.32, 0.16], "rotation": 90, "texture": "#7"},
				"east": {"uv": [0, 0, 0.32, 0.32], "rotation": 90, "texture": "#7"},
				"south": {"uv": [0, 0, 0.32, 0.16], "rotation": 90, "texture": "#7"},
				"west": {"uv": [0, 0, 0.32, 0.32], "rotation": 270, "texture": "#7"},
				"up": {"uv": [0, 0, 0.16, 0.32], "texture": "#7"},
				"down": {"uv": [0, 0, 0.16, 0.32], "rotation": 180, "texture": "#7"}
			}
		},
		{
			"from": [6.75, 7.25, 2.75],
			"to": [7.25, 8.25, 3.75],
			"rotation": {"angle": -45, "axis": "z", "origin": [8, 7.75, 3.25]},
			"faces": {
				"north": {"uv": [0, 0, 0.32, 0.16], "rotation": 90, "texture": "#7"},
				"east": {"uv": [0, 0, 0.32, 0.32], "rotation": 90, "texture": "#7"},
				"south": {"uv": [0, 0, 0.32, 0.16], "rotation": 90, "texture": "#7"},
				"west": {"uv": [0, 0, 0.32, 0.32], "rotation": 270, "texture": "#7"},
				"up": {"uv": [0, 0, 0.16, 0.32], "texture": "#7"},
				"down": {"uv": [0, 0, 0.16, 0.32], "rotation": 180, "texture": "#7"}
			}
		},
		{
			"from": [7.5, 8.5, 2.75],
			"to": [8.5, 9, 3.75],
			"rotation": {"angle": 22.5, "axis": "z", "origin": [8, 7.75, 3.25]},
			"faces": {
				"north": {"uv": [0, 0, 0.32, 0.16], "texture": "#7"},
				"east": {"uv": [0, 0, 0.16, 0.32], "rotation": 90, "texture": "#7"},
				"south": {"uv": [0, 0, 0.32, 0.16], "rotation": 180, "texture": "#7"},
				"west": {"uv": [0, 0, 0.16, 0.32], "rotation": 270, "texture": "#7"},
				"up": {"uv": [0, 0, 0.32, 0.32], "texture": "#7"},
				"down": {"uv": [0, 0, 0.32, 0.32], "rotation": 180, "texture": "#7"}
			}
		},
		{
			"from": [7.5, 8.5, 2.75],
			"to": [8.5, 9, 3.75],
			"rotation": {"angle": 0, "axis": "y", "origin": [8, 7.75, 3.25]},
			"faces": {
				"north": {"uv": [0, 0, 0.32, 0.16], "texture": "#7"},
				"east": {"uv": [0, 0, 0.16, 0.32], "rotation": 90, "texture": "#7"},
				"south": {"uv": [0, 0, 0.32, 0.16], "rotation": 180, "texture": "#7"},
				"west": {"uv": [0, 0, 0.16, 0.32], "rotation": 270, "texture": "#7"},
				"up": {"uv": [0, 0, 0.32, 0.32], "texture": "#7"},
				"down": {"uv": [0, 0, 0.32, 0.32], "rotation": 180, "texture": "#7"}
			}
		},
		{
			"from": [7.5, 8.5, 2.75],
			"to": [8.5, 9, 3.75],
			"rotation": {"angle": -22.5, "axis": "z", "origin": [8, 7.75, 3.25]},
			"faces": {
				"north": {"uv": [0, 0, 0.32, 0.16], "texture": "#7"},
				"east": {"uv": [0, 0, 0.16, 0.32], "rotation": 90, "texture": "#7"},
				"south": {"uv": [0, 0, 0.32, 0.16], "rotation": 180, "texture": "#7"},
				"west": {"uv": [0, 0, 0.16, 0.32], "rotation": 270, "texture": "#7"},
				"up": {"uv": [0, 0, 0.32, 0.32], "texture": "#7"},
				"down": {"uv": [0, 0, 0.32, 0.32], "rotation": 180, "texture": "#7"}
			}
		},
		{
			"from": [7.5, 8.5, 2.75],
			"to": [8.5, 9, 3.75],
			"rotation": {"angle": -45, "axis": "z", "origin": [8, 7.75, 3.25]},
			"faces": {
				"north": {"uv": [0, 0, 0.32, 0.16], "texture": "#7"},
				"east": {"uv": [0, 0, 0.16, 0.32], "rotation": 90, "texture": "#7"},
				"south": {"uv": [0, 0, 0.32, 0.16], "rotation": 180, "texture": "#7"},
				"west": {"uv": [0, 0, 0.16, 0.32], "rotation": 270, "texture": "#7"},
				"up": {"uv": [0, 0, 0.32, 0.32], "texture": "#7"},
				"down": {"uv": [0, 0, 0.32, 0.32], "rotation": 180, "texture": "#7"}
			}
		},
		{
			"from": [8.75, 7.25, 2.75],
			"to": [9.25, 8.25, 3.75],
			"rotation": {"angle": 22.5, "axis": "z", "origin": [8, 7.75, 3.25]},
			"faces": {
				"north": {"uv": [0, 0, 0.32, 0.16], "rotation": 270, "texture": "#7"},
				"east": {"uv": [0, 0, 0.32, 0.32], "rotation": 90, "texture": "#7"},
				"south": {"uv": [0, 0, 0.32, 0.16], "rotation": 270, "texture": "#7"},
				"west": {"uv": [0, 0, 0.32, 0.32], "rotation": 270, "texture": "#7"},
				"up": {"uv": [0, 0, 0.16, 0.32], "texture": "#7"},
				"down": {"uv": [0, 0, 0.16, 0.32], "rotation": 180, "texture": "#7"}
			}
		},
		{
			"from": [8.75, 7.25, 2.75],
			"to": [9.25, 8.25, 3.75],
			"rotation": {"angle": 0, "axis": "y", "origin": [8, 7.75, 3.25]},
			"faces": {
				"north": {"uv": [0, 0, 0.32, 0.16], "rotation": 270, "texture": "#7"},
				"east": {"uv": [0, 0, 0.32, 0.32], "rotation": 90, "texture": "#7"},
				"south": {"uv": [0, 0, 0.32, 0.16], "rotation": 270, "texture": "#7"},
				"west": {"uv": [0, 0, 0.32, 0.32], "rotation": 270, "texture": "#7"},
				"up": {"uv": [0, 0, 0.16, 0.32], "texture": "#7"},
				"down": {"uv": [0, 0, 0.16, 0.32], "rotation": 180, "texture": "#7"}
			}
		},
		{
			"from": [8.75, 7.25, 2.75],
			"to": [9.25, 8.25, 3.75],
			"rotation": {"angle": -22.5, "axis": "z", "origin": [8, 7.75, 3.25]},
			"faces": {
				"north": {"uv": [0, 0, 0.32, 0.16], "rotation": 270, "texture": "#7"},
				"east": {"uv": [0, 0, 0.32, 0.32], "rotation": 90, "texture": "#7"},
				"south": {"uv": [0, 0, 0.32, 0.16], "rotation": 270, "texture": "#7"},
				"west": {"uv": [0, 0, 0.32, 0.32], "rotation": 270, "texture": "#7"},
				"up": {"uv": [0, 0, 0.16, 0.32], "texture": "#7"},
				"down": {"uv": [0, 0, 0.16, 0.32], "rotation": 180, "texture": "#7"}
			}
		},
		{
			"from": [8.75, 7.25, 2.75],
			"to": [9.25, 8.25, 3.75],
			"rotation": {"angle": -45, "axis": "z", "origin": [8, 7.75, 3.25]},
			"faces": {
				"north": {"uv": [0, 0, 0.32, 0.16], "rotation": 270, "texture": "#7"},
				"east": {"uv": [0, 0, 0.32, 0.32], "rotation": 90, "texture": "#7"},
				"south": {"uv": [0, 0, 0.32, 0.16], "rotation": 270, "texture": "#7"},
				"west": {"uv": [0, 0, 0.32, 0.32], "rotation": 270, "texture": "#7"},
				"up": {"uv": [0, 0, 0.16, 0.32], "texture": "#7"},
				"down": {"uv": [0, 0, 0.16, 0.32], "rotation": 180, "texture": "#7"}
			}
		},
		{
			"from": [7.5, 6.5, 2.75],
			"to": [8.5, 7, 3.75],
			"rotation": {"angle": 22.5, "axis": "z", "origin": [8, 7.75, 3.25]},
			"faces": {
				"north": {"uv": [0, 0, 0.32, 0.16], "rotation": 180, "texture": "#7"},
				"east": {"uv": [0, 0, 0.16, 0.32], "rotation": 90, "texture": "#7"},
				"south": {"uv": [0, 0, 0.32, 0.16], "texture": "#7"},
				"west": {"uv": [0, 0, 0.16, 0.32], "rotation": 270, "texture": "#7"},
				"up": {"uv": [0, 0, 0.32, 0.32], "texture": "#7"},
				"down": {"uv": [0, 0, 0.32, 0.32], "rotation": 180, "texture": "#7"}
			}
		}
	],
	"display": {
		"thirdperson_righthand": {
			"rotation": [0, 90, 0],
			"translation": [1.25, 5, 1.5],
			"scale": [0.3, 0.3, 0.3]
		},
		"thirdperson_lefthand": {
			"rotation": [0, 90, 0],
			"translation": [1.25, 5, 1.5],
			"scale": [0.3, 0.3, 0.3]
		},
		"firstperson_righthand": {
			"rotation": [0, 111, -3],
			"translation": [0.75, 9, 1.75],
			"scale": [0.4, 0.4, 0.4]
		},
		"firstperson_lefthand": {
			"rotation": [0, 111, -3],
			"translation": [0.75, 9, 1.75],
			"scale": [0.4, 0.4, 0.4]
		},
		"ground": {
			"translation": [0, 3.75, 0],
			"scale": [0.4, 0.4, 0.4]
		},
		"gui": {
			"translation": [0, 3, 0],
			"scale": [0.6, 0.6, -0.6]
		},
		"head": {
			"translation": [0, 4.75, 3]
		},
		"fixed": {
			"translation": [0, 4, 0],
			"scale": [0.7, 0.7, 0.7]
		}
	},
	"groups": [
		{
			"name": "wiiremote",
			"origin": [8, 8, 8],
			"children": [
				{
					"name": "base",
					"origin": [8, 8, 8],
					"children": [0]
				},
				{
					"name": "buttons",
					"origin": [8, 0.75, 7.75],
					"children": [1, 2, 3, 4, 5, 6, 7, 8]
				},
				{
					"name": "a",
					"origin": [8, 0.75, 11.5],
					"children": [9, 10, 11, 12]
				},
				{
					"name": "circle",
					"origin": [8, 8, 8],
					"children": [13, 14, 15, 16, 17, 18, 19, 20, 21, 22, 23, 24, 25, 26, 27, 28]
				}
			]
		}
	]
}