{
	"credit": "Made with Blockbench",
	"textures": {
		"0": "50/maskback",
		"1": "50/maskeyeline",
		"2": "50/eye",
		"particle": "50/maskback"
	},
	"elements": [
		{
			"from": [5.75, -0.72222, 3.86111],
			"to": [8.5, 2.27778, 4.11111],
			"rotation": {"angle": 0, "axis": "x", "origin": [6.30556, 0.31944, 6.04167]},
			"faces": {
				"north": {"uv": [0, 0, 2.75, 3], "rotation": 180, "texture": "#1"},
				"east": {"uv": [0, 0, 3, 0.25], "rotation": 90, "texture": "#1"},
				"south": {"uv": [0, 0, 2.75, 3], "texture": "#1"},
				"west": {"uv": [0, 0, 3, 0.25], "rotation": 270, "texture": "#1"},
				"up": {"uv": [0, 0, 2.75, 0.25], "texture": "#1"},
				"down": {"uv": [0, 0, 2.75, 0.25], "rotation": 180, "texture": "#1"}
			}
		},
		{
			"from": [6.5, 0.27778, 3.61111],
			"to": [7.5, 1.27778, 3.86111],
			"rotation": {"angle": 0, "axis": "x", "origin": [6.30556, 0.31944, 6.04167]},
			"faces": {
				"north": {"uv": [0, 0, 1, 1], "rotation": 180, "texture": "#2"},
				"east": {"uv": [0, 0, 1, 0.25], "rotation": 90, "texture": "#2"},
				"south": {"uv": [0, 0, 1, 1], "texture": "#2"},
				"west": {"uv": [0, 0, 1, 0.25], "rotation": 270, "texture": "#2"},
				"up": {"uv": [0, 0, 1, 0.25], "texture": "#2"},
				"down": {"uv": [0, 0, 1, 0.25], "rotation": 180, "texture": "#2"}
			}
		},
		{
			"from": [5.5, 0.27778, 3.61111],
			"to": [6.5, 1.27778, 3.86111],
			"rotation": {"angle": 0, "axis": "x", "origin": [6.30556, 0.31944, 6.04167]},
			"faces": {
				"north": {"uv": [0, 0, 1, 1], "rotation": 180, "texture": "#1"},
				"east": {"uv": [0, 0, 1, 0.25], "rotation": 90, "texture": "#1"},
				"south": {"uv": [0, 0, 1, 1], "texture": "#1"},
				"west": {"uv": [0, 0, 1, 0.25], "rotation": 270, "texture": "#1"},
				"up": {"uv": [0, 0, 1, 0.25], "texture": "#1"},
				"down": {"uv": [0, 0, 1, 0.25], "rotation": 180, "texture": "#1"}
			}
		},
		{
			"from": [6.5, -0.97222, 3.61111],
			"to": [7.5, 0.27778, 3.86111],
			"rotation": {"angle": 0, "axis": "x", "origin": [6.30556, 0.31944, 6.04167]},
			"faces": {
				"north": {"uv": [0, 0, 1, 1.25], "rotation": 180, "texture": "#1"},
				"east": {"uv": [0, 0, 1.25, 0.25], "rotation": 90, "texture": "#1"},
				"south": {"uv": [0, 0, 1, 1.25], "texture": "#1"},
				"west": {"uv": [0, 0, 1.25, 0.25], "rotation": 270, "texture": "#1"},
				"up": {"uv": [0, 0, 1, 0.25], "texture": "#1"},
				"down": {"uv": [0, 0, 1, 0.25], "rotation": 180, "texture": "#1"}
			}
		},
		{
			"from": [3.5, -0.72222, 4.11111],
			"to": [4.75, 1.27778, 4.36111],
			"rotation": {"angle": 0, "axis": "x", "origin": [6.30556, 0.31944, 6.04167]},
			"faces": {
				"north": {"uv": [0, 0, 1.25, 2], "rotation": 180, "texture": "#0"},
				"east": {"uv": [0, 0, 2, 0.25], "rotation": 90, "texture": "#0"},
				"south": {"uv": [0, 0, 1.25, 2], "texture": "#0"},
				"west": {"uv": [0, 0, 2, 0.25], "rotation": 270, "texture": "#0"},
				"up": {"uv": [0, 0, 1.25, 0.25], "texture": "#0"},
				"down": {"uv": [0, 0, 1.25, 0.25], "rotation": 180, "texture": "#0"}
			}
		},
		{
			"from": [4.25, 1.27778, 4.11111],
			"to": [4.75, 3.27778, 4.36111],
			"rotation": {"angle": 0, "axis": "x", "origin": [6.30556, 0.31944, 6.04167]},
			"faces": {
				"north": {"uv": [0, 0, 0.5, 2], "rotation": 180, "texture": "#0"},
				"east": {"uv": [0, 0, 2, 0.25], "rotation": 90, "texture": "#0"},
				"south": {"uv": [0, 0, 0.5, 2], "texture": "#0"},
				"west": {"uv": [0, 0, 2, 0.25], "rotation": 270, "texture": "#0"},
				"up": {"uv": [0, 0, 0.5, 0.25], "texture": "#0"},
				"down": {"uv": [0, 0, 0.5, 0.25], "rotation": 180, "texture": "#0"}
			}
		},
		{
			"from": [4.75, -1.72222, 4.11111],
			"to": [6.5, 3.27778, 4.36111],
			"rotation": {"angle": 0, "axis": "x", "origin": [6.30556, 0.31944, 6.04167]},
			"faces": {
				"north": {"uv": [0, 0, 1.75, 5], "rotation": 180, "texture": "#0"},
				"east": {"uv": [0, 0, 5, 0.25], "rotation": 90, "texture": "#0"},
				"south": {"uv": [0, 0, 1.75, 5], "texture": "#0"},
				"west": {"uv": [0, 0, 5, 0.25], "rotation": 270, "texture": "#0"},
				"up": {"uv": [0, 0, 1.75, 0.25], "texture": "#0"},
				"down": {"uv": [0, 0, 1.75, 0.25], "rotation": 180, "texture": "#0"}
			}
		},
		{
			"from": [6.5, -2.72222, 4.11111],
			"to": [8.25, 3.27778, 4.36111],
			"rotation": {"angle": 0, "axis": "x", "origin": [6.30556, 0.31944, 6.04167]},
			"faces": {
				"north": {"uv": [0, 0, 1.75, 6], "rotation": 180, "texture": "#0"},
				"east": {"uv": [0, 0, 6, 0.25], "rotation": 90, "texture": "#0"},
				"south": {"uv": [0, 0, 1.75, 6], "texture": "#0"},
				"west": {"uv": [0, 0, 6, 0.25], "rotation": 270, "texture": "#0"},
				"up": {"uv": [0, 0, 1.75, 0.25], "texture": "#0"},
				"down": {"uv": [0, 0, 1.75, 0.25], "rotation": 180, "texture": "#0"}
			}
		},
		{
			"from": [7.5, -3.72222, 4.11111],
			"to": [8.5, -1.72222, 4.36111],
			"rotation": {"angle": 0, "axis": "x", "origin": [6.30556, 0.31944, 6.04167]},
			"faces": {
				"north": {"uv": [0, 0, 1, 2], "rotation": 180, "texture": "#0"},
				"east": {"uv": [0, 0, 2, 0.25], "rotation": 90, "texture": "#0"},
				"south": {"uv": [0, 0, 1, 2], "texture": "#0"},
				"west": {"uv": [0, 0, 2, 0.25], "rotation": 270, "texture": "#0"},
				"up": {"uv": [0, 0, 1, 0.25], "texture": "#0"},
				"down": {"uv": [0, 0, 1, 0.25], "rotation": 180, "texture": "#0"}
			}
		}
	],
	"display": {
		"thirdperson_righthand": {
			"rotation": [-27, 88, 0],
			"translation": [3.5, 8.75, -4]
		},
		"thirdperson_lefthand": {
			"rotation": [-27, 88, 0],
			"translation": [3.5, 8.75, -3.5]
		},
		"firstperson_righthand": {
			"rotation": [0, -40, 0],
			"translation": [13.75, 9.75, -21.25],
			"scale": [-2, 2, -2]
		},
		"firstperson_lefthand": {
			"rotation": [0, -40, 0],
			"translation": [13.75, 9.75, -21.25],
			"scale": [2, 2, -2]
		},
		"ground": {
			"translation": [0, 8.75, 0]
		},
		"gui": {
			"translation": [3.25, 17, 6.5],
			"scale": [2, 2, -2]
		},
		"head": {
			"translation": [0, 16, 0.25],
			"scale": [2, 2, 2]
		},
		"fixed": {
			"translation": [3.25, 17, 6.5],
			"scale": [2, 2, 2]
		}
	},
	"groups": [
		{
			"name": "whole mask",
			"origin": [8, 8, 8],
			"children": [
				{
					"name": "eye",
					"origin": [8, 8, 8],
					"children": [0, 1, 2, 3]
				},
				{
					"name": "mask",
					"origin": [8, 8, 8],
					"children": [4, 5, 6, 7, 8]
				}
			]
		}
	]
}