{
	"credit": "Made with Blockbench",
	"textures": {
		"0": "38/texture",
		"particle": "38/texture"
	},
	"elements": [
		{
			"from": [0, -5, 5],
			"to": [16, 11, 5],
			"faces": {
				"north": {"uv": [0, 0, 16, 16], "rotation": 180, "texture": "#0"},
				"east": {"uv": [0, 0, 16, 0], "rotation": 90, "texture": "#0"},
				"south": {"uv": [0, 0, 16, 16], "texture": "#0"},
				"west": {"uv": [0, 0, 16, 0], "rotation": 270, "texture": "#0"},
				"up": {"uv": [0, 0, 16, 0], "texture": "#0"},
				"down": {"uv": [0, 0, 16, 0], "rotation": 180, "texture": "#0"}
			}
		}
	],
	"display": {
		"thirdperson_righthand": {
			"translation": [0, -0.5, 0.75],
			"scale": [0.3, 0.3, 0.3]
		},
		"thirdperson_lefthand": {
			"translation": [0, -0.5, 0.75],
			"scale": [0.3, 0.3, 0.3]
		},
		"firstperson_righthand": {
			"translation": [0, 11.75, 0],
			"scale": [0, 0, 0]
		},
		"firstperson_lefthand": {
			"translation": [0, 11.75, 0],
			"scale": [0, 0, 0]
		},
		"ground": {
			"translation": [0, 10.5, 0]
		},
		"gui": {
			"translation": [0, 4.75, 2.25],
			"scale": [0.9, 0.9, 0.9]
		},
		"fixed": {
			"translation": [0, 5.25, 2.25]
		}
	},
	"groups": [
		{
			"name": "background",
			"origin": [8, 8, 8],
			"children": [0]
		}
	]
}