{
	"credit": "Made with Blockbench",
	"textures": {
		"0": "70/arrow",
		"particle": "70/arrow"
	},
	"elements": [
		{
			"from": [7, 0, 1.75],
			"to": [9, 0.25, 9],
			"rotation": {"angle": 0, "axis": "y", "origin": [0.5, 0, -1]},
			"faces": {
				"north": {"uv": [0, 0, 2, 0.25], "texture": "#0"},
				"east": {"uv": [0, 0, 7.25, 0.25], "texture": "#0"},
				"south": {"uv": [0, 0, 2, 0.25], "texture": "#0"},
				"west": {"uv": [0, 0, 7.25, 0.25], "texture": "#0"},
				"up": {"uv": [0, 0, 2, 7.25], "texture": "#0"},
				"down": {"uv": [0, 0, 2, 7.25], "texture": "#0"}
			}
		},
		{
			"from": [8.5, 0, -2.5],
			"to": [9, 0.25, 1.5],
			"rotation": {"angle": 0, "axis": "y", "origin": [0.5, 0, -1]},
			"faces": {
				"north": {"uv": [0, 0, 0.5, 0.25], "texture": "#0"},
				"east": {"uv": [0, 0, 4, 0.25], "texture": "#0"},
				"south": {"uv": [0, 0, 0.5, 0.25], "texture": "#0"},
				"west": {"uv": [0, 0, 4, 0.25], "texture": "#0"},
				"up": {"uv": [0, 0, 0.5, 4], "texture": "#0"},
				"down": {"uv": [0, 0, 0.5, 4], "texture": "#0"}
			}
		},
		{
			"from": [7, 0, -3.5],
			"to": [7.5, 0.25, 1.5],
			"rotation": {"angle": 0, "axis": "y", "origin": [0.5, 0, -1]},
			"faces": {
				"north": {"uv": [0, 0, 0.5, 0.25], "texture": "#0"},
				"east": {"uv": [0, 0, 5, 0.25], "texture": "#0"},
				"south": {"uv": [0, 0, 0.5, 0.25], "texture": "#0"},
				"west": {"uv": [0, 0, 5, 0.25], "texture": "#0"},
				"up": {"uv": [0, 0, 0.5, 5], "texture": "#0"},
				"down": {"uv": [0, 0, 0.5, 5], "texture": "#0"}
			}
		},
		{
			"from": [7.75, 0, -1.75],
			"to": [8.25, 0.25, 1.5],
			"rotation": {"angle": 0, "axis": "y", "origin": [0.5, 0, -1]},
			"faces": {
				"north": {"uv": [0, 0, 0.5, 0.25], "texture": "#0"},
				"east": {"uv": [0, 0, 3.25, 0.25], "texture": "#0"},
				"south": {"uv": [0, 0, 0.5, 0.25], "texture": "#0"},
				"west": {"uv": [0, 0, 3.25, 0.25], "texture": "#0"},
				"up": {"uv": [0, 0, 0.5, 3.25], "texture": "#0"},
				"down": {"uv": [0, 0, 0.5, 3.25], "texture": "#0"}
			}
		},
		{
			"from": [4.5, 0, 9],
			"to": [11.5, 0.25, 10],
			"rotation": {"angle": 0, "axis": "y", "origin": [0.5, 0, -1]},
			"faces": {
				"north": {"uv": [0, 0, 7, 0.25], "texture": "#0"},
				"east": {"uv": [0, 0, 1, 0.25], "texture": "#0"},
				"south": {"uv": [0, 0, 7, 0.25], "texture": "#0"},
				"west": {"uv": [0, 0, 1, 0.25], "texture": "#0"},
				"up": {"uv": [0, 0, 7, 1], "texture": "#0"},
				"down": {"uv": [0, 0, 7, 1], "texture": "#0"}
			}
		},
		{
			"from": [5.5, 0, 10],
			"to": [6.5, 0.25, 17.75],
			"rotation": {"angle": 22.5, "axis": "y", "origin": [5, 0.5, 12.5]},
			"faces": {
				"north": {"uv": [0, 0, 1, 0.25], "texture": "#0"},
				"east": {"uv": [0, 0, 7.75, 0.25], "texture": "#0"},
				"south": {"uv": [0, 0, 1, 0.25], "texture": "#0"},
				"west": {"uv": [0, 0, 7.75, 0.25], "texture": "#0"},
				"up": {"uv": [0, 0, 1, 7.75], "texture": "#0"},
				"down": {"uv": [0, 0, 1, 7.75], "texture": "#0"}
			}
		},
		{
			"from": [9.5, 0, 10.25],
			"to": [10.5, 0.25, 18.5],
			"rotation": {"angle": -22.5, "axis": "y", "origin": [12, 0.5, 12.5]},
			"faces": {
				"north": {"uv": [1, 0, 2, 0.25], "texture": "#0"},
				"east": {"uv": [5, 0, 13.25, 0.25], "texture": "#0"},
				"south": {"uv": [1, 0, 2, 0.25], "texture": "#0"},
				"west": {"uv": [5, 0, 13.25, 0.25], "texture": "#0"},
				"up": {"uv": [1, 0, 2, 8.25], "texture": "#0"},
				"down": {"uv": [1, 0, 2, 8.25], "texture": "#0"}
			}
		}
	],
	"display": {
		"thirdperson_righthand": {
			"rotation": [-92, 0, 0],
			"translation": [0, -2.25, -3.5],
			"scale": [0.4, 0.4, 0.4]
		},
		"thirdperson_lefthand": {
			"rotation": [-92, 0, 0],
			"translation": [0, -2.25, -3.5],
			"scale": [0.4, 0.4, 0.4]
		},
		"firstperson_righthand": {
			"rotation": [-90, 0, 0],
			"translation": [6.5, 1.75, -9.5],
			"scale": [0.5, 0.5, 0.5]
		},
		"firstperson_lefthand": {
			"rotation": [-90, 0, 0],
			"translation": [6.5, 1.75, -9.5],
			"scale": [0.5, 0.5, 0.5]
		},
		"ground": {
			"translation": [0, 7, 0]
		},
		"gui": {
			"rotation": [-90, 0, 0],
			"translation": [0, 0.5, -8.25],
			"scale": [0.7, 0.7, 0.7]
		},
		"fixed": {
			"rotation": [-90, 0, 0],
			"translation": [0, 1, -8.25],
			"scale": [0.9, 0.9, 0.9]
		}
	},
	"groups": [
		{
			"name": "outline",
			"origin": [8, 8, 8],
			"children": [0, 1, 2, 3, 4, 5, 6]
		}
	]
}