{
	"credit": "Made with Blockbench",
	"textures": {
		"0": "26/jax",
		"1": "26/defense",
		"particle": "26/jax"
	},
	"elements": [
		{
			"from": [7, -2, 5],
			"to": [9, -1, 5],
			"rotation": {"angle": 22.5, "axis": "z", "origin": [8, 2, 4]},
			"faces": {
				"north": {"uv": [0, 0, 2, 1], "rotation": 180, "texture": "#1"},
				"east": {"uv": [0, 0, 1, 0], "rotation": 90, "texture": "#1"},
				"south": {"uv": [0, 0, 2, 1], "texture": "#1"},
				"west": {"uv": [0, 0, 1, 0], "rotation": 270, "texture": "#1"},
				"up": {"uv": [0, 0, 2, 0], "texture": "#1"},
				"down": {"uv": [0, 0, 2, 0], "rotation": 180, "texture": "#1"}
			}
		},
		{
			"from": [11, 1, 5],
			"to": [12, 3, 5],
			"rotation": {"angle": -45, "axis": "z", "origin": [8, 2, 4]},
			"faces": {
				"north": {"uv": [0, 0, 2, 1], "rotation": 270, "texture": "#1"},
				"east": {"uv": [0, 0, 2, 0], "rotation": 90, "texture": "#1"},
				"south": {"uv": [0, 0, 2, 1], "rotation": 270, "texture": "#1"},
				"west": {"uv": [0, 0, 2, 0], "rotation": 270, "texture": "#1"},
				"up": {"uv": [0, 0, 1, 0], "texture": "#1"},
				"down": {"uv": [0, 0, 1, 0], "rotation": 180, "texture": "#1"}
			}
		},
		{
			"from": [11, 1, 5],
			"to": [12, 3, 5],
			"rotation": {"angle": -22.5, "axis": "z", "origin": [8, 2, 4]},
			"faces": {
				"north": {"uv": [0, 0, 2, 1], "rotation": 270, "texture": "#1"},
				"east": {"uv": [0, 0, 2, 0], "rotation": 90, "texture": "#1"},
				"south": {"uv": [0, 0, 2, 1], "rotation": 270, "texture": "#1"},
				"west": {"uv": [0, 0, 2, 0], "rotation": 270, "texture": "#1"},
				"up": {"uv": [0, 0, 1, 0], "texture": "#1"},
				"down": {"uv": [0, 0, 1, 0], "rotation": 180, "texture": "#1"}
			}
		},
		{
			"from": [11, 1, 5],
			"to": [12, 3, 5],
			"rotation": {"angle": 0, "axis": "y", "origin": [8, 2, 4]},
			"faces": {
				"north": {"uv": [0, 0, 2, 1], "rotation": 270, "texture": "#1"},
				"east": {"uv": [0, 0, 2, 0], "rotation": 90, "texture": "#1"},
				"south": {"uv": [0, 0, 2, 1], "rotation": 270, "texture": "#1"},
				"west": {"uv": [0, 0, 2, 0], "rotation": 270, "texture": "#1"},
				"up": {"uv": [0, 0, 1, 0], "texture": "#1"},
				"down": {"uv": [0, 0, 1, 0], "rotation": 180, "texture": "#1"}
			}
		},
		{
			"from": [11, 1, 5],
			"to": [12, 3, 5],
			"rotation": {"angle": 22.5, "axis": "z", "origin": [8, 2, 4]},
			"faces": {
				"north": {"uv": [0, 0, 2, 1], "rotation": 270, "texture": "#1"},
				"east": {"uv": [0, 0, 2, 0], "rotation": 90, "texture": "#1"},
				"south": {"uv": [0, 0, 2, 1], "rotation": 270, "texture": "#1"},
				"west": {"uv": [0, 0, 2, 0], "rotation": 270, "texture": "#1"},
				"up": {"uv": [0, 0, 1, 0], "texture": "#1"},
				"down": {"uv": [0, 0, 1, 0], "rotation": 180, "texture": "#1"}
			}
		},
		{
			"from": [7, 5, 5],
			"to": [9, 6, 5],
			"rotation": {"angle": -45, "axis": "z", "origin": [8, 2, 4]},
			"faces": {
				"north": {"uv": [0, 0, 2, 1], "texture": "#1"},
				"east": {"uv": [0, 0, 1, 0], "rotation": 90, "texture": "#1"},
				"south": {"uv": [0, 0, 2, 1], "rotation": 180, "texture": "#1"},
				"west": {"uv": [0, 0, 1, 0], "rotation": 270, "texture": "#1"},
				"up": {"uv": [0, 0, 2, 0], "texture": "#1"},
				"down": {"uv": [0, 0, 2, 0], "rotation": 180, "texture": "#1"}
			}
		},
		{
			"from": [7, 5, 5],
			"to": [9, 6, 5],
			"rotation": {"angle": -22.5, "axis": "z", "origin": [8, 2, 4]},
			"faces": {
				"north": {"uv": [0, 0, 2, 1], "texture": "#1"},
				"east": {"uv": [0, 0, 1, 0], "rotation": 90, "texture": "#1"},
				"south": {"uv": [0, 0, 2, 1], "rotation": 180, "texture": "#1"},
				"west": {"uv": [0, 0, 1, 0], "rotation": 270, "texture": "#1"},
				"up": {"uv": [0, 0, 2, 0], "texture": "#1"},
				"down": {"uv": [0, 0, 2, 0], "rotation": 180, "texture": "#1"}
			}
		},
		{
			"from": [7, 5, 5],
			"to": [9, 6, 5],
			"rotation": {"angle": 0, "axis": "y", "origin": [8, 2, 4]},
			"faces": {
				"north": {"uv": [0, 0, 2, 1], "texture": "#1"},
				"east": {"uv": [0, 0, 1, 0], "rotation": 90, "texture": "#1"},
				"south": {"uv": [0, 0, 2, 1], "rotation": 180, "texture": "#1"},
				"west": {"uv": [0, 0, 1, 0], "rotation": 270, "texture": "#1"},
				"up": {"uv": [0, 0, 2, 0], "texture": "#1"},
				"down": {"uv": [0, 0, 2, 0], "rotation": 180, "texture": "#1"}
			}
		},
		{
			"from": [7, 5, 5],
			"to": [9, 6, 5],
			"rotation": {"angle": 22.5, "axis": "z", "origin": [8, 2, 4]},
			"faces": {
				"north": {"uv": [0, 0, 2, 1], "texture": "#1"},
				"east": {"uv": [0, 0, 1, 0], "rotation": 90, "texture": "#1"},
				"south": {"uv": [0, 0, 2, 1], "rotation": 180, "texture": "#1"},
				"west": {"uv": [0, 0, 1, 0], "rotation": 270, "texture": "#1"},
				"up": {"uv": [0, 0, 2, 0], "texture": "#1"},
				"down": {"uv": [0, 0, 2, 0], "rotation": 180, "texture": "#1"}
			}
		},
		{
			"from": [4, 1, 5],
			"to": [5, 3, 5],
			"rotation": {"angle": -45, "axis": "z", "origin": [8, 2, 4]},
			"faces": {
				"north": {"uv": [0, 0, 2, 1], "rotation": 90, "texture": "#1"},
				"east": {"uv": [0, 0, 2, 0], "rotation": 90, "texture": "#1"},
				"south": {"uv": [0, 0, 2, 1], "rotation": 90, "texture": "#1"},
				"west": {"uv": [0, 0, 2, 0], "rotation": 270, "texture": "#1"},
				"up": {"uv": [0, 0, 1, 0], "texture": "#1"},
				"down": {"uv": [0, 0, 1, 0], "rotation": 180, "texture": "#1"}
			}
		},
		{
			"from": [4, 1, 5],
			"to": [5, 3, 5],
			"rotation": {"angle": -22.5, "axis": "z", "origin": [8, 2, 4]},
			"faces": {
				"north": {"uv": [0, 0, 2, 1], "rotation": 90, "texture": "#1"},
				"east": {"uv": [0, 0, 2, 0], "rotation": 90, "texture": "#1"},
				"south": {"uv": [0, 0, 2, 1], "rotation": 90, "texture": "#1"},
				"west": {"uv": [0, 0, 2, 0], "rotation": 270, "texture": "#1"},
				"up": {"uv": [0, 0, 1, 0], "texture": "#1"},
				"down": {"uv": [0, 0, 1, 0], "rotation": 180, "texture": "#1"}
			}
		},
		{
			"from": [4, 1, 5],
			"to": [5, 3, 5],
			"rotation": {"angle": 0, "axis": "y", "origin": [8, 2, 4]},
			"faces": {
				"north": {"uv": [0, 0, 2, 1], "rotation": 90, "texture": "#1"},
				"east": {"uv": [0, 0, 2, 0], "rotation": 90, "texture": "#1"},
				"south": {"uv": [0, 0, 2, 1], "rotation": 90, "texture": "#1"},
				"west": {"uv": [0, 0, 2, 0], "rotation": 270, "texture": "#1"},
				"up": {"uv": [0, 0, 1, 0], "texture": "#1"},
				"down": {"uv": [0, 0, 1, 0], "rotation": 180, "texture": "#1"}
			}
		},
		{
			"from": [4, 1, 5],
			"to": [5, 3, 5],
			"rotation": {"angle": 22.5, "axis": "z", "origin": [8, 2, 4]},
			"faces": {
				"north": {"uv": [0, 0, 2, 1], "rotation": 90, "texture": "#1"},
				"east": {"uv": [0, 0, 2, 0], "rotation": 90, "texture": "#1"},
				"south": {"uv": [0, 0, 2, 1], "rotation": 90, "texture": "#1"},
				"west": {"uv": [0, 0, 2, 0], "rotation": 270, "texture": "#1"},
				"up": {"uv": [0, 0, 1, 0], "texture": "#1"},
				"down": {"uv": [0, 0, 1, 0], "rotation": 180, "texture": "#1"}
			}
		},
		{
			"from": [7, -2, 5],
			"to": [9, -1, 5],
			"rotation": {"angle": -45, "axis": "z", "origin": [8, 2, 4]},
			"faces": {
				"north": {"uv": [0, 0, 2, 1], "rotation": 180, "texture": "#1"},
				"east": {"uv": [0, 0, 1, 0], "rotation": 90, "texture": "#1"},
				"south": {"uv": [0, 0, 2, 1], "texture": "#1"},
				"west": {"uv": [0, 0, 1, 0], "rotation": 270, "texture": "#1"},
				"up": {"uv": [0, 0, 2, 0], "texture": "#1"},
				"down": {"uv": [0, 0, 2, 0], "rotation": 180, "texture": "#1"}
			}
		},
		{
			"from": [7, -2, 5],
			"to": [9, -1, 5],
			"rotation": {"angle": -22.5, "axis": "z", "origin": [8, 2, 4]},
			"faces": {
				"north": {"uv": [0, 0, 2, 1], "rotation": 180, "texture": "#1"},
				"east": {"uv": [0, 0, 1, 0], "rotation": 90, "texture": "#1"},
				"south": {"uv": [0, 0, 2, 1], "texture": "#1"},
				"west": {"uv": [0, 0, 1, 0], "rotation": 270, "texture": "#1"},
				"up": {"uv": [0, 0, 2, 0], "texture": "#1"},
				"down": {"uv": [0, 0, 2, 0], "rotation": 180, "texture": "#1"}
			}
		},
		{
			"from": [7, -2, 5],
			"to": [9, -1, 5],
			"rotation": {"angle": 0, "axis": "y", "origin": [8, 2, 4]},
			"faces": {
				"north": {"uv": [0, 0, 2, 1], "rotation": 180, "texture": "#1"},
				"east": {"uv": [0, 0, 1, 0], "rotation": 90, "texture": "#1"},
				"south": {"uv": [0, 0, 2, 1], "texture": "#1"},
				"west": {"uv": [0, 0, 1, 0], "rotation": 270, "texture": "#1"},
				"up": {"uv": [0, 0, 2, 0], "texture": "#1"},
				"down": {"uv": [0, 0, 2, 0], "rotation": 180, "texture": "#1"}
			}
		},
		{
			"from": [5.5, -4.25, 5],
			"to": [6.5, -2.25, 5],
			"rotation": {"angle": -22.5, "axis": "z", "origin": [16, -5.25, 5]},
			"faces": {
				"north": {"uv": [1, 0, 2, 2], "rotation": 180, "texture": "#0"},
				"east": {"uv": [2, 0, 4, 0], "rotation": 90, "texture": "#0"},
				"south": {"uv": [1, 0, 2, 2], "texture": "#0"},
				"west": {"uv": [2, 0, 4, 0], "rotation": 270, "texture": "#0"},
				"up": {"uv": [1, 0, 2, 0], "texture": "#0"},
				"down": {"uv": [1, 0, 2, 0], "rotation": 180, "texture": "#0"}
			}
		},
		{
			"from": [9.5, -4.25, 5],
			"to": [10.5, -2.25, 5],
			"rotation": {"angle": 22.5, "axis": "z", "origin": [0, -5.25, 5]},
			"faces": {
				"north": {"uv": [0, 0, 1, 2], "rotation": 180, "texture": "#0"},
				"east": {"uv": [0, 0, 2, 0], "rotation": 90, "texture": "#0"},
				"south": {"uv": [0, 0, 1, 2], "texture": "#0"},
				"west": {"uv": [0, 0, 2, 0], "rotation": 270, "texture": "#0"},
				"up": {"uv": [0, 0, 1, 0], "texture": "#0"},
				"down": {"uv": [0, 0, 1, 0], "rotation": 180, "texture": "#0"}
			}
		},
		{
			"from": [7.5, 0.75, 5],
			"to": [8.5, 2.75, 5],
			"rotation": {"angle": 0, "axis": "y", "origin": [0, -5.25, 5]},
			"faces": {
				"north": {"uv": [0, 0, 1, 2], "rotation": 180, "texture": "#0"},
				"east": {"uv": [0, 0, 2, 0], "rotation": 90, "texture": "#0"},
				"south": {"uv": [0, 0, 1, 2], "texture": "#0"},
				"west": {"uv": [0, 0, 2, 0], "rotation": 270, "texture": "#0"},
				"up": {"uv": [0, 0, 1, 0], "texture": "#0"},
				"down": {"uv": [0, 0, 1, 0], "rotation": 180, "texture": "#0"}
			}
		},
		{
			"from": [7, 2.75, 5],
			"to": [9, 4.75, 5],
			"rotation": {"angle": 0, "axis": "y", "origin": [0, -5.25, 5]},
			"faces": {
				"north": {"uv": [0, 0, 2, 2], "rotation": 180, "texture": "#0"},
				"east": {"uv": [0, 0, 2, 0], "rotation": 90, "texture": "#0"},
				"south": {"uv": [0, 0, 2, 2], "texture": "#0"},
				"west": {"uv": [0, 0, 2, 0], "rotation": 270, "texture": "#0"},
				"up": {"uv": [0, 0, 2, 0], "texture": "#0"},
				"down": {"uv": [0, 0, 2, 0], "rotation": 180, "texture": "#0"}
			}
		},
		{
			"from": [6.5, 1.75, 5],
			"to": [9.5, 2.75, 5],
			"rotation": {"angle": 0, "axis": "y", "origin": [0, -5.25, 5]},
			"faces": {
				"north": {"uv": [0, 0, 3, 1], "rotation": 180, "texture": "#0"},
				"east": {"uv": [0, 0, 1, 0], "rotation": 90, "texture": "#0"},
				"south": {"uv": [0, 0, 3, 1], "texture": "#0"},
				"west": {"uv": [0, 0, 1, 0], "rotation": 270, "texture": "#0"},
				"up": {"uv": [0, 0, 3, 0], "texture": "#0"},
				"down": {"uv": [0, 0, 3, 0], "rotation": 180, "texture": "#0"}
			}
		}
	],
	"display": {
		"thirdperson_righthand": {
			"translation": [0, 4, 2.5]
		},
		"thirdperson_lefthand": {
			"translation": [0, 4, 2.5]
		},
		"firstperson_righthand": {
			"rotation": [0, 25, 0],
			"translation": [0.25, 10.25, 4.5]
		},
		"firstperson_lefthand": {
			"rotation": [0, 25, 0],
			"translation": [0.25, 10.25, 4.5]
		},
		"ground": {
			"translation": [0, 7.5, 0]
		},
		"gui": {
			"translation": [0, 12.25, 4.5],
			"scale": [2, 2, 2]
		},
		"fixed": {
			"translation": [0, 12.25, 4.5],
			"scale": [2, 2, 2]
		}
	},
	"groups": [
		{
			"name": "unit",
			"origin": [8, 8, 8],
			"children": [
				{
					"name": "group",
					"origin": [8, 8, 8],
					"children": [0, 1, 2, 3, 4, 5, 6, 7, 8, 9, 10, 11, 12, 13, 14, 15]
				},
				{
					"name": "jax",
					"origin": [8, 8, 8],
					"children": [16, 17, 18, 19, 20]
				}
			]
		}
	]
}