{
	"credit": "Made with Blockbench",
	"textures": {
		"0": "1/blade0",
		"1": "1/handlewrap",
		"2": "1/pommel",
		"3": "1/hilt",
		"particle": "1/blade0"
	},
	"elements": [
		{
			"from": [7.4, -16, 7.5],
			"to": [8.6, -14.5, 8.5],
			"rotation": {"angle": 0, "axis": "y", "origin": [8, -8, 8]},
			"faces": {
				"north": {"uv": [0, 0, 16, 16], "texture": "#2"},
				"east": {"uv": [0, 0, 16, 16], "texture": "#2"},
				"south": {"uv": [0, 0, 16, 16], "texture": "#2"},
				"west": {"uv": [0, 0, 16, 16], "texture": "#2"},
				"up": {"uv": [0, 0, 16, 16], "texture": "#2"},
				"down": {"uv": [0, 0, 2, 16], "texture": "#2"}
			}
		},
		{
			"from": [7.45, -14.5, 7.5],
			"to": [8.55, -5, 8.5],
			"rotation": {"angle": 0, "axis": "y", "origin": [8, -8, 8]},
			"faces": {
				"north": {"uv": [0, 0, 6, 16], "texture": "#1"},
				"east": {"uv": [0, 0, 6, 16], "texture": "#1"},
				"south": {"uv": [0, 0, 6, 16], "texture": "#1"},
				"west": {"uv": [0, 0, 6, 16], "texture": "#1"},
				"up": {"uv": [0, 0, 6, 16], "texture": "#1"},
				"down": {"uv": [0, 0, 6, 16], "texture": "#1"}
			}
		},
		{
			"from": [8.6, -15.5, 7.5],
			"to": [8.7, -14.5, 8.5],
			"rotation": {"angle": 0, "axis": "y", "origin": [8.05, -8, 8]},
			"faces": {
				"north": {"uv": [0, 0, 16, 16], "texture": "#2"},
				"east": {"uv": [0, 0, 16, 16], "texture": "#2"},
				"south": {"uv": [0, 0, 16, 16], "texture": "#2"},
				"west": {"uv": [0, 0, 16, 16], "texture": "#2"},
				"up": {"uv": [0, 0, 0.2, 1], "texture": "#2"},
				"down": {"uv": [0, 0, 0.2, 1], "texture": "#2"}
			}
		},
		{
			"from": [7.45, -15.5, 7.35],
			"to": [8.55, -14.5, 7.5],
			"rotation": {"angle": 0, "axis": "y", "origin": [7.9, -8, 7]},
			"faces": {
				"north": {"uv": [0, 0, 16, 16], "texture": "#2"},
				"east": {"uv": [0, 0, 16, 16], "texture": "#2"},
				"south": {"uv": [0, 0, 16, 16], "texture": "#2"},
				"west": {"uv": [0, 0, 16, 16], "texture": "#2"},
				"up": {"uv": [0, 0, 0.2, 1], "texture": "#2"},
				"down": {"uv": [0, 0, 0.2, 1], "texture": "#2"}
			}
		},
		{
			"from": [7.45, -15.5, 8.5],
			"to": [8.55, -14.5, 8.65],
			"rotation": {"angle": 0, "axis": "y", "origin": [7.9, -8, 8.15]},
			"faces": {
				"north": {"uv": [0, 0, 16, 16], "texture": "#2"},
				"east": {"uv": [0, 0, 16, 16], "texture": "#2"},
				"south": {"uv": [0, 0, 16, 16], "texture": "#2"},
				"west": {"uv": [0, 0, 16, 16], "texture": "#2"},
				"up": {"uv": [0, 0, 0.2, 1], "texture": "#2"},
				"down": {"uv": [0, 0, 0.2, 1], "texture": "#2"}
			}
		},
		{
			"from": [7.3, -15.5, 7.5],
			"to": [7.4, -14.5, 8.5],
			"rotation": {"angle": 0, "axis": "y", "origin": [8, -8, 8]},
			"faces": {
				"north": {"uv": [0, 0, 16, 16], "texture": "#2"},
				"east": {"uv": [0, 0, 16, 16], "texture": "#2"},
				"south": {"uv": [0, 0, 16, 16], "texture": "#2"},
				"west": {"uv": [0, 0, 16, 16], "texture": "#2"},
				"up": {"uv": [0, 0, 16, 16], "texture": "#2"},
				"down": {"uv": [0, 0, 0.2, 1], "texture": "#2"}
			}
		},
		{
			"from": [8.5, -5, 4.9],
			"to": [9, -2, 11.1],
			"rotation": {"angle": 0, "axis": "y", "origin": [8, -6, 8]},
			"faces": {
				"north": {"uv": [0, 0, 3, 2], "texture": "#3"},
				"east": {"uv": [0, 2, 16, 16], "texture": "#3"},
				"south": {"uv": [0, 0, 2, 3], "texture": "#3"},
				"west": {"uv": [0, 2, 16, 16], "texture": "#3"},
				"up": {"uv": [0, 0, 0, 16], "texture": "#3"},
				"down": {"uv": [0, 0, 0, 16], "texture": "#3"}
			}
		},
		{
			"from": [7, -5, 4.9],
			"to": [7.5, -2, 11.1],
			"rotation": {"angle": 0, "axis": "y", "origin": [6.5, -6, 8]},
			"faces": {
				"north": {"uv": [0, 0, 3, 2], "texture": "#3"},
				"east": {"uv": [0, 2, 16, 16], "texture": "#3"},
				"south": {"uv": [0, 0, 2, 3], "texture": "#3"},
				"west": {"uv": [0, 2, 16, 16], "texture": "#3"},
				"up": {"uv": [0, 0, 0, 16], "texture": "#3"},
				"down": {"uv": [0, 0, 0, 16], "texture": "#3"}
			}
		},
		{
			"from": [7, -2, 5.4],
			"to": [7.5, -0.75, 10.6],
			"rotation": {"angle": 0, "axis": "y", "origin": [6.5, -3, 8]},
			"faces": {
				"north": {"uv": [0, 0, 3, 2], "texture": "#3"},
				"east": {"uv": [0, 0, 16, 16], "texture": "#3"},
				"south": {"uv": [0, 0, 2, 3], "texture": "#3"},
				"west": {"uv": [0, 0, 16, 16], "texture": "#3"},
				"up": {"uv": [0, 0, 0, 16], "texture": "#3"},
				"down": {"uv": [0, 0, 0, 16], "texture": "#3"}
			}
		},
		{
			"from": [8.5, -2, 5.4],
			"to": [9, -0.75, 10.6],
			"rotation": {"angle": 0, "axis": "y", "origin": [8, -3, 8]},
			"faces": {
				"north": {"uv": [0, 0, 3, 2], "texture": "#3"},
				"east": {"uv": [0, 0, 16, 16], "texture": "#3"},
				"south": {"uv": [0, 0, 2, 3], "texture": "#3"},
				"west": {"uv": [0, 0, 16, 16], "texture": "#3"},
				"up": {"uv": [0, 0, 0, 16], "texture": "#3"},
				"down": {"uv": [0, 0, 0, 16], "texture": "#3"}
			}
		},
		{
			"from": [7.5, -5, 3.75],
			"to": [8.5, 11, 12.25],
			"rotation": {"angle": 0, "axis": "y", "origin": [8, -7, 8]},
			"faces": {
				"north": {"uv": [0, 0, 1, 10], "texture": "#0"},
				"east": {"uv": [0, 2, 16, 16], "texture": "#0"},
				"south": {"uv": [15, 0, 16, 10], "texture": "#0"},
				"west": {"uv": [0, 2, 16, 16], "texture": "#0"},
				"up": {"uv": [0, 2, 16, 16], "rotation": 90, "texture": "#0"},
				"down": {"uv": [0, 0, 16, 16], "rotation": 90, "texture": "#0"}
			}
		},
		{
			"from": [7.5, 11, 4],
			"to": [8.5, 21, 12],
			"faces": {
				"north": {"uv": [0, 0, 1, 10], "texture": "#0"},
				"east": {"uv": [0, 2, 16, 16], "texture": "#0"},
				"south": {"uv": [0, 0, 1, 11], "texture": "#0"},
				"west": {"uv": [0, 2, 16, 16], "texture": "#0"},
				"up": {"uv": [0, 2, 16, 16], "rotation": 90, "texture": "#0"},
				"down": {"uv": [0, 0, 1.5, 8.5], "texture": "#0"}
			}
		},
		{
			"from": [7.5, 21, 4.25],
			"to": [8.5, 25, 11.75],
			"rotation": {"angle": 0, "axis": "y", "origin": [8, 18, 8]},
			"faces": {
				"north": {"uv": [0, 0, 1, 13], "texture": "#0"},
				"east": {"uv": [0, 2, 16, 16], "texture": "#0"},
				"south": {"uv": [0, 0, 1, 13], "texture": "#0"},
				"west": {"uv": [0, 2, 16, 16], "texture": "#0"},
				"up": {"uv": [0, 2, 16, 16], "rotation": 90, "texture": "#0"},
				"down": {"uv": [0, 0, 1.5, 8.5], "texture": "#0"}
			}
		},
		{
			"from": [7.5, 25, 4.75],
			"to": [8.5, 26, 11.25],
			"rotation": {"angle": 0, "axis": "y", "origin": [8, 22, 8]},
			"faces": {
				"north": {"uv": [0, 7, 1, 13], "texture": "#0"},
				"east": {"uv": [0, 2, 16, 16], "texture": "#0"},
				"south": {"uv": [0, 0, 1, 9], "texture": "#0"},
				"west": {"uv": [0, 2, 16, 16], "texture": "#0"},
				"up": {"uv": [0, 2, 16, 16], "rotation": 90, "texture": "#0"},
				"down": {"uv": [0, 0, 1.5, 8.5], "texture": "#0"}
			}
		},
		{
			"from": [7.5, 26, 5.25],
			"to": [8.5, 27, 10.75],
			"rotation": {"angle": 0, "axis": "y", "origin": [8, 23, 8]},
			"faces": {
				"north": {"uv": [0, 0, 1, 2], "texture": "#0"},
				"east": {"uv": [0, 2, 16, 16], "texture": "#0"},
				"south": {"uv": [0, 0, 1, 3], "texture": "#0"},
				"west": {"uv": [0, 2, 16, 16], "texture": "#0"},
				"up": {"uv": [0, 2, 16, 16], "rotation": 90, "texture": "#0"},
				"down": {"uv": [0, 0, 1.5, 8.5], "texture": "#0"}
			}
		},
		{
			"from": [7.5, 27, 5.75],
			"to": [8.5, 28, 10.25],
			"rotation": {"angle": 0, "axis": "y", "origin": [8, 24, 8]},
			"faces": {
				"north": {"uv": [0, 0, 1, 7], "texture": "#0"},
				"east": {"uv": [0, 2, 16, 16], "texture": "#0"},
				"south": {"uv": [0, 0, 1, 6], "texture": "#0"},
				"west": {"uv": [0, 2, 16, 16], "texture": "#0"},
				"up": {"uv": [0, 2, 16, 16], "rotation": 90, "texture": "#0"},
				"down": {"uv": [0, 0, 1.5, 8.5], "texture": "#0"}
			}
		},
		{
			"from": [7.5, 28, 6.25],
			"to": [8.5, 29, 9.75],
			"rotation": {"angle": 0, "axis": "y", "origin": [8, 25, 8]},
			"faces": {
				"north": {"uv": [0, 0, 1, 6], "texture": "#0"},
				"east": {"uv": [0, 2, 16, 16], "texture": "#0"},
				"south": {"uv": [0, 0, 2, 7], "texture": "#0"},
				"west": {"uv": [0, 2, 16, 16], "texture": "#0"},
				"up": {"uv": [0, 2, 16, 16], "rotation": 90, "texture": "#0"},
				"down": {"uv": [0, 0, 1.5, 8.5], "texture": "#0"}
			}
		},
		{
			"from": [7.5, 29, 6.75],
			"to": [8.5, 30, 9.25],
			"rotation": {"angle": 0, "axis": "y", "origin": [8, 26, 8]},
			"faces": {
				"north": {"uv": [0, 0, 1, 4], "texture": "#0"},
				"east": {"uv": [0, 0, 16, 16], "texture": "#0"},
				"south": {"uv": [0, 0, 1, 5], "texture": "#0"},
				"west": {"uv": [0, 0, 16, 16], "texture": "#0"},
				"up": {"uv": [0, 0, 1.5, 8.5], "texture": "#0"},
				"down": {"uv": [0, 0, 1.5, 8.5], "texture": "#0"}
			}
		},
		{
			"from": [7.5, 30, 7.25],
			"to": [8.5, 31, 8.75],
			"rotation": {"angle": 0, "axis": "y", "origin": [8, 27, 8]},
			"faces": {
				"north": {"uv": [0, 0, 16, 0], "texture": "#0"},
				"east": {"uv": [0, 0, 16, 2], "texture": "#0"},
				"south": {"uv": [0, 0, 16, 0], "texture": "#0"},
				"west": {"uv": [0, 0, 16, 2], "texture": "#0"},
				"up": {"uv": [0, 0, 1.5, 8.5], "texture": "#0"},
				"down": {"uv": [0, 0, 1.5, 8.5], "texture": "#0"}
			}
		}
	],
	"gui_light": "front",
	"display": {
		"thirdperson_righthand": {
			"translation": [0, 13.75, 1.5],
			"scale": [0.78, 1, 0.85]
		},
		"thirdperson_lefthand": {
			"translation": [0, 13.75, 1.5],
			"scale": [0.78, 1, 0.85]
		},
		"firstperson_righthand": {
			"rotation": [-13.25, 0, 0],
			"translation": [10.25, 12.5, -8.75],
			"scale": [1, 1, 0.85]
		},
		"firstperson_lefthand": {
			"rotation": [-50, 0, 0],
			"translation": [-3.75, 9, -8.75],
			"scale": [1, 1, 0.85]
		},
		"ground": {
			"rotation": [90, 0, 0],
			"translation": [0, 7.5, 0],
			"scale": [1, 1, 0.85]
		},
		"gui": {
			"rotation": [109, 52.5, 79.75],
			"translation": [0.25, 0.25, 0.25],
			"scale": [0.52773, 0.52773, 0.52773]
		},
		"head": {
			"rotation": [0, -90, 0],
			"translation": [0, 13, 1.75],
			"scale": [4, 0.52, 4]
		},
		"fixed": {
			"rotation": [0, -90, -180],
			"translation": [0, -4.25, -2.75],
			"scale": [1, 1, 0.85]
		}
	},
	"groups": [
		{
			"name": "dragonslayer",
			"origin": [8, 8, 8],
			"children": [
				{
					"name": "handle",
					"origin": [8, 8, 8],
					"children": [0, 1, 2, 3, 4, 5]
				},
				{
					"name": "bladep1",
					"origin": [8, 8, 8],
					"children": [6, 7, 8, 9]
				},
				{
					"name": "bladep2",
					"origin": [8, 8, 8],
					"children": []
				}, 10, 11, 12, 13, 14, 15, 16, 17, 18]
		}
	]
}