{
	"credit": "Made with Blockbench",
	"textures": {
		"0": "43/leg",
		"1": "43/feet",
		"2": "43/fire",
		"particle": "43/leg"
	},
	"elements": [
		{
			"from": [5.25, -4.5, 5.75],
			"to": [9.75, 8.5, 10.25],
			"rotation": {"angle": 0, "axis": "x", "origin": [7.5, 2.5, 8]},
			"faces": {
				"north": {"uv": [0, 0, 4.5, 13], "texture": "#0"},
				"east": {"uv": [0, 0, 4.5, 13], "texture": "#0"},
				"south": {"uv": [0, 0, 4.5, 13], "texture": "#0"},
				"west": {"uv": [0, 0, 4.5, 13], "texture": "#0"},
				"up": {"uv": [0, 0, 4.5, 4.5], "texture": "#0"},
				"down": {"uv": [11, 11, 15.5, 15.5], "texture": "#0"}
			}
		},
		{
			"from": [5.25, -4.5, 4.75],
			"to": [9.75, -3, 5.75],
			"faces": {
				"north": {"uv": [0, 0, 4.5, 1.5], "texture": "#1"},
				"east": {"uv": [0, 0, 1, 1.5], "texture": "#1"},
				"south": {"uv": [0, 0, 4.5, 1.5], "texture": "#1"},
				"west": {"uv": [0, 0, 1, 1.5], "texture": "#1"},
				"up": {"uv": [0, 0, 4.5, 1], "texture": "#1"},
				"down": {"uv": [0, 0, 4.5, 1], "texture": "#1"}
			}
		},
		{
			"from": [5.25, -4.5, 4],
			"to": [9.75, -3.25, 4.75],
			"faces": {
				"north": {"uv": [0, 0, 4.5, 1.25], "texture": "#1"},
				"east": {"uv": [0, 0, 0.75, 1.25], "texture": "#1"},
				"south": {"uv": [0, 0, 4.5, 1.25], "texture": "#1"},
				"west": {"uv": [0, 0, 0.75, 1.25], "texture": "#1"},
				"up": {"uv": [0, 0, 4.5, 0.75], "texture": "#1"},
				"down": {"uv": [0, 0, 4.5, 0.75], "texture": "#1"}
			}
		},
		{
			"from": [6.25, -4.5, 10],
			"to": [8.75, 8.5, 14],
			"faces": {
				"north": {"uv": [0, 0, 2.5, 13], "texture": "#2"},
				"east": {"uv": [0, 0, 4, 13], "texture": "#2"},
				"south": {"uv": [0, 0, 2.5, 13], "texture": "#2"},
				"west": {"uv": [0, 0, 4, 13], "texture": "#2"},
				"up": {"uv": [0, 12, 2.5, 16], "texture": "#2"},
				"down": {"uv": [0, 12, 2.5, 16], "texture": "#2"}
			}
		},
		{
			"from": [7, -4.5, 14],
			"to": [8.25, 8.5, 17.25],
			"faces": {
				"north": {"uv": [0, 0, 1.25, 13], "texture": "#2"},
				"east": {"uv": [4, 0, 7.25, 13], "texture": "#2"},
				"south": {"uv": [0, 0, 1.25, 13], "texture": "#2"},
				"west": {"uv": [4, 0, 7.25, 13], "texture": "#2"},
				"up": {"uv": [4, 13, 5.25, 16.25], "texture": "#2"},
				"down": {"uv": [0, 13, 1.25, 16.25], "texture": "#2"}
			}
		},
		{
			"from": [7.5, -4.5, 17],
			"to": [7.75, 8.5, 20.25],
			"faces": {
				"north": {"uv": [0, 0, 0.25, 13], "texture": "#2"},
				"east": {"uv": [15, 0, 15, 11], "rotation": 180, "texture": "#2"},
				"south": {"uv": [15, 0, 15, 12], "texture": "#2"},
				"west": {"uv": [12, 0, 15.25, 13], "texture": "#2"},
				"up": {"uv": [15, 13, 15.25, 16.25], "texture": "#2"},
				"down": {"uv": [16, 13, 16.25, 16.25], "texture": "#2"}
			}
		}
	],
	"display": {
		"thirdperson_righthand": {
			"rotation": [67, 0, 0],
			"translation": [-3.25, -5.75, 1]
		},
		"thirdperson_lefthand": {
			"rotation": [67, 0, 0],
			"translation": [-3.25, -5.75, 1]
		},
		"firstperson_righthand": {
			"rotation": [66, 0, 0],
			"translation": [0, 5, 5.25]
		},
		"firstperson_lefthand": {
			"rotation": [66, 0, 0],
			"translation": [0, 5, 5.25]
		},
		"ground": {
			"translation": [0, 12.5, 0]
		},
		"gui": {
			"rotation": [-180, -88, -180],
			"translation": [3.75, 6, -0.5],
			"scale": [-0.9, 0.9, 0.9]
		},
		"fixed": {
			"rotation": [-180, -88, -180],
			"translation": [3.5, 6.75, -0.5]
		}
	}
}