{
  "criteria": {
    "requirement": {
      "trigger": "minecraft:consume_item",
      "conditions": {
        "player": [
          {
            "condition": "minecraft:entity_scores",
            "entity": "this",
            "scores": {
              "kits.timer3": {
                "min": 1
              }
            }
          }
        ],
        "item": {
          "items": [
            "minecraft:potion"
          ],
          "predicates": {
            "minecraft:custom_data": {
              "ChosenUndeadAshen":true
            }
          }
        }
      }
    }
  },
  "rewards": {
    "function": "kits:chosenundead/flask/flaskashenuse"
  }
}
