{
	"credit": "Made with Blockbench",
	"textures": {
		"0": "28/eyes",
		"1": "28/skull",
		"2": "28/x",
		"particle": "28/eyes"
	},
	"elements": [
		{
			"from": [7.5, -2.5, 3.5],
			"to": [16.5, -2, 3.5],
			"rotation": {"angle": 45, "axis": "z", "origin": [4, -4.5, 3.5]},
			"faces": {
				"north": {"uv": [0, 0, 9, 0.5], "rotation": 180, "texture": "#2"},
				"east": {"uv": [0, 0, 0.5, 0], "rotation": 90, "texture": "#2"},
				"south": {"uv": [0, 0, 9, 0.5], "texture": "#2"},
				"west": {"uv": [0, 0, 0.5, 0], "rotation": 270, "texture": "#2"},
				"up": {"uv": [0, 0, 9, 0], "texture": "#2"},
				"down": {"uv": [0, 0, 9, 0], "rotation": 180, "texture": "#2"}
			}
		},
		{
			"from": [8.25, 7.75, 3.5],
			"to": [17.25, 8.25, 3.5],
			"rotation": {"angle": -45, "axis": "z", "origin": [4, 11, 3.5]},
			"faces": {
				"north": {"uv": [0, 0.5, 9, 1], "rotation": 180, "texture": "#2"},
				"east": {"uv": [0.5, 0, 1, 0], "rotation": 90, "texture": "#2"},
				"south": {"uv": [0, 0.5, 9, 1], "texture": "#2"},
				"west": {"uv": [0.5, 0, 1, 0], "rotation": 270, "texture": "#2"},
				"up": {"uv": [7, 0, 16, 0], "texture": "#2"},
				"down": {"uv": [7, 0, 16, 0], "rotation": 180, "texture": "#2"}
			}
		},
		{
			"from": [6.5, 0.25, 4],
			"to": [9.5, 1.25, 4],
			"rotation": {"angle": 0, "axis": "y", "origin": [-0.5, -4.75, 4]},
			"faces": {
				"north": {"uv": [0, 0, 3, 1], "rotation": 180, "texture": "#1"},
				"east": {"uv": [0, 0, 1, 0], "rotation": 90, "texture": "#1"},
				"south": {"uv": [0, 0, 3, 1], "texture": "#1"},
				"west": {"uv": [0, 0, 1, 0], "rotation": 270, "texture": "#1"},
				"up": {"uv": [0, 0, 3, 0], "texture": "#1"},
				"down": {"uv": [0, 0, 3, 0], "rotation": 180, "texture": "#1"}
			}
		},
		{
			"from": [5.5, 1.25, 4],
			"to": [10.5, 4.75, 4],
			"rotation": {"angle": 0, "axis": "y", "origin": [-0.5, -4.75, 4]},
			"faces": {
				"north": {"uv": [0, 0, 5, 3.5], "rotation": 180, "texture": "#1"},
				"east": {"uv": [0, 0, 3.5, 0], "rotation": 90, "texture": "#1"},
				"south": {"uv": [0, 0, 5, 3.5], "texture": "#1"},
				"west": {"uv": [0, 0, 3.5, 0], "rotation": 270, "texture": "#1"},
				"up": {"uv": [0, 0, 5, 0], "texture": "#1"},
				"down": {"uv": [0, 0, 5, 0], "rotation": 180, "texture": "#1"}
			}
		},
		{
			"from": [8.25, 2.25, 3.75],
			"to": [9.75, 3.75, 3.75],
			"rotation": {"angle": 0, "axis": "y", "origin": [-0.5, -4.75, 4]},
			"faces": {
				"north": {"uv": [0, 0, 1.5, 1.5], "rotation": 180, "texture": "#0"},
				"east": {"uv": [0, 0, 1.5, 0], "rotation": 90, "texture": "#0"},
				"south": {"uv": [0, 0, 1.5, 1.5], "texture": "#0"},
				"west": {"uv": [0, 0, 1.5, 0], "rotation": 270, "texture": "#0"},
				"up": {"uv": [0, 0, 1.5, 0], "texture": "#0"},
				"down": {"uv": [0, 0, 1.5, 0], "rotation": 180, "texture": "#0"}
			}
		},
		{
			"from": [6.25, 2.25, 3.75],
			"to": [7.75, 3.75, 3.75],
			"rotation": {"angle": 0, "axis": "y", "origin": [-0.5, -4.75, 4]},
			"faces": {
				"north": {"uv": [0, 0, 1.5, 1.5], "rotation": 180, "texture": "#0"},
				"east": {"uv": [0, 0, 1.5, 0], "rotation": 90, "texture": "#0"},
				"south": {"uv": [0, 0, 1.5, 1.5], "texture": "#0"},
				"west": {"uv": [0, 0, 1.5, 0], "rotation": 270, "texture": "#0"},
				"up": {"uv": [0, 0, 1.5, 0], "texture": "#0"},
				"down": {"uv": [0, 0, 1.5, 0], "rotation": 180, "texture": "#0"}
			}
		},
		{
			"from": [7.75, 1.25, 3.75],
			"to": [8.25, 1.75, 3.75],
			"rotation": {"angle": 0, "axis": "y", "origin": [-0.5, -4.75, 4]},
			"faces": {
				"north": {"uv": [0, 0, 0.5, 0.5], "rotation": 180, "texture": "#0"},
				"east": {"uv": [0, 0, 0.5, 0], "rotation": 90, "texture": "#0"},
				"south": {"uv": [0, 0, 0.5, 0.5], "texture": "#0"},
				"west": {"uv": [0, 0, 0.5, 0], "rotation": 270, "texture": "#0"},
				"up": {"uv": [0, 0, 0.5, 0], "texture": "#0"},
				"down": {"uv": [0, 0, 0.5, 0], "rotation": 180, "texture": "#0"}
			}
		},
		{
			"from": [7.25, 0.25, 3.5],
			"to": [7.5, 1, 3.5],
			"rotation": {"angle": 0, "axis": "y", "origin": [-0.5, -4.75, 4]},
			"faces": {
				"north": {"uv": [0, 0, 0.25, 0.75], "rotation": 180, "texture": "#0"},
				"east": {"uv": [0, 0, 0.75, 0], "rotation": 90, "texture": "#0"},
				"south": {"uv": [0, 0, 0.25, 0.75], "texture": "#0"},
				"west": {"uv": [0, 0, 0.75, 0], "rotation": 270, "texture": "#0"},
				"up": {"uv": [0, 0, 0.25, 0], "texture": "#0"},
				"down": {"uv": [0, 0, 0.25, 0], "rotation": 180, "texture": "#0"}
			}
		},
		{
			"from": [8.5, 0.25, 3.5],
			"to": [8.75, 1, 3.5],
			"rotation": {"angle": 0, "axis": "y", "origin": [-0.5, -4.75, 4]},
			"faces": {
				"north": {"uv": [0, 0, 0.25, 0.75], "rotation": 180, "texture": "#0"},
				"east": {"uv": [0, 0, 0.75, 0], "rotation": 90, "texture": "#0"},
				"south": {"uv": [0, 0, 0.25, 0.75], "texture": "#0"},
				"west": {"uv": [0, 0, 0.75, 0], "rotation": 270, "texture": "#0"},
				"up": {"uv": [0, 0, 0.25, 0], "texture": "#0"},
				"down": {"uv": [0, 0, 0.25, 0], "rotation": 180, "texture": "#0"}
			}
		}
	],
	"display": {
		"thirdperson_righthand": {
			"translation": [0, 3.25, 3.5]
		},
		"thirdperson_lefthand": {
			"translation": [0, 3.25, 3.5]
		},
		"firstperson_righthand": {
			"translation": [0, 9.5, -2.5],
			"scale": [1, 1, -1]
		},
		"firstperson_lefthand": {
			"translation": [0, 9.5, -2.5],
			"scale": [1, 1, -1]
		},
		"ground": {
			"translation": [0, 5.5, 0]
		},
		"gui": {
			"translation": [0.25, 11.25, 7.5],
			"scale": [2, 2, -2]
		},
		"fixed": {
			"translation": [0, 11.5, 7.5],
			"scale": [2, 2, 2]
		}
	},
	"groups": [
		{
			"name": "mark",
			"origin": [8, 8, 8],
			"children": [
				{
					"name": "cross",
					"origin": [8, 8, 8],
					"children": [0, 1]
				},
				{
					"name": "skull",
					"origin": [8, 8, 8],
					"children": [2, 3]
				},
				{
					"name": "eyes",
					"origin": [8, 8, 8],
					"children": [4, 5, 6, 7, 8]
				}
			]
		}
	]
}