{
	"credit": "Made with Blockbench",
	"textures": {
		"0": "33/yellow",
		"1": "33/blue",
		"particle": "33/yellow"
	},
	"elements": [
		{
			"from": [1.25, 2, 8],
			"to": [6.25, 3, 8.5],
			"rotation": {"angle": -22.5, "axis": "z", "origin": [8.5, 2.5, 8.5]},
			"faces": {
				"north": {"uv": [0, 0, 5, 1], "rotation": 180, "texture": "#0"},
				"east": {"uv": [0, 0, 1, 1], "rotation": 90, "texture": "#0"},
				"south": {"uv": [0, 0, 5, 1], "texture": "#0"},
				"west": {"uv": [0, 0, 1, 1], "rotation": 270, "texture": "#0"},
				"up": {"uv": [0, 0, 5, 1], "texture": "#0"},
				"down": {"uv": [0, 0, 5, 1], "rotation": 180, "texture": "#0"}
			}
		},
		{
			"from": [9.25, 2.75, 8],
			"to": [14.25, 3.75, 8.5],
			"rotation": {"angle": 22.5, "axis": "z", "origin": [8.5, 2.5, 8.5]},
			"faces": {
				"north": {"uv": [0, 0, 5, 1], "rotation": 180, "texture": "#0"},
				"east": {"uv": [0, 0, 1, 1], "rotation": 90, "texture": "#0"},
				"south": {"uv": [0, 0, 5, 1], "texture": "#0"},
				"west": {"uv": [0, 0, 1, 1], "rotation": 270, "texture": "#0"},
				"up": {"uv": [0, 0, 5, 1], "texture": "#0"},
				"down": {"uv": [0, 0, 5, 1], "rotation": 180, "texture": "#0"}
			}
		},
		{
			"from": [1.75, -1, 8],
			"to": [2.75, 4.75, 8.5],
			"rotation": {"angle": 0, "axis": "y", "origin": [0, -6, 9]},
			"faces": {
				"north": {"uv": [0, 0, 1, 5.75], "rotation": 180, "texture": "#1"},
				"east": {"uv": [0, 0, 5.75, 1], "rotation": 90, "texture": "#1"},
				"south": {"uv": [0, 0, 1, 5.75], "texture": "#1"},
				"west": {"uv": [0, 0, 5.75, 1], "rotation": 270, "texture": "#1"},
				"up": {"uv": [0, 0, 1, 1], "texture": "#1"},
				"down": {"uv": [0, 0, 1, 1], "rotation": 180, "texture": "#1"}
			}
		},
		{
			"from": [12.5, -1, 8],
			"to": [13.5, 4.75, 8.5],
			"rotation": {"angle": 0, "axis": "y", "origin": [0, -6, 9]},
			"faces": {
				"north": {"uv": [0, 0, 1, 5.75], "rotation": 180, "texture": "#1"},
				"east": {"uv": [0, 0, 5.75, 1], "rotation": 90, "texture": "#1"},
				"south": {"uv": [0, 0, 1, 5.75], "texture": "#1"},
				"west": {"uv": [0, 0, 5.75, 1], "rotation": 270, "texture": "#1"},
				"up": {"uv": [0, 0, 1, 1], "texture": "#1"},
				"down": {"uv": [0, 0, 1, 1], "rotation": 180, "texture": "#1"}
			}
		},
		{
			"from": [6.5, 0, 8],
			"to": [7, 3.75, 8.5],
			"rotation": {"angle": 22.5, "axis": "z", "origin": [6.25, 2.375, 8.5]},
			"faces": {
				"north": {"uv": [0, 0, 0.5, 3.75], "rotation": 180, "texture": "#0"},
				"east": {"uv": [0, 0, 3.75, 1], "rotation": 90, "texture": "#0"},
				"south": {"uv": [0, 0, 0.5, 3.75], "texture": "#0"},
				"west": {"uv": [0, 0, 3.75, 1], "rotation": 270, "texture": "#0"},
				"up": {"uv": [0, 0, 0.5, 1], "texture": "#0"},
				"down": {"uv": [0, 0, 0.5, 1], "rotation": 180, "texture": "#0"}
			}
		},
		{
			"from": [8.25, -0.25, 8],
			"to": [8.75, 3.25, 8.5],
			"rotation": {"angle": -22.5, "axis": "z", "origin": [9.75, 2.375, 8.5]},
			"faces": {
				"north": {"uv": [0.5, 0, 1, 3.5], "rotation": 180, "texture": "#0"},
				"east": {"uv": [2.75, 0, 6.25, 1], "rotation": 90, "texture": "#0"},
				"south": {"uv": [0.5, 0, 1, 3.5], "texture": "#0"},
				"west": {"uv": [2.75, 0, 6.25, 1], "rotation": 270, "texture": "#0"},
				"up": {"uv": [0.5, 0, 1, 1], "texture": "#0"},
				"down": {"uv": [0.5, 0, 1, 1], "rotation": 180, "texture": "#0"}
			}
		},
		{
			"from": [6.88442, -1.87891, 8],
			"to": [7.38442, 0.62109, 8.5],
			"rotation": {"angle": -45, "axis": "z", "origin": [7.88442, -2.12891, 8.5]},
			"faces": {
				"north": {"uv": [0.5, 0, 1, 2.5], "rotation": 180, "texture": "#1"},
				"east": {"uv": [2.75, 0, 5.25, 1], "rotation": 90, "texture": "#1"},
				"south": {"uv": [0.5, 0, 1, 2.5], "texture": "#1"},
				"west": {"uv": [2.75, 0, 5.25, 1], "rotation": 270, "texture": "#1"},
				"up": {"uv": [0.5, 0, 1, 1], "texture": "#1"},
				"down": {"uv": [0.5, 0, 1, 1], "rotation": 180, "texture": "#1"}
			}
		},
		{
			"from": [8.11558, -1.37891, 8],
			"to": [8.61558, 1.12109, 8.5],
			"rotation": {"angle": 45, "axis": "z", "origin": [8.11558, -2.12891, 8.5]},
			"faces": {
				"north": {"uv": [1, 0, 1.5, 2.5], "rotation": 180, "texture": "#1"},
				"east": {"uv": [4.75, 0, 7.25, 1], "rotation": 90, "texture": "#1"},
				"south": {"uv": [1, 0, 1.5, 2.5], "texture": "#1"},
				"west": {"uv": [4.75, 0, 7.25, 1], "rotation": 270, "texture": "#1"},
				"up": {"uv": [1, 0, 1.5, 1], "texture": "#1"},
				"down": {"uv": [1, 0, 1.5, 1], "rotation": 180, "texture": "#1"}
			}
		},
		{
			"from": [11.5, -0.75, 8],
			"to": [13, 0.25, 8.5],
			"rotation": {"angle": -22.5, "axis": "z", "origin": [12.375, -0.5, 8.5]},
			"faces": {
				"north": {"uv": [0, 0, 1.5, 1], "rotation": 180, "texture": "#1"},
				"east": {"uv": [0, 0, 1, 1], "rotation": 90, "texture": "#1"},
				"south": {"uv": [0, 0, 1.5, 1], "texture": "#1"},
				"west": {"uv": [0, 0, 1, 1], "rotation": 270, "texture": "#1"},
				"up": {"uv": [0, 0, 1.5, 1], "texture": "#1"},
				"down": {"uv": [0, 0, 1.5, 1], "rotation": 180, "texture": "#1"}
			}
		},
		{
			"from": [2.25, -0.75, 8],
			"to": [3.75, 0.25, 8.5],
			"rotation": {"angle": 22.5, "axis": "z", "origin": [2.875, -0.5, 8.5]},
			"faces": {
				"north": {"uv": [0, 0, 1.5, 1], "rotation": 180, "texture": "#1"},
				"east": {"uv": [0, 0, 1, 1], "rotation": 90, "texture": "#1"},
				"south": {"uv": [0, 0, 1.5, 1], "texture": "#1"},
				"west": {"uv": [0, 0, 1, 1], "rotation": 270, "texture": "#1"},
				"up": {"uv": [0, 0, 1.5, 1], "texture": "#1"},
				"down": {"uv": [0, 0, 1.5, 1], "rotation": 180, "texture": "#1"}
			}
		},
		{
			"from": [4, -2.75, 8],
			"to": [5, 0.75, 8.5],
			"rotation": {"angle": 22.5, "axis": "z", "origin": [4, -1.25, 8.5]},
			"faces": {
				"north": {"uv": [0, 0, 1, 3.5], "rotation": 180, "texture": "#1"},
				"east": {"uv": [0, 0, 3.5, 1], "rotation": 90, "texture": "#1"},
				"south": {"uv": [0, 0, 1, 3.5], "texture": "#1"},
				"west": {"uv": [0, 0, 3.5, 1], "rotation": 270, "texture": "#1"},
				"up": {"uv": [0, 0, 1, 1], "texture": "#1"},
				"down": {"uv": [0, 0, 1, 1], "rotation": 180, "texture": "#1"}
			}
		},
		{
			"from": [9.75, 0, 8],
			"to": [10.75, 3.5, 8.5],
			"rotation": {"angle": -22.5, "axis": "z", "origin": [4, -1.25, 8.5]},
			"faces": {
				"north": {"uv": [0, 0, 1, 3.5], "rotation": 180, "texture": "#1"},
				"east": {"uv": [0, 0, 3.5, 1], "rotation": 90, "texture": "#1"},
				"south": {"uv": [0, 0, 1, 3.5], "texture": "#1"},
				"west": {"uv": [0, 0, 3.5, 1], "rotation": 270, "texture": "#1"},
				"up": {"uv": [0, 0, 1, 1], "texture": "#1"},
				"down": {"uv": [0, 0, 1, 1], "rotation": 180, "texture": "#1"}
			}
		},
		{
			"from": [9.25, -4.25, 8],
			"to": [10.25, -1.5, 8.5],
			"rotation": {"angle": 22.5, "axis": "z", "origin": [4, -1.25, 8.5]},
			"faces": {
				"north": {"uv": [0, 0, 1, 2.75], "rotation": 180, "texture": "#1"},
				"east": {"uv": [0, 0, 2.75, 1], "rotation": 90, "texture": "#1"},
				"south": {"uv": [0, 0, 1, 2.75], "texture": "#1"},
				"west": {"uv": [0, 0, 2.75, 1], "rotation": 270, "texture": "#1"},
				"up": {"uv": [0, 0, 1, 1], "texture": "#1"},
				"down": {"uv": [0, 0, 1, 1], "rotation": 180, "texture": "#1"}
			}
		},
		{
			"from": [4.93417, -1.92587, 8],
			"to": [5.93417, 0.82413, 8.5],
			"rotation": {"angle": -22.5, "axis": "z", "origin": [4.93417, -0.55087, 8.5]},
			"faces": {
				"north": {"uv": [0, 0, 1, 2.75], "rotation": 180, "texture": "#1"},
				"east": {"uv": [0, 0, 2.75, 1], "rotation": 90, "texture": "#1"},
				"south": {"uv": [0, 0, 1, 2.75], "texture": "#1"},
				"west": {"uv": [0, 0, 2.75, 1], "rotation": 270, "texture": "#1"},
				"up": {"uv": [0, 0, 1, 1], "texture": "#1"},
				"down": {"uv": [0, 0, 1, 1], "rotation": 180, "texture": "#1"}
			}
		},
		{
			"from": [2.5, 0.25, 8.25],
			"to": [5.75, 4.25, 8.25],
			"rotation": {"angle": 0, "axis": "y", "origin": [0, -6, 9]},
			"faces": {
				"north": {"uv": [0, 0, 3.25, 4], "rotation": 180, "texture": "#1"},
				"east": {"uv": [0, 0, 4, 0.5], "rotation": 90, "texture": "#1"},
				"south": {"uv": [0, 0, 3.25, 4], "texture": "#1"},
				"west": {"uv": [0, 0, 4, 0.5], "rotation": 270, "texture": "#1"},
				"up": {"uv": [0, 0, 3.25, 0.5], "texture": "#1"},
				"down": {"uv": [0, 0, 3.25, 0.5], "rotation": 180, "texture": "#1"}
			}
		},
		{
			"from": [10, 0, 8.25],
			"to": [12.75, 4.5, 8.25],
			"rotation": {"angle": 0, "axis": "y", "origin": [0, -6, 9]},
			"faces": {
				"north": {"uv": [0, 0, 2.75, 4.5], "rotation": 180, "texture": "#1"},
				"east": {"uv": [0, 0, 4.5, 0.5], "rotation": 90, "texture": "#1"},
				"south": {"uv": [0, 0, 2.75, 4.5], "texture": "#1"},
				"west": {"uv": [0, 0, 4.5, 0.5], "rotation": 270, "texture": "#1"},
				"up": {"uv": [0, 0, 2.75, 0.5], "texture": "#1"},
				"down": {"uv": [0, 0, 2.75, 0.5], "rotation": 180, "texture": "#1"}
			}
		},
		{
			"from": [5.5, 0.25, 8.25],
			"to": [6.5, 3.25, 8.25],
			"rotation": {"angle": 0, "axis": "y", "origin": [0, -6, 9]},
			"faces": {
				"north": {"uv": [0, 0, 1, 3], "rotation": 180, "texture": "#1"},
				"east": {"uv": [0, 0, 3, 0.5], "rotation": 90, "texture": "#1"},
				"south": {"uv": [0, 0, 1, 3], "texture": "#1"},
				"west": {"uv": [0, 0, 3, 0.5], "rotation": 270, "texture": "#1"},
				"up": {"uv": [0, 0, 1, 0.5], "texture": "#1"},
				"down": {"uv": [0, 0, 1, 0.5], "rotation": 180, "texture": "#1"}
			}
		},
		{
			"from": [9, 0.5, 8.25],
			"to": [10, 3.5, 8.25],
			"rotation": {"angle": 0, "axis": "y", "origin": [0, -6, 9]},
			"faces": {
				"north": {"uv": [0, 0, 1, 3], "rotation": 180, "texture": "#1"},
				"east": {"uv": [0, 0, 3, 0.5], "rotation": 90, "texture": "#1"},
				"south": {"uv": [0, 0, 1, 3], "texture": "#1"},
				"west": {"uv": [0, 0, 3, 0.5], "rotation": 270, "texture": "#1"},
				"up": {"uv": [0, 0, 1, 0.5], "texture": "#1"},
				"down": {"uv": [0, 0, 1, 0.5], "rotation": 180, "texture": "#1"}
			}
		},
		{
			"from": [4.25, -0.75, 8.25],
			"to": [5.25, 0.5, 8.25],
			"rotation": {"angle": 0, "axis": "y", "origin": [0, -6, 9]},
			"faces": {
				"north": {"uv": [0, 0, 1, 1.25], "rotation": 180, "texture": "#1"},
				"east": {"uv": [0, 0, 1.25, 0.5], "rotation": 90, "texture": "#1"},
				"south": {"uv": [0, 0, 1, 1.25], "texture": "#1"},
				"west": {"uv": [0, 0, 1.25, 0.5], "rotation": 270, "texture": "#1"},
				"up": {"uv": [0, 0, 1, 0.5], "texture": "#1"},
				"down": {"uv": [0, 0, 1, 0.5], "rotation": 180, "texture": "#1"}
			}
		},
		{
			"from": [6.25, 0.25, 8.25],
			"to": [7.25, 1.75, 8.25],
			"rotation": {"angle": 0, "axis": "y", "origin": [0, -6, 9]},
			"faces": {
				"north": {"uv": [0, 0, 1, 1.25], "rotation": 180, "texture": "#1"},
				"east": {"uv": [0, 0, 1.25, 0.5], "rotation": 90, "texture": "#1"},
				"south": {"uv": [0, 0, 1, 1.25], "texture": "#1"},
				"west": {"uv": [0, 0, 1.25, 0.5], "rotation": 270, "texture": "#1"},
				"up": {"uv": [0, 0, 1, 0.5], "texture": "#1"},
				"down": {"uv": [0, 0, 1, 0.5], "rotation": 180, "texture": "#1"}
			}
		},
		{
			"from": [6.5, -0.25, 8.25],
			"to": [9, 0.75, 8.25],
			"rotation": {"angle": 0, "axis": "y", "origin": [7.75, 0, 8.5]},
			"faces": {
				"north": {"uv": [0, 0, 1, 1.25], "rotation": 270, "texture": "#1"},
				"east": {"uv": [0, 0, 1, 0.5], "rotation": 90, "texture": "#1"},
				"south": {"uv": [0, 0, 1, 1.25], "rotation": 270, "texture": "#1"},
				"west": {"uv": [0, 0, 1, 0.5], "rotation": 270, "texture": "#1"},
				"up": {"uv": [0, 0, 1.25, 0.5], "texture": "#1"},
				"down": {"uv": [0, 0, 1.25, 0.5], "rotation": 180, "texture": "#1"}
			}
		},
		{
			"from": [7.25, -1, 8.25],
			"to": [8, -0.75, 8.25],
			"rotation": {"angle": 0, "axis": "y", "origin": [7.75, 0, 8.5]},
			"faces": {
				"north": {"uv": [0, 0, 1, 1.25], "rotation": 270, "texture": "#1"},
				"east": {"uv": [0, 0, 1, 0.5], "rotation": 90, "texture": "#1"},
				"south": {"uv": [0, 0, 1, 1.25], "rotation": 270, "texture": "#1"},
				"west": {"uv": [0, 0, 1, 0.5], "rotation": 270, "texture": "#1"},
				"up": {"uv": [0, 0, 1.25, 0.5], "texture": "#1"},
				"down": {"uv": [0, 0, 1.25, 0.5], "rotation": 180, "texture": "#1"}
			}
		},
		{
			"from": [7.25, -1, 8.25],
			"to": [8, -0.75, 8.25],
			"rotation": {"angle": 0, "axis": "y", "origin": [7.75, 0, 8.5]},
			"faces": {
				"north": {"uv": [0, 0, 1, 1.25], "rotation": 270, "texture": "#1"},
				"east": {"uv": [0, 0, 1, 0.5], "rotation": 90, "texture": "#1"},
				"south": {"uv": [0, 0, 1, 1.25], "rotation": 270, "texture": "#1"},
				"west": {"uv": [0, 0, 1, 0.5], "rotation": 270, "texture": "#1"},
				"up": {"uv": [0, 0, 1.25, 0.5], "texture": "#1"},
				"down": {"uv": [0, 0, 1.25, 0.5], "rotation": 180, "texture": "#1"}
			}
		},
		{
			"from": [8.5, 2, 8.25],
			"to": [9, 3.25, 8.25],
			"rotation": {"angle": 0, "axis": "y", "origin": [7.75, 0, 8.5]},
			"faces": {
				"north": {"uv": [0, 0, 1, 1.25], "rotation": 270, "texture": "#1"},
				"east": {"uv": [0, 0, 1, 0.5], "rotation": 90, "texture": "#1"},
				"south": {"uv": [0, 0, 1, 1.25], "rotation": 270, "texture": "#1"},
				"west": {"uv": [0, 0, 1, 0.5], "rotation": 270, "texture": "#1"},
				"up": {"uv": [0, 0, 1.25, 0.5], "texture": "#1"},
				"down": {"uv": [0, 0, 1.25, 0.5], "rotation": 180, "texture": "#1"}
			}
		},
		{
			"from": [6.5, 1, 8.25],
			"to": [7, 2.5, 8.25],
			"rotation": {"angle": 0, "axis": "y", "origin": [7.75, 0, 8.5]},
			"faces": {
				"north": {"uv": [0, 0, 1, 1.25], "rotation": 270, "texture": "#1"},
				"east": {"uv": [0, 0, 1, 0.5], "rotation": 90, "texture": "#1"},
				"south": {"uv": [0, 0, 1, 1.25], "rotation": 270, "texture": "#1"},
				"west": {"uv": [0, 0, 1, 0.5], "rotation": 270, "texture": "#1"},
				"up": {"uv": [0, 0, 1.25, 0.5], "texture": "#1"},
				"down": {"uv": [0, 0, 1.25, 0.5], "rotation": 180, "texture": "#1"}
			}
		},
		{
			"from": [6.75, -0.75, 8.25],
			"to": [8.5, -0.25, 8.25],
			"rotation": {"angle": 0, "axis": "y", "origin": [7.75, 0, 8.5]},
			"faces": {
				"north": {"uv": [0, 0, 1, 1.25], "rotation": 270, "texture": "#1"},
				"east": {"uv": [0, 0, 1, 0.5], "rotation": 90, "texture": "#1"},
				"south": {"uv": [0, 0, 1, 1.25], "rotation": 270, "texture": "#1"},
				"west": {"uv": [0, 0, 1, 0.5], "rotation": 270, "texture": "#1"},
				"up": {"uv": [0, 0, 1.25, 0.5], "texture": "#1"},
				"down": {"uv": [0, 0, 1.25, 0.5], "rotation": 180, "texture": "#1"}
			}
		},
		{
			"from": [8, 0.25, 8.25],
			"to": [9.25, 2, 8.25],
			"rotation": {"angle": 0, "axis": "y", "origin": [0, -6, 9]},
			"faces": {
				"north": {"uv": [0, 0, 1.25, 1.25], "rotation": 180, "texture": "#1"},
				"east": {"uv": [0, 0, 1.25, 0.5], "rotation": 90, "texture": "#1"},
				"south": {"uv": [0, 0, 1.25, 1.25], "texture": "#1"},
				"west": {"uv": [0, 0, 1.25, 0.5], "rotation": 270, "texture": "#1"},
				"up": {"uv": [0, 0, 1.25, 0.5], "texture": "#1"},
				"down": {"uv": [0, 0, 1.25, 0.5], "rotation": 180, "texture": "#1"}
			}
		},
		{
			"from": [10.25, -0.75, 8.25],
			"to": [11.25, 0.5, 8.25],
			"rotation": {"angle": 0, "axis": "y", "origin": [0, -6, 9]},
			"faces": {
				"north": {"uv": [0, 0, 1, 1.25], "rotation": 180, "texture": "#1"},
				"east": {"uv": [0, 0, 1.25, 0.5], "rotation": 90, "texture": "#1"},
				"south": {"uv": [0, 0, 1, 1.25], "texture": "#1"},
				"west": {"uv": [0, 0, 1.25, 0.5], "rotation": 270, "texture": "#1"},
				"up": {"uv": [0, 0, 1, 0.5], "texture": "#1"},
				"down": {"uv": [0, 0, 1, 0.5], "rotation": 180, "texture": "#1"}
			}
		},
		{
			"from": [3, 2.5, 8],
			"to": [6, 2.5, 8.5],
			"color": 5,
			"faces": {
				"north": {"uv": [0, 0, 3, 0], "texture": "#missing"},
				"east": {"uv": [0, 0, 0.5, 0], "texture": "#missing"},
				"south": {"uv": [0, 0, 3, 0], "texture": "#missing"},
				"west": {"uv": [0, 0, 0.5, 0], "texture": "#missing"},
				"up": {"uv": [0, 0, 3, 0.5], "texture": "#missing"},
				"down": {"uv": [0, 0, 3, 0.5], "texture": "#missing"}
			}
		},
		{
			"from": [3.25, 2.25, 8],
			"to": [6.25, 2.25, 8.5],
			"color": 5,
			"faces": {
				"north": {"uv": [0, 0, 3, 0], "texture": "#missing"},
				"east": {"uv": [0, 0, 0.5, 0], "texture": "#missing"},
				"south": {"uv": [0, 0, 3, 0], "texture": "#missing"},
				"west": {"uv": [0, 0, 0.5, 0], "texture": "#missing"},
				"up": {"uv": [0, 0, 3, 0.5], "texture": "#missing"},
				"down": {"uv": [0, 0, 3, 0.5], "texture": "#missing"}
			}
		},
		{
			"from": [3.5, 2, 8],
			"to": [6.5, 2, 8.5],
			"color": 5,
			"faces": {
				"north": {"uv": [0, 0, 3, 0], "texture": "#missing"},
				"east": {"uv": [0, 0, 0.5, 0], "texture": "#missing"},
				"south": {"uv": [0, 0, 3, 0], "texture": "#missing"},
				"west": {"uv": [0, 0, 0.5, 0], "texture": "#missing"},
				"up": {"uv": [0, 0, 3, 0.5], "texture": "#missing"},
				"down": {"uv": [0, 0, 3, 0.5], "texture": "#missing"}
			}
		},
		{
			"from": [9.25, 2.5, 8],
			"to": [12.25, 2.5, 8.5],
			"color": 5,
			"faces": {
				"north": {"uv": [0, 0, 3, 0], "texture": "#missing"},
				"east": {"uv": [0, 0, 1, 0], "texture": "#missing"},
				"south": {"uv": [1, 0, 4, 0], "texture": "#missing"},
				"west": {"uv": [0, 0, 1, 0], "texture": "#missing"},
				"up": {"uv": [0, 0, 3, 1], "texture": "#missing"},
				"down": {"uv": [0, 0, 3, 1], "texture": "#missing"}
			}
		},
		{
			"from": [9, 2.25, 8],
			"to": [12, 2.25, 8.5],
			"color": 5,
			"faces": {
				"north": {"uv": [0, 0, 3, 0], "texture": "#missing"},
				"east": {"uv": [0, 0, 1, 0], "texture": "#missing"},
				"south": {"uv": [1, 0, 4, 0], "texture": "#missing"},
				"west": {"uv": [0, 0, 1, 0], "texture": "#missing"},
				"up": {"uv": [0, 0, 3, 1], "texture": "#missing"},
				"down": {"uv": [0, 0, 3, 1], "texture": "#missing"}
			}
		},
		{
			"from": [8.75, 2, 8],
			"to": [11.75, 2, 8.5],
			"color": 5,
			"faces": {
				"north": {"uv": [0, 0, 3, 0], "texture": "#missing"},
				"east": {"uv": [0, 0, 1, 0], "texture": "#missing"},
				"south": {"uv": [1, 0, 4, 0], "texture": "#missing"},
				"west": {"uv": [0, 0, 1, 0], "texture": "#missing"},
				"up": {"uv": [0, 0, 3, 1], "texture": "#missing"},
				"down": {"uv": [0, 0, 3, 1], "texture": "#missing"}
			}
		}
	],
	"display": {
		"thirdperson_righthand": {
			"translation": [0, 9.25, 0.75]
		},
		"thirdperson_lefthand": {
			"translation": [0, 9.25, 0.75]
		},
		"firstperson_righthand": {
			"rotation": [0, -64, 0],
			"translation": [0, 10, 0.75],
			"scale": [0.8, 1, 1]
		},
		"firstperson_lefthand": {
			"rotation": [0, -64, 0],
			"translation": [0, 10, 0.75],
			"scale": [0.8, 1, 1]
		},
		"ground": {
			"translation": [0, 9, 0]
		},
		"gui": {
			"translation": [0.75, 6.75, 0]
		},
		"head": {
			"translation": [0.5, 5.5, -7],
			"scale": [1.2, 1, 1]
		},
		"fixed": {
			"translation": [0, 6, -1.5]
		}
	},
	"groups": [
		{
			"name": "Mask",
			"origin": [8, 8, 8],
			"children": [
				{
					"name": "outline",
					"origin": [8, 8, 8],
					"children": [0, 1, 2, 3, 4, 5, 6, 7, 8, 9, 10, 11, 12, 13]
				},
				{
					"name": "inside",
					"origin": [8, 8, 8],
					"children": [14, 15, 16, 17, 18, 19, 20, 21, 22, 23, 24, 25, 26, 27]
				},
				{
					"name": "lines",
					"origin": [8, 8, 8],
					"children": [28, 29, 30]
				},
				{
					"name": "lines",
					"origin": [8, 8, 8],
					"children": [31, 32, 33]
				}
			]
		}
	]
}