{
	"credit": "Made with Blockbench",
	"textures": {
		"0": "8/fist",
		"1": "8/arm",
		"particle": "8/fist"
	},
	"elements": [
		{
			"from": [5.75, 2.73783, 4.63636],
			"to": [6.5, 5.73783, 5.63636],
			"rotation": {"angle": 0, "axis": "x", "origin": [7.82955, 4.6871, 5.94927]},
			"faces": {
				"north": {"uv": [0, 0, 0.75, 3], "rotation": 180, "texture": "#0"},
				"east": {"uv": [0, 0, 3, 1], "rotation": 90, "texture": "#0"},
				"south": {"uv": [0, 0, 0.75, 3], "texture": "#0"},
				"west": {"uv": [0, 0, 3, 1], "rotation": 270, "texture": "#0"},
				"up": {"uv": [0, 0, 0.75, 1], "texture": "#0"},
				"down": {"uv": [0, 0, 0.75, 1], "rotation": 180, "texture": "#0"}
			}
		},
		{
			"from": [6.75, 2.73783, 4.63636],
			"to": [7.5, 5.98783, 5.63636],
			"rotation": {"angle": 0, "axis": "x", "origin": [7.82955, 4.6871, 5.94927]},
			"faces": {
				"north": {"uv": [0, 0, 0.75, 3.25], "rotation": 180, "texture": "#0"},
				"east": {"uv": [0, 0, 3.25, 1], "rotation": 90, "texture": "#0"},
				"south": {"uv": [0, 0, 0.75, 3.25], "texture": "#0"},
				"west": {"uv": [0, 0, 3.25, 1], "rotation": 270, "texture": "#0"},
				"up": {"uv": [0, 0, 0.75, 1], "texture": "#0"},
				"down": {"uv": [0, 0, 0.75, 1], "rotation": 180, "texture": "#0"}
			}
		},
		{
			"from": [7.75, 2.73783, 4.63636],
			"to": [8.5, 5.98783, 5.63636],
			"rotation": {"angle": 0, "axis": "x", "origin": [7.82955, 4.6871, 5.94927]},
			"faces": {
				"north": {"uv": [0, 0, 0.75, 3.5], "rotation": 180, "texture": "#0"},
				"east": {"uv": [0, 0, 3.5, 1], "rotation": 90, "texture": "#0"},
				"south": {"uv": [0, 0, 0.75, 3.5], "texture": "#0"},
				"west": {"uv": [0, 0, 3.5, 1], "rotation": 270, "texture": "#0"},
				"up": {"uv": [0, 0, 0.75, 1], "texture": "#0"},
				"down": {"uv": [0, 0, 0.75, 1], "rotation": 180, "texture": "#0"}
			}
		},
		{
			"from": [8.75, 2.73783, 4.63636],
			"to": [9.5, 5.98783, 5.63636],
			"rotation": {"angle": 0, "axis": "x", "origin": [7.82955, 4.6871, 5.94927]},
			"faces": {
				"north": {"uv": [0, 0, 0.75, 3.25], "rotation": 180, "texture": "#0"},
				"east": {"uv": [0, 0, 3.25, 1], "rotation": 90, "texture": "#0"},
				"south": {"uv": [0, 0, 0.75, 3.25], "texture": "#0"},
				"west": {"uv": [0, 0, 3.25, 1], "rotation": 270, "texture": "#0"},
				"up": {"uv": [0, 0, 0.75, 1], "texture": "#0"},
				"down": {"uv": [0, 0, 0.75, 1], "rotation": 180, "texture": "#0"}
			}
		},
		{
			"from": [8.75, 5.11283, 4.76136],
			"to": [9.5, 6.11283, 7.51136],
			"rotation": {"angle": 0, "axis": "x", "origin": [7.82955, 4.6871, 5.94927]},
			"faces": {
				"north": {"uv": [0, 0, 0.75, 1], "texture": "#0"},
				"east": {"uv": [0, 0, 2.75, 1], "texture": "#0"},
				"south": {"uv": [0, 0, 0.75, 1], "texture": "#0"},
				"west": {"uv": [0, 0, 2.75, 1], "texture": "#0"},
				"up": {"uv": [0, 0, 0.75, 2.75], "texture": "#0"},
				"down": {"uv": [0, 0, 0.75, 2.75], "texture": "#0"}
			}
		},
		{
			"from": [6.75, 5.11283, 4.76136],
			"to": [7.5, 6.11283, 7.51136],
			"rotation": {"angle": 0, "axis": "x", "origin": [7.82955, 4.6871, 5.94927]},
			"faces": {
				"north": {"uv": [0, 0, 0.75, 1], "texture": "#0"},
				"east": {"uv": [0, 0, 2.75, 1], "texture": "#0"},
				"south": {"uv": [0, 0, 0.75, 1], "texture": "#0"},
				"west": {"uv": [0, 0, 2.75, 1], "texture": "#0"},
				"up": {"uv": [0, 0, 0.75, 2.75], "texture": "#0"},
				"down": {"uv": [0, 0, 0.75, 2.75], "texture": "#0"}
			}
		},
		{
			"from": [5.75, 5.11283, 4.76136],
			"to": [6.5, 6.11283, 7.26136],
			"rotation": {"angle": 0, "axis": "x", "origin": [7.82955, 4.6871, 5.94927]},
			"faces": {
				"north": {"uv": [0, 0, 0.75, 1], "texture": "#0"},
				"east": {"uv": [0, 0, 2.5, 1], "texture": "#0"},
				"south": {"uv": [0, 0, 0.75, 1], "texture": "#0"},
				"west": {"uv": [0, 0, 2.5, 1], "texture": "#0"},
				"up": {"uv": [0, 0, 0.75, 2.5], "texture": "#0"},
				"down": {"uv": [0, 0, 0.75, 2.5], "texture": "#0"}
			}
		},
		{
			"from": [7.75, 5.11283, 4.76136],
			"to": [8.5, 6.11283, 7.76136],
			"rotation": {"angle": 0, "axis": "x", "origin": [7.82955, 4.6871, 5.94927]},
			"faces": {
				"north": {"uv": [0, 0, 0.75, 1], "texture": "#0"},
				"east": {"uv": [0, 0, 3, 1], "texture": "#0"},
				"south": {"uv": [0, 0, 0.75, 1], "texture": "#0"},
				"west": {"uv": [0, 0, 3, 1], "texture": "#0"},
				"up": {"uv": [0, 0, 0.75, 3], "texture": "#0"},
				"down": {"uv": [0, 0, 0.75, 3], "texture": "#0"}
			}
		},
		{
			"from": [9, 3.1184, 3.93438],
			"to": [9.75, 4.1184, 7.93438],
			"rotation": {"angle": -45, "axis": "x", "origin": [7.82955, 4.6871, 5.94927]},
			"faces": {
				"north": {"uv": [0, 0, 0.75, 1], "texture": "#0"},
				"east": {"uv": [0, 0, 4, 1], "texture": "#0"},
				"south": {"uv": [0, 0, 0.75, 1], "texture": "#0"},
				"west": {"uv": [0, 0, 4, 1], "texture": "#0"},
				"up": {"uv": [0, 0, 0.75, 4], "texture": "#0"},
				"down": {"uv": [0, 0, 0.75, 4], "texture": "#0"}
			}
		},
		{
			"from": [7, 3.1184, 7.43438],
			"to": [9.5, 4.1184, 8.18438],
			"rotation": {"angle": -45, "axis": "x", "origin": [7.82955, 4.6871, 5.94927]},
			"faces": {
				"north": {"uv": [0, 0, 2.5, 1], "texture": "#0"},
				"east": {"uv": [0, 0, 0.75, 1], "texture": "#0"},
				"south": {"uv": [0, 0, 2.5, 1], "texture": "#0"},
				"west": {"uv": [0, 0, 0.75, 1], "texture": "#0"},
				"up": {"uv": [0, 0, 0.75, 2.5], "rotation": 90, "texture": "#0"},
				"down": {"uv": [0, 0, 0.75, 2.5], "rotation": 270, "texture": "#0"}
			}
		},
		{
			"from": [6, -0.51217, 4.88636],
			"to": [9, 5.48783, 6.38636],
			"rotation": {"angle": 0, "axis": "x", "origin": [7.82955, 4.6871, 5.94927]},
			"faces": {
				"north": {"uv": [0, 0, 3, 6], "rotation": 180, "texture": "#1"},
				"east": {"uv": [0, 0, 6, 1.5], "rotation": 90, "texture": "#1"},
				"south": {"uv": [0, 0, 3, 6], "texture": "#1"},
				"west": {"uv": [0, 0, 6, 1.5], "rotation": 270, "texture": "#1"},
				"up": {"uv": [0, 0, 3, 1.5], "texture": "#1"},
				"down": {"uv": [0, 0, 3, 1.5], "rotation": 180, "texture": "#1"}
			}
		}
	],
	"display": {
		"thirdperson_righthand": {
			"rotation": [92, 0, 0],
			"translation": [-0.75, -4, -5.5],
			"scale": [-1.5, -1.5, 1.5]
		},
		"thirdperson_lefthand": {
			"rotation": [92, 0, 0],
			"translation": [-0.75, -4, -5.5],
			"scale": [1.5, -1.5, 1.5]
		},
		"firstperson_righthand": {
			"rotation": [123, 0, 0],
			"translation": [-1.25, 5.25, 0],
			"scale": [-0.6, -0.75, 0.75]
		},
		"firstperson_lefthand": {
			"rotation": [123, 0, 0],
			"translation": [-1.25, 5.25, 0],
			"scale": [0.6, -0.75, 0.75]
		},
		"ground": {
			"rotation": [60, 0, 0],
			"translation": [0, 0, 6.75]
		},
		"gui": {
			"rotation": [43, -119, 35],
			"translation": [0, 11, 0],
			"scale": [2, 2, 2]
		},
		"fixed": {
			"translation": [0, 8.75, 0],
			"scale": [1.5, 1.5, 1.5]
		}
	},
	"groups": [
		{
			"name": "Hand",
			"origin": [8, 8, 8],
			"children": [
				{
					"name": "Fists",
					"origin": [8, 8, 8],
					"children": [0, 1, 2, 3, 4, 5, 6, 7, 8, 9]
				},
				{
					"name": "Arm",
					"origin": [8, 8, 8],
					"children": [10]
				}
			]
		}
	]
}