{
  "parent": "item/generated",
  "textures": {
    "layer0": "item/carrot_on_a_stick"
  },
  "overrides": [
    {"predicate": {"custom_model_data": 2}, "model": "item/2/handcannon"},
	{"predicate": {"custom_model_data": 3}, "model": "item/3/jackal"},
	{"predicate": {"custom_model_data": 4}, "model": "item/4/chainsaw"},
	{"predicate": {"custom_model_data": 5}, "model": "item/5/claws"},
	{"predicate": {"custom_model_data": 6}, "model": "item/6/offensive"},
	{"predicate": {"custom_model_data": 7}, "model": "item/7/defensive"},
	{"predicate": {"custom_model_data": 8}, "model": "item/8/elasticfist"},
	{"predicate": {"custom_model_data": 9}, "model": "item/9/lamp"},
	{"predicate": {"custom_model_data": 10}, "model": "item/10/shuriken"},
	{"predicate": {"custom_model_data": 11}, "model": "item/11/spellbook"},
	{"predicate": {"custom_model_data": 12}, "model": "item/12/lightsaber"},
	{"predicate": {"custom_model_data": 13}, "model": "item/13/wristband"},
	{"predicate": {"custom_model_data": 15}, "model": "item/15/shotgun"},
	{"predicate": {"custom_model_data": 16}, "model": "item/16/bfg"},
	{"predicate": {"custom_model_data": 17}, "model": "item/17/nunchucks"},
	{"predicate": {"custom_model_data": 18}, "model": "item/18/ak47"},
	{"predicate": {"custom_model_data": 19}, "model": "item/19/pentagram"},
	{"predicate": {"custom_model_data": 20}, "model": "item/20/avalon"},
	{"predicate": {"custom_model_data": 22}, "model": "item/22/excalibur"},
	{"predicate": {"custom_model_data": 23}, "model": "item/23/waterbreathing"},
	{"predicate": {"custom_model_data": 24}, "model": "item/24/sunbreathing"},
	{"predicate": {"custom_model_data": 25}, "model": "item/25/nen"},
	{"predicate": {"custom_model_data": 26}, "model": "item/26/unit"},
	{"predicate": {"custom_model_data": 27}, "model": "item/27/shadow"},
	{"predicate": {"custom_model_data": 28}, "model": "item/28/deathmark"},
	{"predicate": {"custom_model_data": 29}, "model": "item/29/zdrive"},
	{"predicate": {"custom_model_data": 30}, "model": "item/30/scroll"},
	{"predicate": {"custom_model_data": 31}, "model": "item/31/battleaxe"},
	{"predicate": {"custom_model_data": 32}, "model": "item/32/guillotine"},
	{"predicate": {"custom_model_data": 33}, "model": "item/33/mask"},
	{"predicate": {"custom_model_data": 34}, "model": "item/34/lightningbolt"},
	{"predicate": {"custom_model_data": 35}, "model": "item/35/heart"},
	{"predicate": {"custom_model_data": 36}, "model": "item/36/yamato"},
	{"predicate": {"custom_model_data": 37}, "model": "item/37/forceedge"},
	{"predicate": {"custom_model_data": 38}, "model": "item/38/roll"},
	{"predicate": {"custom_model_data": 39}, "model": "item/39/soularrow"},
	{"predicate": {"custom_model_data": 40}, "model": "item/40/firestorm"},
	{"predicate": {"custom_model_data": 41}, "model": "item/41/walkofpeace"},
	{"predicate": {"custom_model_data": 42}, "model": "item/42/dumbbell"},
	{"predicate": {"custom_model_data": 43}, "model": "item/43/dragonkick"},
	{"predicate": {"custom_model_data": 44}, "model": "item/44/necroplasmutility"},
	{"predicate": {"custom_model_data": 45}, "model": "item/45/necroplasmoffensive"},
	{"predicate": {"custom_model_data": 46}, "model": "item/46/chains"},
	{"predicate": {"custom_model_data": 47}, "model": "item/47/floatingblades"},
	{"predicate": {"custom_model_data": 48}, "model": "item/48/dagger"},
	{"predicate": {"custom_model_data": 49}, "model": "item/49/kagune"},
	{"predicate": {"custom_model_data": 50}, "model": "item/50/kakujamask"},
	{"predicate": {"custom_model_data": 51}, "model": "item/51/yakuzasleeve"},
	{"predicate": {"custom_model_data": 52}, "model": "item/52/gauntlet"},
	{"predicate": {"custom_model_data": 53}, "model": "item/53/pulsepistols"},
	{"predicate": {"custom_model_data": 54}, "model": "item/54/pulsebomb"},
	{"predicate": {"custom_model_data": 55}, "model": "item/55/yugioh"},
	{"predicate": {"custom_model_data": 56}, "model": "item/56/ritual"},
	{"predicate": {"custom_model_data": 57}, "model": "item/57/portal"},
	{"predicate": {"custom_model_data": 58}, "model": "item/58/possession"},
	{"predicate": {"custom_model_data": 59}, "model": "item/59/cybershuriken"},
	{"predicate": {"custom_model_data": 60}, "model": "item/60/deflectblade"},
	{"predicate": {"custom_model_data": 61}, "model": "item/61/dragonblade"},
	{"predicate": {"custom_model_data": 67}, "model": "item/67/starstorm"},
	{"predicate": {"custom_model_data": 68}, "model": "item/68/dragonstaff"},
	{"predicate": {"custom_model_data": 69}, "model": "item/69/wii"},
	{"predicate": {"custom_model_data": 70}, "model": "item/70/uppercut"},
	{"predicate": {"custom_model_data": 71}, "model": "item/71/meteor"},
	{"predicate": {"custom_model_data": 72}, "model": "item/72/elasticpalm"},
	{"predicate": {"custom_model_data": 73}, "model": "item/73/particles"},
	{"predicate": {"custom_model_data": 74}, "model": "item/74/deatheffect"},
	{"predicate": {"custom_model_data": 75}, "model": "item/75/killmessages"}
  ]
}