{
	"credit": "Made with Blockbench",
	"textures": {
		"0": "68/energy",
		"1": "68/handle",
		"particle": "68/energy"
	},
	"elements": [
		{
			"from": [7.42783, 8.22055, 4.45728],
			"to": [8.42783, 9.22055, 6.45728],
			"rotation": {"angle": 0, "axis": "x", "origin": [7.92783, 10.5, 6.27945]},
			"faces": {
				"north": {"uv": [0, 0, 1, 1], "rotation": 90, "texture": "#1"},
				"east": {"uv": [0, 0, 2, 1], "texture": "#1"},
				"south": {"uv": [0, 0, 1, 1], "rotation": 270, "texture": "#1"},
				"west": {"uv": [0, 0, 2, 1], "rotation": 180, "texture": "#1"},
				"up": {"uv": [0, 0, 2, 1], "rotation": 270, "texture": "#1"},
				"down": {"uv": [0, 0, 2, 1], "rotation": 270, "texture": "#1"}
			}
		},
		{
			"from": [7.42783, 1.22055, 4.45728],
			"to": [8.42783, 2.22055, 6.45728],
			"rotation": {"angle": 0, "axis": "x", "origin": [7.92783, 10.5, 6.27945]},
			"faces": {
				"north": {"uv": [0, 0, 1, 1], "rotation": 90, "texture": "#1"},
				"east": {"uv": [0, 0, 2, 1], "texture": "#1"},
				"south": {"uv": [0, 0, 1, 1], "rotation": 270, "texture": "#1"},
				"west": {"uv": [0, 0, 2, 1], "rotation": 180, "texture": "#1"},
				"up": {"uv": [0, 0, 2, 1], "rotation": 270, "texture": "#1"},
				"down": {"uv": [0, 0, 2, 1], "rotation": 270, "texture": "#1"}
			}
		},
		{
			"from": [7.42783, -11.77945, 4.45728],
			"to": [8.42783, -9.77945, 6.45728],
			"rotation": {"angle": 0, "axis": "x", "origin": [7.92783, 10.5, 6.27945]},
			"faces": {
				"north": {"uv": [0, 0, 2, 1], "rotation": 90, "texture": "#1"},
				"east": {"uv": [0, 0, 2, 2], "texture": "#1"},
				"south": {"uv": [0, 0, 2, 1], "rotation": 270, "texture": "#1"},
				"west": {"uv": [0, 0, 2, 2], "rotation": 180, "texture": "#1"},
				"up": {"uv": [0, 0, 2, 1], "rotation": 270, "texture": "#1"},
				"down": {"uv": [0, 0, 2, 1], "rotation": 270, "texture": "#1"}
			}
		},
		{
			"from": [7.67783, 2.22055, 4.95728],
			"to": [8.17783, 8.22055, 5.95728],
			"rotation": {"angle": 0, "axis": "x", "origin": [7.92783, 10.5, 6.27945]},
			"faces": {
				"north": {"uv": [0, 0, 6, 0.5], "rotation": 90, "texture": "#1"},
				"east": {"uv": [0, 0, 1, 6], "texture": "#1"},
				"south": {"uv": [0, 0, 6, 0.5], "rotation": 270, "texture": "#1"},
				"west": {"uv": [0, 0, 1, 6], "rotation": 180, "texture": "#1"},
				"up": {"uv": [0, 0, 1, 0.5], "rotation": 270, "texture": "#1"},
				"down": {"uv": [0, 0, 1, 0.5], "rotation": 270, "texture": "#1"}
			}
		},
		{
			"from": [7.67783, -9.77945, 4.70728],
			"to": [8.17783, 1.22055, 6.20728],
			"rotation": {"angle": 0, "axis": "x", "origin": [7.92783, 10.5, 6.27945]},
			"faces": {
				"north": {"uv": [0, 0, 11, 0.5], "rotation": 90, "texture": "#1"},
				"east": {"uv": [0, 0, 1.5, 11], "texture": "#1"},
				"south": {"uv": [0, 0, 11, 0.5], "rotation": 270, "texture": "#1"},
				"west": {"uv": [0, 0, 1.5, 11], "rotation": 180, "texture": "#1"},
				"up": {"uv": [0, 0, 1.5, 0.5], "rotation": 270, "texture": "#1"},
				"down": {"uv": [0, 0, 1.5, 0.5], "rotation": 270, "texture": "#1"}
			}
		},
		{
			"from": [7.17783, 10.22055, 4.45728],
			"to": [8.67783, 11.22055, 6.45728],
			"rotation": {"angle": 0, "axis": "x", "origin": [7.92783, 10.5, 6.27945]},
			"faces": {
				"north": {"uv": [0, 0, 1, 1.5], "rotation": 90, "texture": "#0"},
				"east": {"uv": [0, 0, 2, 1], "texture": "#0"},
				"south": {"uv": [0, 0, 1, 1.5], "rotation": 270, "texture": "#0"},
				"west": {"uv": [0, 0, 2, 1], "rotation": 180, "texture": "#0"},
				"up": {"uv": [0, 0, 2, 1.5], "rotation": 270, "texture": "#0"},
				"down": {"uv": [0, 0, 2, 1.5], "rotation": 270, "texture": "#0"}
			}
		},
		{
			"from": [7.17783, 10.36615, 5.36963],
			"to": [8.67783, 11.36615, 7.36963],
			"rotation": {"angle": -22.5, "axis": "x", "origin": [7.92783, 10.5, 6.27945]},
			"faces": {
				"north": {"uv": [0, 0, 1, 1.5], "rotation": 90, "texture": "#0"},
				"east": {"uv": [0, 0, 2, 1], "texture": "#0"},
				"south": {"uv": [0, 0, 1, 1.5], "rotation": 270, "texture": "#0"},
				"west": {"uv": [0, 0, 2, 1], "rotation": 180, "texture": "#0"},
				"up": {"uv": [0, 0, 2, 1.5], "rotation": 270, "texture": "#0"},
				"down": {"uv": [0, 0, 2, 1.5], "rotation": 270, "texture": "#0"}
			}
		},
		{
			"from": [7.17783, 10.15153, 6.26826],
			"to": [8.67783, 11.15153, 8.26826],
			"rotation": {"angle": -45, "axis": "x", "origin": [7.92783, 10.5, 6.27945]},
			"faces": {
				"north": {"uv": [0, 0, 1, 1.5], "rotation": 90, "texture": "#0"},
				"east": {"uv": [0, 0, 2, 1], "texture": "#0"},
				"south": {"uv": [0, 0, 1, 1.5], "rotation": 270, "texture": "#0"},
				"west": {"uv": [0, 0, 2, 1], "rotation": 180, "texture": "#0"},
				"up": {"uv": [0, 0, 2, 1.5], "rotation": 270, "texture": "#0"},
				"down": {"uv": [0, 0, 2, 1.5], "rotation": 270, "texture": "#0"}
			}
		},
		{
			"from": [7.17783, 11.23689, 6.1701],
			"to": [8.67783, 13.23689, 7.1701],
			"rotation": {"angle": 22.5, "axis": "x", "origin": [7.92783, 10.5, 6.27945]},
			"faces": {
				"north": {"uv": [0, 0, 2, 1.5], "rotation": 90, "texture": "#0"},
				"east": {"uv": [0, 0, 2, 1], "rotation": 90, "texture": "#0"},
				"south": {"uv": [0, 0, 2, 1.5], "rotation": 270, "texture": "#0"},
				"west": {"uv": [0, 0, 2, 1], "rotation": 90, "texture": "#0"},
				"up": {"uv": [0, 0, 1, 1.5], "rotation": 270, "texture": "#0"},
				"down": {"uv": [0, 0, 1, 1.5], "rotation": 270, "texture": "#0"}
			}
		},
		{
			"from": [7.17783, 11.72055, 6.95728],
			"to": [8.67783, 13.72055, 7.95728],
			"rotation": {"angle": 0, "axis": "y", "origin": [7.92783, 10.5, 6.27945]},
			"faces": {
				"north": {"uv": [0, 0, 2, 1.5], "rotation": 90, "texture": "#0"},
				"east": {"uv": [0, 0, 2, 1], "rotation": 90, "texture": "#0"},
				"south": {"uv": [0, 0, 2, 1.5], "rotation": 270, "texture": "#0"},
				"west": {"uv": [0, 0, 2, 1], "rotation": 90, "texture": "#0"},
				"up": {"uv": [0, 0, 1, 1.5], "rotation": 270, "texture": "#0"},
				"down": {"uv": [0, 0, 1, 1.5], "rotation": 270, "texture": "#0"}
			}
		},
		{
			"from": [7.17783, 11.86615, 7.86963],
			"to": [8.67783, 13.86615, 8.86963],
			"rotation": {"angle": -22.5, "axis": "x", "origin": [7.92783, 10.5, 6.27945]},
			"faces": {
				"north": {"uv": [0, 0, 2, 1.5], "rotation": 90, "texture": "#0"},
				"east": {"uv": [0, 0, 2, 1], "rotation": 90, "texture": "#0"},
				"south": {"uv": [0, 0, 2, 1.5], "rotation": 270, "texture": "#0"},
				"west": {"uv": [0, 0, 2, 1], "rotation": 90, "texture": "#0"},
				"up": {"uv": [0, 0, 1, 1.5], "rotation": 270, "texture": "#0"},
				"down": {"uv": [0, 0, 1, 1.5], "rotation": 270, "texture": "#0"}
			}
		},
		{
			"from": [7.17783, 11.65153, 8.76826],
			"to": [8.67783, 13.65153, 9.76826],
			"rotation": {"angle": -45, "axis": "x", "origin": [7.92783, 10.5, 6.27945]},
			"faces": {
				"north": {"uv": [0, 0, 2, 1.5], "rotation": 90, "texture": "#0"},
				"east": {"uv": [0, 0, 2, 1], "rotation": 90, "texture": "#0"},
				"south": {"uv": [0, 0, 2, 1.5], "rotation": 270, "texture": "#0"},
				"west": {"uv": [0, 0, 2, 1], "rotation": 90, "texture": "#0"},
				"up": {"uv": [0, 0, 1, 1.5], "rotation": 270, "texture": "#0"},
				"down": {"uv": [0, 0, 1, 1.5], "rotation": 270, "texture": "#0"}
			}
		},
		{
			"from": [7.17783, 13.73689, 3.6701],
			"to": [8.67783, 14.73689, 5.6701],
			"rotation": {"angle": 22.5, "axis": "x", "origin": [7.92783, 10.5, 6.27945]},
			"faces": {
				"north": {"uv": [0, 0, 1, 1.5], "rotation": 90, "texture": "#0"},
				"east": {"uv": [0, 0, 2, 1], "rotation": 180, "texture": "#0"},
				"south": {"uv": [0, 0, 1, 1.5], "rotation": 270, "texture": "#0"},
				"west": {"uv": [0, 0, 2, 1], "texture": "#0"},
				"up": {"uv": [0, 0, 2, 1.5], "rotation": 270, "texture": "#0"},
				"down": {"uv": [0, 0, 2, 1.5], "rotation": 270, "texture": "#0"}
			}
		},
		{
			"from": [7.17783, 14.22055, 4.45728],
			"to": [8.67783, 15.22055, 6.45728],
			"rotation": {"angle": 0, "axis": "y", "origin": [7.92783, 10.5, 6.27945]},
			"faces": {
				"north": {"uv": [0, 0, 1, 1.5], "rotation": 90, "texture": "#0"},
				"east": {"uv": [0, 0, 2, 1], "rotation": 180, "texture": "#0"},
				"south": {"uv": [0, 0, 1, 1.5], "rotation": 270, "texture": "#0"},
				"west": {"uv": [0, 0, 2, 1], "texture": "#0"},
				"up": {"uv": [0, 0, 2, 1.5], "rotation": 270, "texture": "#0"},
				"down": {"uv": [0, 0, 2, 1.5], "rotation": 270, "texture": "#0"}
			}
		},
		{
			"from": [7.17783, 14.36615, 5.36963],
			"to": [8.67783, 15.36615, 7.36963],
			"rotation": {"angle": -22.5, "axis": "x", "origin": [7.92783, 10.5, 6.27945]},
			"faces": {
				"north": {"uv": [0, 0, 1, 1.5], "rotation": 90, "texture": "#0"},
				"east": {"uv": [0, 0, 2, 1], "rotation": 180, "texture": "#0"},
				"south": {"uv": [0, 0, 1, 1.5], "rotation": 270, "texture": "#0"},
				"west": {"uv": [0, 0, 2, 1], "texture": "#0"},
				"up": {"uv": [0, 0, 2, 1.5], "rotation": 270, "texture": "#0"},
				"down": {"uv": [0, 0, 2, 1.5], "rotation": 270, "texture": "#0"}
			}
		},
		{
			"from": [7.17783, 14.15153, 6.26826],
			"to": [8.67783, 15.15153, 8.26826],
			"rotation": {"angle": -45, "axis": "x", "origin": [7.92783, 10.5, 6.27945]},
			"faces": {
				"north": {"uv": [0, 0, 1, 1.5], "rotation": 90, "texture": "#0"},
				"east": {"uv": [0, 0, 2, 1], "rotation": 180, "texture": "#0"},
				"south": {"uv": [0, 0, 1, 1.5], "rotation": 270, "texture": "#0"},
				"west": {"uv": [0, 0, 2, 1], "texture": "#0"},
				"up": {"uv": [0, 0, 2, 1.5], "rotation": 270, "texture": "#0"},
				"down": {"uv": [0, 0, 2, 1.5], "rotation": 270, "texture": "#0"}
			}
		},
		{
			"from": [7.17783, 11.23689, 2.1701],
			"to": [8.67783, 13.23689, 3.1701],
			"rotation": {"angle": 22.5, "axis": "x", "origin": [7.92783, 10.5, 6.27945]},
			"faces": {
				"north": {"uv": [0, 0, 2, 1.5], "rotation": 90, "texture": "#0"},
				"east": {"uv": [0, 0, 2, 1], "rotation": 270, "texture": "#0"},
				"south": {"uv": [0, 0, 2, 1.5], "rotation": 270, "texture": "#0"},
				"west": {"uv": [0, 0, 2, 1], "rotation": 270, "texture": "#0"},
				"up": {"uv": [0, 0, 1, 1.5], "rotation": 270, "texture": "#0"},
				"down": {"uv": [0, 0, 1, 1.5], "rotation": 270, "texture": "#0"}
			}
		},
		{
			"from": [7.17783, 11.72055, 2.95728],
			"to": [8.67783, 13.72055, 3.95728],
			"rotation": {"angle": 0, "axis": "y", "origin": [7.92783, 10.5, 6.27945]},
			"faces": {
				"north": {"uv": [0, 0, 2, 1.5], "rotation": 90, "texture": "#0"},
				"east": {"uv": [0, 0, 2, 1], "rotation": 270, "texture": "#0"},
				"south": {"uv": [0, 0, 2, 1.5], "rotation": 270, "texture": "#0"},
				"west": {"uv": [0, 0, 2, 1], "rotation": 270, "texture": "#0"},
				"up": {"uv": [0, 0, 1, 1.5], "rotation": 270, "texture": "#0"},
				"down": {"uv": [0, 0, 1, 1.5], "rotation": 270, "texture": "#0"}
			}
		},
		{
			"from": [7.17783, 11.86615, 3.86963],
			"to": [8.67783, 13.86615, 4.86963],
			"rotation": {"angle": -22.5, "axis": "x", "origin": [7.92783, 10.5, 6.27945]},
			"faces": {
				"north": {"uv": [0, 0, 2, 1.5], "rotation": 90, "texture": "#0"},
				"east": {"uv": [0, 0, 2, 1], "rotation": 270, "texture": "#0"},
				"south": {"uv": [0, 0, 2, 1.5], "rotation": 270, "texture": "#0"},
				"west": {"uv": [0, 0, 2, 1], "rotation": 270, "texture": "#0"},
				"up": {"uv": [0, 0, 1, 1.5], "rotation": 270, "texture": "#0"},
				"down": {"uv": [0, 0, 1, 1.5], "rotation": 270, "texture": "#0"}
			}
		},
		{
			"from": [7.17783, 11.65153, 4.76826],
			"to": [8.67783, 13.65153, 5.76826],
			"rotation": {"angle": -45, "axis": "x", "origin": [7.92783, 10.5, 6.27945]},
			"faces": {
				"north": {"uv": [0, 0, 2, 1.5], "rotation": 90, "texture": "#0"},
				"east": {"uv": [0, 0, 2, 1], "rotation": 270, "texture": "#0"},
				"south": {"uv": [0, 0, 2, 1.5], "rotation": 270, "texture": "#0"},
				"west": {"uv": [0, 0, 2, 1], "rotation": 270, "texture": "#0"},
				"up": {"uv": [0, 0, 1, 1.5], "rotation": 270, "texture": "#0"},
				"down": {"uv": [0, 0, 1, 1.5], "rotation": 270, "texture": "#0"}
			}
		},
		{
			"from": [7.17783, 11.22055, 3.95728],
			"to": [8.67783, 14.47055, 6.95728],
			"rotation": {"angle": 0, "axis": "x", "origin": [7.92783, 10.5, 6.27945]},
			"faces": {
				"north": {"uv": [0, 0, 3.25, 1.5], "rotation": 90, "texture": "#0"},
				"east": {"uv": [0, 0, 3, 3.25], "texture": "#0"},
				"south": {"uv": [0, 0, 3.25, 1.5], "rotation": 270, "texture": "#0"},
				"west": {"uv": [0, 0, 3, 3.25], "rotation": 180, "texture": "#0"},
				"up": {"uv": [0, 0, 3, 1.5], "rotation": 270, "texture": "#0"},
				"down": {"uv": [0, 0, 3, 1.5], "rotation": 270, "texture": "#0"}
			}
		},
		{
			"from": [7.42783, 9.22055, 3.95728],
			"to": [8.42783, 10.22055, 6.95728],
			"rotation": {"angle": 0, "axis": "y", "origin": [7.92783, 10.5, 6.27945]},
			"faces": {
				"north": {"uv": [0, 0, 1, 1], "rotation": 90, "texture": "#1"},
				"east": {"uv": [0, 0, 3, 1], "texture": "#1"},
				"south": {"uv": [0, 0, 1, 1], "rotation": 270, "texture": "#1"},
				"west": {"uv": [0, 0, 3, 1], "rotation": 180, "texture": "#1"},
				"up": {"uv": [0, 0, 3, 1], "rotation": 270, "texture": "#1"},
				"down": {"uv": [0, 0, 3, 1], "rotation": 270, "texture": "#1"}
			}
		},
		{
			"from": [7.42783, 9.36615, 4.86963],
			"to": [8.42783, 10.36615, 7.86963],
			"rotation": {"angle": -22.5, "axis": "x", "origin": [7.92783, 10.5, 6.27945]},
			"faces": {
				"north": {"uv": [0, 0, 1, 1], "rotation": 90, "texture": "#1"},
				"east": {"uv": [0, 0, 3, 1], "texture": "#1"},
				"south": {"uv": [0, 0, 1, 1], "rotation": 270, "texture": "#1"},
				"west": {"uv": [0, 0, 3, 1], "rotation": 180, "texture": "#1"},
				"up": {"uv": [0, 0, 3, 1], "rotation": 270, "texture": "#1"},
				"down": {"uv": [0, 0, 3, 1], "rotation": 270, "texture": "#1"}
			}
		},
		{
			"from": [7.42783, 9.15153, 5.76826],
			"to": [8.42783, 10.15153, 8.76826],
			"rotation": {"angle": -45, "axis": "x", "origin": [7.92783, 10.5, 6.27945]},
			"faces": {
				"north": {"uv": [0, 0, 1, 1], "rotation": 90, "texture": "#1"},
				"east": {"uv": [0, 0, 3, 1], "texture": "#1"},
				"south": {"uv": [0, 0, 1, 1], "rotation": 270, "texture": "#1"},
				"west": {"uv": [0, 0, 3, 1], "rotation": 180, "texture": "#1"},
				"up": {"uv": [0, 0, 3, 1], "rotation": 270, "texture": "#1"},
				"down": {"uv": [0, 0, 3, 1], "rotation": 270, "texture": "#1"}
			}
		},
		{
			"from": [7.42783, 10.73689, 7.1701],
			"to": [8.42783, 13.73689, 8.1701],
			"rotation": {"angle": 22.5, "axis": "x", "origin": [7.92783, 10.5, 6.27945]},
			"faces": {
				"north": {"uv": [0, 0, 3, 1], "rotation": 90, "texture": "#1"},
				"east": {"uv": [0, 0, 3, 1], "rotation": 90, "texture": "#1"},
				"south": {"uv": [0, 0, 3, 1], "rotation": 270, "texture": "#1"},
				"west": {"uv": [0, 0, 3, 1], "rotation": 90, "texture": "#1"},
				"up": {"uv": [0, 0, 1, 1], "rotation": 270, "texture": "#1"},
				"down": {"uv": [0, 0, 1, 1], "rotation": 270, "texture": "#1"}
			}
		},
		{
			"from": [7.42783, 11.22055, 7.95728],
			"to": [8.42783, 14.22055, 8.95728],
			"rotation": {"angle": 0, "axis": "y", "origin": [7.92783, 10.5, 6.27945]},
			"faces": {
				"north": {"uv": [0, 0, 3, 1], "rotation": 90, "texture": "#1"},
				"east": {"uv": [0, 0, 3, 1], "rotation": 90, "texture": "#1"},
				"south": {"uv": [0, 0, 3, 1], "rotation": 270, "texture": "#1"},
				"west": {"uv": [0, 0, 3, 1], "rotation": 90, "texture": "#1"},
				"up": {"uv": [0, 0, 1, 1], "rotation": 270, "texture": "#1"},
				"down": {"uv": [0, 0, 1, 1], "rotation": 270, "texture": "#1"}
			}
		},
		{
			"from": [7.42783, 11.36615, 8.86963],
			"to": [8.42783, 14.11615, 9.86963],
			"rotation": {"angle": -22.5, "axis": "x", "origin": [7.92783, 10.5, 6.27945]},
			"faces": {
				"north": {"uv": [0, 0, 2.75, 1], "rotation": 90, "texture": "#1"},
				"east": {"uv": [0, 0, 2.75, 1], "rotation": 90, "texture": "#1"},
				"south": {"uv": [0, 0, 2.75, 1], "rotation": 270, "texture": "#1"},
				"west": {"uv": [0, 0, 2.75, 1], "rotation": 90, "texture": "#1"},
				"up": {"uv": [0, 0, 1, 1], "rotation": 270, "texture": "#1"},
				"down": {"uv": [0, 0, 1, 1], "rotation": 270, "texture": "#1"}
			}
		},
		{
			"from": [7.42783, 11.36615, 2.86963],
			"to": [8.42783, 14.36615, 3.86963],
			"rotation": {"angle": -22.5, "axis": "x", "origin": [7.92783, 10.5, 6.27945]},
			"faces": {
				"north": {"uv": [0, 0, 3, 1], "rotation": 90, "texture": "#1"},
				"east": {"uv": [0, 0, 3, 1], "rotation": 270, "texture": "#1"},
				"south": {"uv": [0, 0, 3, 1], "rotation": 270, "texture": "#1"},
				"west": {"uv": [0, 0, 3, 1], "rotation": 270, "texture": "#1"},
				"up": {"uv": [0, 0, 1, 1], "rotation": 270, "texture": "#1"},
				"down": {"uv": [0, 0, 1, 1], "rotation": 270, "texture": "#1"}
			}
		},
		{
			"from": [7.42783, 11.15153, 3.76826],
			"to": [8.42783, 14.15153, 4.76826],
			"rotation": {"angle": -45, "axis": "x", "origin": [7.92783, 10.5, 6.27945]},
			"faces": {
				"north": {"uv": [0, 0, 3, 1], "rotation": 90, "texture": "#1"},
				"east": {"uv": [0, 0, 3, 1], "rotation": 270, "texture": "#1"},
				"south": {"uv": [0, 0, 3, 1], "rotation": 270, "texture": "#1"},
				"west": {"uv": [0, 0, 3, 1], "rotation": 270, "texture": "#1"},
				"up": {"uv": [0, 0, 1, 1], "rotation": 270, "texture": "#1"},
				"down": {"uv": [0, 0, 1, 1], "rotation": 270, "texture": "#1"}
			}
		},
		{
			"from": [7.42783, 8.73689, 3.1701],
			"to": [8.42783, 9.73689, 6.1701],
			"rotation": {"angle": 22.5, "axis": "x", "origin": [7.92783, 10.5, 6.27945]},
			"faces": {
				"north": {"uv": [0, 0, 1, 1], "rotation": 90, "texture": "#1"},
				"east": {"uv": [0, 0, 3, 1], "texture": "#1"},
				"south": {"uv": [0, 0, 1, 1], "rotation": 270, "texture": "#1"},
				"west": {"uv": [0, 0, 3, 1], "rotation": 180, "texture": "#1"},
				"up": {"uv": [0, 0, 3, 1], "rotation": 270, "texture": "#1"},
				"down": {"uv": [0, 0, 3, 1], "rotation": 270, "texture": "#1"}
			}
		},
		{
			"from": [7.42783, 13.02885, 9.84955],
			"to": [8.42783, 14.02885, 12.34955],
			"rotation": {"angle": -22.5, "axis": "x", "origin": [7.92783, 10.5, 6.27945]},
			"faces": {
				"north": {"uv": [0, 0, 1, 1], "rotation": 90, "texture": "#1"},
				"east": {"uv": [0, 0, 2.5, 1], "texture": "#1"},
				"south": {"uv": [0, 0, 1, 1], "rotation": 270, "texture": "#1"},
				"west": {"uv": [0, 0, 2.5, 1], "rotation": 180, "texture": "#1"},
				"up": {"uv": [0, 0, 2.5, 1], "rotation": 270, "texture": "#1"},
				"down": {"uv": [0, 0, 2.5, 1], "rotation": 270, "texture": "#1"}
			}
		},
		{
			"from": [7.42783, 11.87122, 8.9716],
			"to": [8.42783, 12.87122, 11.4716],
			"rotation": {"angle": 0, "axis": "y", "origin": [7.92783, 10.5, 6.27945]},
			"faces": {
				"north": {"uv": [0, 0, 1, 1], "rotation": 90, "texture": "#1"},
				"east": {"uv": [0, 0, 2.5, 1], "texture": "#1"},
				"south": {"uv": [0, 0, 1, 1], "rotation": 270, "texture": "#1"},
				"west": {"uv": [0, 0, 2.5, 1], "rotation": 180, "texture": "#1"},
				"up": {"uv": [0, 0, 2.5, 1], "rotation": 270, "texture": "#1"},
				"down": {"uv": [0, 0, 2.5, 1], "rotation": 270, "texture": "#1"}
			}
		},
		{
			"from": [7.42783, 10.70903, 7.6277],
			"to": [8.42783, 11.70903, 10.1277],
			"rotation": {"angle": 45, "axis": "x", "origin": [7.92783, 10.5, 6.27945]},
			"faces": {
				"north": {"uv": [0, 0, 1, 1], "rotation": 90, "texture": "#1"},
				"east": {"uv": [0, 0, 2.5, 1], "texture": "#1"},
				"south": {"uv": [0, 0, 1, 1], "rotation": 270, "texture": "#1"},
				"west": {"uv": [0, 0, 2.5, 1], "rotation": 180, "texture": "#1"},
				"up": {"uv": [0, 0, 2.5, 1], "rotation": 270, "texture": "#1"},
				"down": {"uv": [0, 0, 2.5, 1], "rotation": 270, "texture": "#1"}
			}
		},
		{
			"from": [7.42783, 12.27885, 9.84955],
			"to": [8.42783, 13.27885, 12.09955],
			"rotation": {"angle": -22.5, "axis": "x", "origin": [7.92783, 10.5, 6.27945]},
			"faces": {
				"north": {"uv": [0, 0, 1, 1], "rotation": 90, "texture": "#1"},
				"east": {"uv": [0, 0, 2.25, 1], "texture": "#1"},
				"south": {"uv": [0, 0, 1, 1], "rotation": 270, "texture": "#1"},
				"west": {"uv": [0, 0, 2.25, 1], "rotation": 180, "texture": "#1"},
				"up": {"uv": [0, 0, 2.25, 1], "rotation": 270, "texture": "#1"},
				"down": {"uv": [0, 0, 2.25, 1], "rotation": 270, "texture": "#1"}
			}
		},
		{
			"from": [7.42783, 10.97055, 8.70728],
			"to": [8.42783, 11.97055, 10.95728],
			"rotation": {"angle": 0, "axis": "y", "origin": [7.92783, 10.5, 6.27945]},
			"faces": {
				"north": {"uv": [0, 0, 1, 1], "rotation": 90, "texture": "#1"},
				"east": {"uv": [0, 0, 2.25, 1], "texture": "#1"},
				"south": {"uv": [0, 0, 1, 1], "rotation": 270, "texture": "#1"},
				"west": {"uv": [0, 0, 2.25, 1], "rotation": 180, "texture": "#1"},
				"up": {"uv": [0, 0, 2.25, 1], "rotation": 270, "texture": "#1"},
				"down": {"uv": [0, 0, 2.25, 1], "rotation": 270, "texture": "#1"}
			}
		},
		{
			"from": [7.42783, 9.92653, 7.3306],
			"to": [8.42783, 10.92653, 9.5806],
			"rotation": {"angle": 45, "axis": "x", "origin": [7.92783, 10.5, 6.27945]},
			"faces": {
				"north": {"uv": [0, 0, 1, 1], "rotation": 90, "texture": "#1"},
				"east": {"uv": [0, 0, 2.25, 1], "texture": "#1"},
				"south": {"uv": [0, 0, 1, 1], "rotation": 270, "texture": "#1"},
				"west": {"uv": [0, 0, 2.25, 1], "rotation": 180, "texture": "#1"},
				"up": {"uv": [0, 0, 2.25, 1], "rotation": 270, "texture": "#1"},
				"down": {"uv": [0, 0, 2.25, 1], "rotation": 270, "texture": "#1"}
			}
		}
	],
	"display": {
		"thirdperson_righthand": {
			"translation": [0, 8, 4.75]
		},
		"thirdperson_lefthand": {
			"translation": [0, 8, 4.75]
		},
		"firstperson_righthand": {
			"rotation": [-7, 7, 0],
			"translation": [2.75, 6.25, 0],
			"scale": [0.8, 0.8, 0.8]
		},
		"firstperson_lefthand": {
			"rotation": [-7, 7, 0],
			"translation": [2.75, 6.25, 0],
			"scale": [0.8, 0.8, 0.8]
		},
		"ground": {
			"translation": [0, 17, 3]
		},
		"gui": {
			"rotation": [-90, 45, 90],
			"translation": [-1.75, 3.75, 0],
			"scale": [0.7, 0.7, 0.7]
		},
		"fixed": {
			"rotation": [-90, 45, 90],
			"translation": [-2.5, 3.75, 0],
			"scale": [0.85, 0.85, 0.85]
		}
	},
	"groups": [
		{
			"name": "staff",
			"origin": [8, 8, 8],
			"children": [
				{
					"name": "handle",
					"origin": [8, 8, 8],
					"children": [0, 1, 2, 3, 4]
				},
				{
					"name": "dragon",
					"origin": [8, 8, 8],
					"children": [5, 6, 7, 8, 9, 10, 11, 12, 13, 14, 15, 16, 17, 18, 19, 20]
				},
				{
					"name": "goldball",
					"origin": [8, 8, 8],
					"children": [21, 22, 23, 24, 25, 26, 27, 28, 29, 30, 31, 32, 33, 34, 35]
				}
			]
		}
	]
}