{
	"credit": "Made with Blockbench",
	"textures": {
		"0": "61/handle",
		"1": "61/handle2",
		"2": "61/blade",
		"3": "61/blade2",
		"particle": "61/handle"
	},
	"elements": [
		{
			"from": [7.75, -15, 5],
			"to": [8.25, -5, 6],
			"faces": {
				"north": {"uv": [0, 0, 0.5, 10], "rotation": 180, "texture": "#0"},
				"east": {"uv": [0, 0, 10, 1], "rotation": 90, "texture": "#0"},
				"south": {"uv": [0, 0, 0.5, 10], "texture": "#0"},
				"west": {"uv": [0, 0, 10, 1], "rotation": 270, "texture": "#0"},
				"up": {"uv": [0, 0, 0.5, 1], "texture": "#0"},
				"down": {"uv": [0, 0, 0.5, 1], "rotation": 180, "texture": "#0"}
			}
		},
		{
			"from": [7.75, -5, 4],
			"to": [8.25, -4, 6],
			"faces": {
				"north": {"uv": [0, 0, 0.5, 1], "rotation": 180, "texture": "#1"},
				"east": {"uv": [0, 0, 1, 2], "rotation": 90, "texture": "#1"},
				"south": {"uv": [0, 0, 0.5, 1], "texture": "#1"},
				"west": {"uv": [0, 0, 1, 2], "rotation": 270, "texture": "#1"},
				"up": {"uv": [0, 0, 0.5, 2], "texture": "#1"},
				"down": {"uv": [0, 0, 0.5, 2], "rotation": 180, "texture": "#1"}
			}
		},
		{
			"from": [7.75, -15.25, 5],
			"to": [8.25, -15, 6],
			"faces": {
				"north": {"uv": [0, 0, 0.5, 0.25], "rotation": 180, "texture": "#1"},
				"east": {"uv": [0, 0, 0.25, 1], "rotation": 90, "texture": "#1"},
				"south": {"uv": [0, 0, 0.5, 0.25], "texture": "#1"},
				"west": {"uv": [0, 0, 0.25, 1], "rotation": 270, "texture": "#1"},
				"up": {"uv": [0, 0, 0.5, 1], "texture": "#1"},
				"down": {"uv": [0, 0, 0.5, 1], "rotation": 180, "texture": "#1"}
			}
		},
		{
			"from": [8, -4, 5],
			"to": [8, 27, 6],
			"faces": {
				"north": {"uv": [0, 0, 0, 16], "rotation": 180, "texture": "#2"},
				"east": {"uv": [0, 0, 16, 5], "rotation": 90, "texture": "#2"},
				"south": {"uv": [0, 0, 0, 16], "texture": "#2"},
				"west": {"uv": [0, 0, 16, 5], "rotation": 270, "texture": "#2"},
				"up": {"uv": [0, 0, 0, 1], "texture": "#2"},
				"down": {"uv": [0, 0, 0, 1], "rotation": 180, "texture": "#2"}
			}
		},
		{
			"from": [8, 27, 5.25],
			"to": [8, 27.5, 6],
			"faces": {
				"north": {"uv": [0, 0, 0, 0.5], "rotation": 180, "texture": "#3"},
				"east": {"uv": [0, 0, 0.5, 0.75], "rotation": 90, "texture": "#3"},
				"south": {"uv": [0, 0, 0, 0.5], "texture": "#3"},
				"west": {"uv": [0, 0, 0.5, 0.75], "rotation": 270, "texture": "#3"},
				"up": {"uv": [0, 0, 0, 0.75], "texture": "#3"},
				"down": {"uv": [0, 0, 0, 0.75], "rotation": 180, "texture": "#3"}
			}
		},
		{
			"from": [8, 27.5, 5.5],
			"to": [8, 27.75, 6],
			"faces": {
				"north": {"uv": [0, 0, 0, 0.25], "rotation": 180, "texture": "#3"},
				"east": {"uv": [0, 0, 0.25, 0.5], "rotation": 90, "texture": "#3"},
				"south": {"uv": [0, 0, 0, 0.25], "texture": "#3"},
				"west": {"uv": [0, 0, 0.25, 0.5], "rotation": 270, "texture": "#3"},
				"up": {"uv": [0, 0, 0, 0.5], "texture": "#3"},
				"down": {"uv": [0, 0, 0, 0.5], "rotation": 180, "texture": "#3"}
			}
		}
	],
	"display": {
		"thirdperson_righthand": {
			"translation": [0, 14.5, 3.75]
		},
		"thirdperson_lefthand": {
			"translation": [0, 14.5, 3.75]
		},
		"firstperson_righthand": {
			"rotation": [-20, 0, 0],
			"translation": [9.25, 9.75, -7.25]
		},
		"firstperson_lefthand": {
			"rotation": [-20, 0, 0],
			"translation": [9.25, 9.75, -7.25]
		},
		"ground": {
			"translation": [0, 20.5, 0]
		},
		"gui": {
			"rotation": [-90, 50, 90],
			"translation": [0, 1.5, 0],
			"scale": [0.5, 0.5, 0.5]
		},
		"fixed": {
			"rotation": [-90, 50, 90],
			"translation": [0, 1.5, 0],
			"scale": [0.55, 0.55, 0.55]
		}
	},
	"groups": [
		{
			"name": "sword",
			"origin": [8, 8, 8],
			"children": [
				{
					"name": "handle",
					"origin": [8, 8, 8],
					"children": [0, 1, 2]
				},
				{
					"name": "blade",
					"origin": [8, 8, 8],
					"children": [3, 4, 5]
				}
			]
		}
	]
}