{
	"credit": "Made with Blockbench",
	"textures": {
		"0": "40/texture",
		"particle": "40/texture"
	},
	"elements": [
		{
			"from": [0, -4, 4.75],
			"to": [16, 12, 5],
			"faces": {
				"north": {"uv": [0, 0, 16, 16], "rotation": 180, "texture": "#0"},
				"east": {"uv": [0, 0, 16, 0.25], "rotation": 90, "texture": "#0"},
				"south": {"uv": [0, 0, 16, 16], "texture": "#0"},
				"west": {"uv": [0, 0, 16, 0.25], "rotation": 270, "texture": "#0"},
				"up": {"uv": [0, 0, 16, 0.25], "texture": "#0"},
				"down": {"uv": [0, 0, 16, 0.25], "rotation": 180, "texture": "#0"}
			}
		}
	],
	"display": {
		"thirdperson_righthand": {
			"translation": [0, -0.75, 0.75],
			"scale": [0.3, 0.3, 0.3]
		},
		"thirdperson_lefthand": {
			"translation": [0, -0.75, 0.75],
			"scale": [0.3, 0.3, 0.3]
		},
		"firstperson_righthand": {
			"rotation": [0, -78, 0],
			"translation": [0, 5, 0.5]
		},
		"firstperson_lefthand": {
			"rotation": [0, -78, 0],
			"translation": [0, 5, 0.5]
		},
		"ground": {
			"translation": [0, 10.25, 0]
		},
		"gui": {
			"translation": [0, 4.25, 2.75],
			"scale": [0.9, 0.9, 0.9]
		},
		"fixed": {
			"translation": [0, 4.25, 2.75]
		}
	}
}