{
	"credit": "Made with Blockbench",
	"textures": {
		"0": "16/metal",
		"1": "16/lightermetal",
		"2": "16/laser",
		"particle": "16/metal"
	},
	"elements": [
		{
			"from": [2, 0, 6],
			"to": [6, 2, 11],
			"rotation": {"angle": 0, "axis": "y", "origin": [0.5, 0.5, 0.5]},
			"faces": {
				"north": {"uv": [0, 0, 4, 2], "texture": "#1"},
				"east": {"uv": [0, 0, 5, 2], "texture": "#1"},
				"south": {"uv": [0, 0, 4, 2], "texture": "#1"},
				"west": {"uv": [0, 0, 5, 2], "texture": "#1"},
				"up": {"uv": [0, 0, 4, 5], "texture": "#1"},
				"down": {"uv": [0, 0, 4, 5], "texture": "#1"}
			}
		},
		{
			"from": [4, -3, 7],
			"to": [5, 0, 10],
			"faces": {
				"north": {"uv": [0, 0, 1, 3], "texture": "#0"},
				"east": {"uv": [0, 0, 3, 3], "texture": "#0"},
				"south": {"uv": [0, 0, 1, 3], "texture": "#0"},
				"west": {"uv": [0, 0, 3, 3], "texture": "#0"},
				"up": {"uv": [0, 0, 1, 3], "texture": "#0"},
				"down": {"uv": [0, 0, 1, 3], "texture": "#0"}
			}
		},
		{
			"from": [6, -0.75, 8],
			"to": [7, 0, 9],
			"faces": {
				"north": {"uv": [0, 0, 1, 0.75], "texture": "#0"},
				"east": {"uv": [0, 0, 1, 0.75], "texture": "#0"},
				"south": {"uv": [0, 0, 1, 0.75], "texture": "#0"},
				"west": {"uv": [0, 0, 1, 0.75], "texture": "#0"},
				"up": {"uv": [0, 0, 1, 1], "texture": "#0"},
				"down": {"uv": [0, 0, 1, 1], "texture": "#0"}
			}
		},
		{
			"from": [7, -0.75, 7.5],
			"to": [8, 0, 9.5],
			"faces": {
				"north": {"uv": [0, 0, 1, 0.75], "texture": "#0"},
				"east": {"uv": [0, 0, 2, 0.75], "texture": "#0"},
				"south": {"uv": [0, 0, 1, 0.75], "texture": "#0"},
				"west": {"uv": [0, 0, 2, 0.75], "texture": "#0"},
				"up": {"uv": [0, 0, 1, 2], "texture": "#0"},
				"down": {"uv": [0, 0, 1, 2], "texture": "#0"}
			}
		},
		{
			"from": [8, -0.75, 5.75],
			"to": [10, 0, 11.25],
			"faces": {
				"north": {"uv": [0, 0, 2, 0.75], "texture": "#0"},
				"east": {"uv": [0, 0, 5.5, 0.75], "texture": "#0"},
				"south": {"uv": [0, 0, 2, 0.75], "texture": "#0"},
				"west": {"uv": [0, 0, 5.5, 0.75], "texture": "#0"},
				"up": {"uv": [0, 0, 2, 5.5], "texture": "#0"},
				"down": {"uv": [0, 0, 2, 5.5], "texture": "#0"}
			}
		},
		{
			"from": [5, -1, 8],
			"to": [6, -0.5, 9],
			"faces": {
				"north": {"uv": [0, 0, 1, 0.5], "texture": "#0"},
				"east": {"uv": [0, 0, 1, 0.5], "texture": "#0"},
				"south": {"uv": [0, 0, 1, 0.5], "texture": "#0"},
				"west": {"uv": [0, 0, 1, 0.5], "texture": "#0"},
				"up": {"uv": [0, 0, 1, 1], "texture": "#0"},
				"down": {"uv": [0, 0, 1, 1], "texture": "#0"}
			}
		},
		{
			"from": [7, 0, 5],
			"to": [8, 2.25, 12],
			"faces": {
				"north": {"uv": [0, 0, 1, 2.25], "texture": "#1"},
				"east": {"uv": [0, 0, 7, 2.25], "texture": "#1"},
				"south": {"uv": [0, 0, 1, 2.25], "texture": "#1"},
				"west": {"uv": [0, 0, 7, 2.25], "texture": "#1"},
				"up": {"uv": [0, 0, 1, 7], "texture": "#1"},
				"down": {"uv": [0, 0, 1, 7], "texture": "#1"}
			}
		},
		{
			"from": [6, 0, 5.25],
			"to": [7, 2.25, 11.75],
			"faces": {
				"north": {"uv": [0, 0, 1, 2.25], "texture": "#1"},
				"east": {"uv": [0, 0, 6.5, 2.25], "texture": "#1"},
				"south": {"uv": [0, 0, 1, 2.25], "texture": "#1"},
				"west": {"uv": [0, 0, 6.5, 2.25], "texture": "#1"},
				"up": {"uv": [0, 0, 1, 6.5], "texture": "#1"},
				"down": {"uv": [0, 0, 1, 6.5], "texture": "#1"}
			}
		},
		{
			"from": [8, -0.25, 4.75],
			"to": [9, 2.5, 12.25],
			"faces": {
				"north": {"uv": [0, 0, 1, 2.75], "texture": "#1"},
				"east": {"uv": [0, 0, 7.5, 2.75], "texture": "#1"},
				"south": {"uv": [0, 0, 1, 2.75], "texture": "#1"},
				"west": {"uv": [0, 0, 7.5, 2.75], "texture": "#1"},
				"up": {"uv": [0, 0, 1, 7.5], "texture": "#1"},
				"down": {"uv": [0, 0, 1, 7.5], "texture": "#1"}
			}
		},
		{
			"from": [9, -0.25, 4.5],
			"to": [10, 2.75, 12.5],
			"faces": {
				"north": {"uv": [0, 0, 1, 3], "texture": "#1"},
				"east": {"uv": [0, 0, 8, 3], "texture": "#1"},
				"south": {"uv": [0, 0, 1, 3], "texture": "#1"},
				"west": {"uv": [0, 0, 8, 3], "texture": "#1"},
				"up": {"uv": [0, 0, 1, 8], "texture": "#1"},
				"down": {"uv": [0, 0, 1, 8], "texture": "#1"}
			}
		},
		{
			"from": [10, -0.5, 4.5],
			"to": [11, 3, 12.5],
			"faces": {
				"north": {"uv": [0, 0, 1, 3.5], "texture": "#1"},
				"east": {"uv": [0, 0, 8, 3.5], "texture": "#1"},
				"south": {"uv": [0, 0, 1, 3.5], "texture": "#1"},
				"west": {"uv": [0, 0, 8, 3.5], "texture": "#1"},
				"up": {"uv": [0, 0, 1, 8], "texture": "#1"},
				"down": {"uv": [0, 0, 1, 8], "texture": "#1"}
			}
		},
		{
			"from": [11, -0.5, 3.5],
			"to": [12, 3, 13.5],
			"faces": {
				"north": {"uv": [0, 0, 1, 3.5], "texture": "#1"},
				"east": {"uv": [0, 0, 10, 3.5], "texture": "#1"},
				"south": {"uv": [0, 0, 1, 3.5], "texture": "#1"},
				"west": {"uv": [0, 0, 10, 3.5], "texture": "#1"},
				"up": {"uv": [0, 0, 1, 10], "texture": "#1"},
				"down": {"uv": [0, 0, 1, 10], "texture": "#1"}
			}
		},
		{
			"from": [12, -0.5, 3.25],
			"to": [13, 3, 13.75],
			"faces": {
				"north": {"uv": [0, 0, 1, 3.5], "texture": "#1"},
				"east": {"uv": [0, 0, 10.5, 3.5], "texture": "#1"},
				"south": {"uv": [0, 0, 1, 3.5], "texture": "#1"},
				"west": {"uv": [0, 0, 10.5, 3.5], "texture": "#1"},
				"up": {"uv": [0, 0, 1, 10.5], "texture": "#1"},
				"down": {"uv": [0, 0, 1, 10.5], "texture": "#1"}
			}
		},
		{
			"from": [13, -0.5, 3],
			"to": [17, 3, 14],
			"faces": {
				"north": {"uv": [0, 0, 4, 3.5], "texture": "#1"},
				"east": {"uv": [0, 0, 11, 3.5], "texture": "#1"},
				"south": {"uv": [0, 0, 4, 3.5], "texture": "#1"},
				"west": {"uv": [0, 0, 11, 3.5], "texture": "#1"},
				"up": {"uv": [0, 0, 4, 11], "texture": "#1"},
				"down": {"uv": [0, 0, 4, 11], "texture": "#1"}
			}
		},
		{
			"from": [2, -0.5, 6],
			"to": [3, 0, 11],
			"faces": {
				"north": {"uv": [0, 0, 1, 0.5], "texture": "#0"},
				"east": {"uv": [0, 0, 5, 0.5], "texture": "#0"},
				"south": {"uv": [0, 0, 1, 0.5], "texture": "#0"},
				"west": {"uv": [0, 0, 5, 0.5], "texture": "#0"},
				"up": {"uv": [0, 0, 1, 5], "texture": "#0"},
				"down": {"uv": [0, 0, 1, 5], "texture": "#0"}
			}
		},
		{
			"from": [3.25, 1.25, 5.75],
			"to": [4.75, 1.5, 11.25],
			"faces": {
				"north": {"uv": [0, 0, 1.5, 0.25], "texture": "#2"},
				"east": {"uv": [0, 0, 5.5, 0.25], "texture": "#2"},
				"south": {"uv": [0, 0, 1.5, 0.25], "texture": "#2"},
				"west": {"uv": [0, 0, 5.5, 0.25], "texture": "#2"},
				"up": {"uv": [0, 0, 1.5, 5.5], "texture": "#2"},
				"down": {"uv": [0, 0, 1.5, 5.5], "texture": "#2"}
			}
		},
		{
			"from": [3.25, 0.5, 5.75],
			"to": [4.75, 0.75, 11.25],
			"faces": {
				"north": {"uv": [0, 0, 1.5, 0.25], "texture": "#2"},
				"east": {"uv": [0, 0, 5.5, 0.25], "texture": "#2"},
				"south": {"uv": [0, 0, 1.5, 0.25], "texture": "#2"},
				"west": {"uv": [0, 0, 5.5, 0.25], "texture": "#2"},
				"up": {"uv": [0, 0, 1.5, 5.5], "texture": "#2"},
				"down": {"uv": [0, 0, 1.5, 5.5], "texture": "#2"}
			}
		},
		{
			"from": [10.25, -0.25, 6.5],
			"to": [17.25, 3.25, 10.5],
			"faces": {
				"north": {"uv": [0, 0, 7, 3.5], "texture": "#0"},
				"east": {"uv": [0, 0, 4, 3.5], "texture": "#0"},
				"south": {"uv": [0, 0, 7, 3.5], "texture": "#0"},
				"west": {"uv": [0, 0, 4, 3.5], "texture": "#0"},
				"up": {"uv": [0, 0, 7, 4], "texture": "#0"},
				"down": {"uv": [0, 0, 7, 4], "texture": "#0"}
			}
		},
		{
			"from": [8.25, 2.25, 6.5],
			"to": [10.25, 3, 10.5],
			"faces": {
				"north": {"uv": [0, 0, 2, 0.75], "texture": "#0"},
				"east": {"uv": [0, 0, 4, 0.75], "texture": "#0"},
				"south": {"uv": [0, 0, 2, 0.75], "texture": "#0"},
				"west": {"uv": [0, 0, 4, 0.75], "texture": "#0"},
				"up": {"uv": [0, 0, 2, 4], "texture": "#0"},
				"down": {"uv": [0, 0, 2, 4], "texture": "#0"}
			}
		},
		{
			"from": [6.25, 1.75, 6.75],
			"to": [8.25, 2.5, 10.25],
			"faces": {
				"north": {"uv": [0, 0, 2, 0.75], "texture": "#0"},
				"east": {"uv": [0, 0, 3.5, 0.75], "texture": "#0"},
				"south": {"uv": [0, 0, 2, 0.75], "texture": "#0"},
				"west": {"uv": [0, 0, 3.5, 0.75], "texture": "#0"},
				"up": {"uv": [0, 0, 2, 3.5], "texture": "#0"},
				"down": {"uv": [0, 0, 2, 3.5], "texture": "#0"}
			}
		},
		{
			"from": [6.25, 2, 7.25],
			"to": [8.25, 2.75, 8.25],
			"faces": {
				"north": {"uv": [0, 0, 2, 0.75], "texture": "#2"},
				"east": {"uv": [0, 0, 1, 0.75], "texture": "#2"},
				"south": {"uv": [0, 0, 2, 0.75], "texture": "#2"},
				"west": {"uv": [0, 0, 1, 0.75], "texture": "#2"},
				"up": {"uv": [0, 0, 2, 1], "texture": "#2"},
				"down": {"uv": [0, 0, 2, 1], "texture": "#2"}
			}
		},
		{
			"from": [6.25, 2, 8.75],
			"to": [8.25, 2.75, 9.75],
			"faces": {
				"north": {"uv": [0, 0, 2, 0.75], "texture": "#2"},
				"east": {"uv": [0, 0, 1, 0.75], "texture": "#2"},
				"south": {"uv": [0, 0, 2, 0.75], "texture": "#2"},
				"west": {"uv": [0, 0, 1, 0.75], "texture": "#2"},
				"up": {"uv": [0, 0, 2, 1], "texture": "#2"},
				"down": {"uv": [0, 0, 2, 1], "texture": "#2"}
			}
		},
		{
			"from": [10.25, -0.25, 7.75],
			"to": [17.5, 3.5, 9.25],
			"faces": {
				"north": {"uv": [0, 0, 7.25, 3.75], "texture": "#2"},
				"east": {"uv": [0, 0, 1.5, 3.75], "texture": "#2"},
				"south": {"uv": [0, 0, 7.25, 3.75], "texture": "#2"},
				"west": {"uv": [0, 0, 1.5, 3.75], "texture": "#2"},
				"up": {"uv": [0, 0, 7.25, 1.5], "texture": "#2"},
				"down": {"uv": [0, 0, 7.25, 1.5], "texture": "#2"}
			}
		}
	],
	"display": {
		"thirdperson_righthand": {
			"rotation": [70, 90, -11],
			"translation": [-1.5, 7.5, 8]
		},
		"thirdperson_lefthand": {
			"rotation": [70, 90, -11],
			"translation": [-1.5, 7.5, 8],
			"scale": [-1, 1, 1]
		},
		"firstperson_righthand": {
			"rotation": [0, 90, 0],
			"translation": [-9.5, 10.25, 3.75]
		},
		"firstperson_lefthand": {
			"rotation": [0, 90, 0],
			"translation": [-9.6, 10.25, 3.75],
			"scale": [-1, 1, 1]
		},
		"ground": {
			"translation": [0, 9.5, 0]
		},
		"gui": {
			"rotation": [40, 39, 0],
			"translation": [-1.75, 4.75, -9.75]
		},
		"fixed": {
			"rotation": [-47, 38, 0],
			"translation": [-1.75, 7.25, -9.75]
		}
	},
	"groups": [
		{
			"name": "BFG",
			"origin": [8, 8, 8],
			"children": [0, 1, 2, 3, 4, 5, 6, 7, 8, 9, 10, 11, 12, 13, 14, 15, 16, 17, 18, 19, 20, 21, 22]
		}
	]
}