{
	"credit": "Made with Blockbench",
	"textures": {
		"0": "55/card",
		"particle": "55/card"
	},
	"elements": [
		{
			"from": [5, -1, 6],
			"to": [11, 7, 6],
			"faces": {
				"north": {"uv": [0, 0, 12, 16], "rotation": 180, "texture": "#0"},
				"east": {"uv": [0, 0, 8, 0], "rotation": 90, "texture": "#0"},
				"south": {"uv": [0, 0, 12, 16], "texture": "#0"},
				"west": {"uv": [0, 0, 8, 0], "rotation": 270, "texture": "#0"},
				"up": {"uv": [0, 0, 6, 0], "texture": "#0"},
				"down": {"uv": [0, 0, 6, 0], "rotation": 180, "texture": "#0"}
			}
		}
	],
	"display": {
		"thirdperson_righthand": {
			"rotation": [0, 90, 0],
			"translation": [0.75, 3.75, 0.25],
			"scale": [0.5, 0.5, 0.5]
		},
		"thirdperson_lefthand": {
			"rotation": [0, 90, 0],
			"translation": [0.75, 3.75, 0.25],
			"scale": [0.5, 0.5, 0.5]
		},
		"firstperson_righthand": {
			"rotation": [0, -71, 0],
			"translation": [-0.75, 7.5, 0]
		},
		"firstperson_lefthand": {
			"rotation": [0, -71, 0],
			"translation": [-0.75, 7.5, 0]
		},
		"ground": {
			"translation": [0, 9.75, 0]
		},
		"gui": {
			"translation": [0.25, 7.5, 2.75],
			"scale": [1.5, 1.5, 1.5]
		},
		"head": {
			"rotation": [0, 90, 90],
			"translation": [3.5, 0.5, 7.25],
			"scale": [1.5, 1.5, 1.5]
		},
		"fixed": {
			"translation": [0, 10.25, 2.75],
			"scale": [2, 2, 2]
		}
	}
}