{
	"credit": "Made with Blockbench",
	"textures": {
		"0": "4/blade",
		"2": "4/middleside",
		"3": "4/flatside",
		"particle": "4/blade"
	},
	"elements": [
		{
			"from": [7.5, -2, 15],
			"to": [8.5, -1, 16],
			"rotation": {"angle": 45, "axis": "x", "origin": [8, 8, 8]},
			"faces": {
				"north": {"uv": [0, 0, 1, 1], "rotation": 90, "texture": "#2"},
				"east": {"uv": [0, 0, 1, 1], "rotation": 270, "texture": "#2"},
				"south": {"uv": [0, 0, 1, 1], "rotation": 270, "texture": "#2"},
				"west": {"uv": [0, 0, 1, 1], "rotation": 270, "texture": "#2"},
				"up": {"uv": [0, 0, 1, 1], "rotation": 270, "texture": "#2"},
				"down": {"uv": [0, 0, 1, 1], "rotation": 270, "texture": "#2"}
			}
		},
		{
			"from": [7.5, -1, 16],
			"to": [8.5, 0, 17],
			"rotation": {"angle": 45, "axis": "x", "origin": [8, 8, 8]},
			"faces": {
				"north": {"uv": [0, 0, 1, 1], "rotation": 90, "texture": "#2"},
				"east": {"uv": [0, 0, 1, 1], "rotation": 270, "texture": "#2"},
				"south": {"uv": [0, 0, 1, 1], "rotation": 270, "texture": "#2"},
				"west": {"uv": [0, 0, 1, 1], "rotation": 270, "texture": "#2"},
				"up": {"uv": [0, 0, 1, 1], "rotation": 270, "texture": "#2"},
				"down": {"uv": [0, 0, 1, 1], "rotation": 270, "texture": "#2"}
			}
		},
		{
			"from": [7.5, -1, 14],
			"to": [8.5, 0, 15],
			"rotation": {"angle": 45, "axis": "x", "origin": [8, 8, 8]},
			"faces": {
				"north": {"uv": [0, 0, 1, 1], "rotation": 90, "texture": "#2"},
				"east": {"uv": [0, 0, 1, 1], "rotation": 270, "texture": "#2"},
				"south": {"uv": [0, 0, 1, 1], "rotation": 270, "texture": "#2"},
				"west": {"uv": [0, 0, 1, 1], "rotation": 270, "texture": "#2"},
				"up": {"uv": [0, 0, 1, 1], "rotation": 270, "texture": "#2"},
				"down": {"uv": [0, 0, 1, 1], "rotation": 270, "texture": "#2"}
			}
		},
		{
			"from": [7.5, 0, 13],
			"to": [8.5, 1, 14],
			"rotation": {"angle": 45, "axis": "x", "origin": [8, 8, 8]},
			"faces": {
				"north": {"uv": [0, 0, 1, 1], "rotation": 90, "texture": "#2"},
				"east": {"uv": [0, 0, 1, 1], "rotation": 270, "texture": "#2"},
				"south": {"uv": [0, 0, 1, 1], "rotation": 270, "texture": "#2"},
				"west": {"uv": [0, 0, 1, 1], "rotation": 270, "texture": "#2"},
				"up": {"uv": [0, 0, 1, 1], "rotation": 270, "texture": "#2"},
				"down": {"uv": [0, 0, 1, 1], "rotation": 270, "texture": "#2"}
			}
		},
		{
			"from": [7.5, 1, 12],
			"to": [8.5, 2, 13],
			"rotation": {"angle": 45, "axis": "x", "origin": [8, 8, 8]},
			"faces": {
				"north": {"uv": [0, 0, 1, 1], "rotation": 90, "texture": "#2"},
				"east": {"uv": [0, 0, 1, 1], "rotation": 270, "texture": "#2"},
				"south": {"uv": [0, 0, 1, 1], "rotation": 270, "texture": "#2"},
				"west": {"uv": [0, 0, 1, 1], "rotation": 270, "texture": "#2"},
				"up": {"uv": [0, 0, 1, 1], "rotation": 270, "texture": "#2"},
				"down": {"uv": [0, 0, 1, 1], "rotation": 270, "texture": "#2"}
			}
		},
		{
			"from": [7.5, 2, 11],
			"to": [8.5, 3, 12],
			"rotation": {"angle": 45, "axis": "x", "origin": [8, 8, 8]},
			"faces": {
				"north": {"uv": [0, 0, 1, 1], "rotation": 90, "texture": "#2"},
				"east": {"uv": [0, 0, 1, 1], "rotation": 270, "texture": "#2"},
				"south": {"uv": [0, 0, 1, 1], "rotation": 270, "texture": "#2"},
				"west": {"uv": [0, 0, 1, 1], "rotation": 270, "texture": "#2"},
				"up": {"uv": [0, 0, 1, 1], "rotation": 270, "texture": "#2"},
				"down": {"uv": [0, 0, 1, 1], "rotation": 270, "texture": "#2"}
			}
		},
		{
			"from": [7.5, 4, 11],
			"to": [8.5, 5, 12],
			"rotation": {"angle": 45, "axis": "x", "origin": [8, 8, 8]},
			"faces": {
				"north": {"uv": [0, 0, 1, 1], "rotation": 90, "texture": "#2"},
				"east": {"uv": [0, 0, 1, 1], "rotation": 270, "texture": "#2"},
				"south": {"uv": [0, 0, 1, 1], "rotation": 270, "texture": "#2"},
				"west": {"uv": [0, 0, 1, 1], "rotation": 270, "texture": "#2"},
				"up": {"uv": [0, 0, 1, 1], "rotation": 270, "texture": "#2"},
				"down": {"uv": [0, 0, 1, 1], "rotation": 270, "texture": "#2"}
			}
		},
		{
			"from": [7.5, 2, 13],
			"to": [8.5, 3, 14],
			"rotation": {"angle": 45, "axis": "x", "origin": [8, 8, 8]},
			"faces": {
				"north": {"uv": [0, 0, 1, 1], "rotation": 90, "texture": "#2"},
				"east": {"uv": [0, 0, 1, 1], "rotation": 270, "texture": "#2"},
				"south": {"uv": [0, 0, 1, 1], "rotation": 270, "texture": "#2"},
				"west": {"uv": [0, 0, 1, 1], "rotation": 270, "texture": "#2"},
				"up": {"uv": [0, 0, 1, 1], "rotation": 270, "texture": "#2"},
				"down": {"uv": [0, 0, 1, 1], "rotation": 270, "texture": "#2"}
			}
		},
		{
			"from": [7.5, 0, 15],
			"to": [8.5, 1, 16],
			"rotation": {"angle": 45, "axis": "x", "origin": [8, 8, 8]},
			"faces": {
				"north": {"uv": [0, 0, 1, 1], "rotation": 90, "texture": "#2"},
				"east": {"uv": [0, 0, 1, 1], "rotation": 270, "texture": "#2"},
				"south": {"uv": [0, 0, 1, 1], "rotation": 270, "texture": "#2"},
				"west": {"uv": [0, 0, 1, 1], "rotation": 270, "texture": "#2"},
				"up": {"uv": [0, 0, 1, 1], "rotation": 270, "texture": "#2"},
				"down": {"uv": [0, 0, 1, 1], "rotation": 270, "texture": "#2"}
			}
		},
		{
			"from": [7.5, 1, 14],
			"to": [8.5, 2, 15],
			"rotation": {"angle": 45, "axis": "x", "origin": [8, 8, 8]},
			"faces": {
				"north": {"uv": [0, 0, 1, 1], "rotation": 90, "texture": "#2"},
				"east": {"uv": [0, 0, 1, 1], "rotation": 270, "texture": "#2"},
				"south": {"uv": [0, 0, 1, 1], "rotation": 270, "texture": "#2"},
				"west": {"uv": [0, 0, 1, 1], "rotation": 270, "texture": "#2"},
				"up": {"uv": [0, 0, 1, 1], "rotation": 270, "texture": "#2"},
				"down": {"uv": [0, 0, 1, 1], "rotation": 270, "texture": "#2"}
			}
		},
		{
			"from": [7.5, 4, 9],
			"to": [8.5, 5, 10],
			"rotation": {"angle": 45, "axis": "x", "origin": [8, 8, 8]},
			"faces": {
				"north": {"uv": [0, 0, 1, 1], "rotation": 90, "texture": "#2"},
				"east": {"uv": [0, 0, 1, 1], "rotation": 270, "texture": "#2"},
				"south": {"uv": [0, 0, 1, 1], "rotation": 270, "texture": "#2"},
				"west": {"uv": [0, 0, 1, 1], "rotation": 270, "texture": "#2"},
				"up": {"uv": [0, 0, 1, 1], "rotation": 270, "texture": "#2"},
				"down": {"uv": [0, 0, 1, 1], "rotation": 270, "texture": "#2"}
			}
		},
		{
			"from": [7.5, 6, 9],
			"to": [8.5, 7, 10],
			"rotation": {"angle": 45, "axis": "x", "origin": [8, 8, 8]},
			"faces": {
				"north": {"uv": [0, 0, 1, 1], "rotation": 90, "texture": "#2"},
				"east": {"uv": [0, 0, 1, 1], "rotation": 270, "texture": "#2"},
				"south": {"uv": [0, 0, 1, 1], "rotation": 270, "texture": "#2"},
				"west": {"uv": [0, 0, 1, 1], "rotation": 270, "texture": "#2"},
				"up": {"uv": [0, 0, 1, 1], "rotation": 270, "texture": "#2"},
				"down": {"uv": [0, 0, 1, 1], "rotation": 270, "texture": "#2"}
			}
		},
		{
			"from": [7.5, 6, 7],
			"to": [8.5, 7, 8],
			"rotation": {"angle": 45, "axis": "x", "origin": [8, 8, 8]},
			"faces": {
				"north": {"uv": [0, 0, 1, 1], "rotation": 90, "texture": "#2"},
				"east": {"uv": [0, 0, 1, 1], "rotation": 270, "texture": "#2"},
				"south": {"uv": [0, 0, 1, 1], "rotation": 270, "texture": "#2"},
				"west": {"uv": [0, 0, 1, 1], "rotation": 270, "texture": "#2"},
				"up": {"uv": [0, 0, 1, 1], "rotation": 270, "texture": "#2"},
				"down": {"uv": [0, 0, 1, 1], "rotation": 270, "texture": "#2"}
			}
		},
		{
			"from": [7.5, 8, 7],
			"to": [8.5, 9, 8],
			"rotation": {"angle": 45, "axis": "x", "origin": [8, 8, 8]},
			"faces": {
				"north": {"uv": [0, 0, 1, 1], "rotation": 90, "texture": "#2"},
				"east": {"uv": [0, 0, 1, 1], "rotation": 270, "texture": "#2"},
				"south": {"uv": [0, 0, 1, 1], "rotation": 270, "texture": "#2"},
				"west": {"uv": [0, 0, 1, 1], "rotation": 270, "texture": "#2"},
				"up": {"uv": [0, 0, 1, 1], "rotation": 270, "texture": "#2"},
				"down": {"uv": [0, 0, 1, 1], "rotation": 270, "texture": "#2"}
			}
		},
		{
			"from": [7.5, 8, 5],
			"to": [8.5, 9, 6],
			"rotation": {"angle": 45, "axis": "x", "origin": [8, 8, 8]},
			"faces": {
				"north": {"uv": [0, 0, 1, 1], "rotation": 90, "texture": "#2"},
				"east": {"uv": [0, 0, 1, 1], "rotation": 270, "texture": "#2"},
				"south": {"uv": [0, 0, 1, 1], "rotation": 270, "texture": "#2"},
				"west": {"uv": [0, 0, 1, 1], "rotation": 270, "texture": "#2"},
				"up": {"uv": [0, 0, 1, 1], "rotation": 270, "texture": "#2"},
				"down": {"uv": [0, 0, 1, 1], "rotation": 270, "texture": "#2"}
			}
		},
		{
			"from": [7.5, 9, 6],
			"to": [8.5, 10, 7],
			"rotation": {"angle": 45, "axis": "x", "origin": [8, 8, 8]},
			"faces": {
				"north": {"uv": [0, 0, 1, 1], "rotation": 90, "texture": "#2"},
				"east": {"uv": [0, 0, 1, 1], "rotation": 270, "texture": "#2"},
				"south": {"uv": [0, 0, 1, 1], "rotation": 270, "texture": "#2"},
				"west": {"uv": [0, 0, 1, 1], "rotation": 270, "texture": "#2"},
				"up": {"uv": [0, 0, 1, 1], "rotation": 270, "texture": "#2"},
				"down": {"uv": [0, 0, 1, 1], "rotation": 270, "texture": "#2"}
			}
		},
		{
			"from": [7.5, 7, 6],
			"to": [8.5, 8, 7],
			"rotation": {"angle": 45, "axis": "x", "origin": [8, 8, 8]},
			"faces": {
				"north": {"uv": [0, 0, 1, 1], "rotation": 90, "texture": "#2"},
				"east": {"uv": [0, 0, 1, 1], "rotation": 270, "texture": "#2"},
				"south": {"uv": [0, 0, 1, 1], "rotation": 270, "texture": "#2"},
				"west": {"uv": [0, 0, 1, 1], "rotation": 270, "texture": "#2"},
				"up": {"uv": [0, 0, 1, 1], "rotation": 270, "texture": "#2"},
				"down": {"uv": [0, 0, 1, 1], "rotation": 270, "texture": "#2"}
			}
		},
		{
			"from": [7.5, 7, 8],
			"to": [8.5, 8, 9],
			"rotation": {"angle": 45, "axis": "x", "origin": [8, 8, 8]},
			"faces": {
				"north": {"uv": [0, 0, 1, 1], "rotation": 90, "texture": "#2"},
				"east": {"uv": [0, 0, 1, 1], "rotation": 270, "texture": "#2"},
				"south": {"uv": [0, 0, 1, 1], "rotation": 270, "texture": "#2"},
				"west": {"uv": [0, 0, 1, 1], "rotation": 270, "texture": "#2"},
				"up": {"uv": [0, 0, 1, 1], "rotation": 270, "texture": "#2"},
				"down": {"uv": [0, 0, 1, 1], "rotation": 270, "texture": "#2"}
			}
		},
		{
			"from": [7.5, 5, 8],
			"to": [8.5, 6, 9],
			"rotation": {"angle": 45, "axis": "x", "origin": [8, 8, 8]},
			"faces": {
				"north": {"uv": [0, 0, 1, 1], "rotation": 90, "texture": "#2"},
				"east": {"uv": [0, 0, 1, 1], "rotation": 270, "texture": "#2"},
				"south": {"uv": [0, 0, 1, 1], "rotation": 270, "texture": "#2"},
				"west": {"uv": [0, 0, 1, 1], "rotation": 270, "texture": "#2"},
				"up": {"uv": [0, 0, 1, 1], "rotation": 270, "texture": "#2"},
				"down": {"uv": [0, 0, 1, 1], "rotation": 270, "texture": "#2"}
			}
		},
		{
			"from": [7.5, 3, 12],
			"to": [8.5, 4, 13],
			"rotation": {"angle": 45, "axis": "x", "origin": [8, 8, 8]},
			"faces": {
				"north": {"uv": [0, 0, 1, 1], "rotation": 90, "texture": "#2"},
				"east": {"uv": [0, 0, 1, 1], "rotation": 270, "texture": "#2"},
				"south": {"uv": [0, 0, 1, 1], "rotation": 270, "texture": "#2"},
				"west": {"uv": [0, 0, 1, 1], "rotation": 270, "texture": "#2"},
				"up": {"uv": [0, 0, 1, 1], "rotation": 270, "texture": "#2"},
				"down": {"uv": [0, 0, 1, 1], "rotation": 270, "texture": "#2"}
			}
		},
		{
			"from": [7.5, 3, 10],
			"to": [8.5, 4, 11],
			"rotation": {"angle": 45, "axis": "x", "origin": [8, 8, 8]},
			"faces": {
				"north": {"uv": [0, 0, 1, 1], "rotation": 90, "texture": "#2"},
				"east": {"uv": [0, 0, 1, 1], "rotation": 270, "texture": "#2"},
				"south": {"uv": [0, 0, 1, 1], "rotation": 270, "texture": "#2"},
				"west": {"uv": [0, 0, 1, 1], "rotation": 270, "texture": "#2"},
				"up": {"uv": [0, 0, 1, 1], "rotation": 270, "texture": "#2"},
				"down": {"uv": [0, 0, 1, 1], "rotation": 270, "texture": "#2"}
			}
		},
		{
			"from": [7.5, 5, 10],
			"to": [8.5, 6, 11],
			"rotation": {"angle": 45, "axis": "x", "origin": [8, 8, 8]},
			"faces": {
				"north": {"uv": [0, 0, 1, 1], "rotation": 90, "texture": "#2"},
				"east": {"uv": [0, 0, 1, 1], "rotation": 270, "texture": "#2"},
				"south": {"uv": [0, 0, 1, 1], "rotation": 270, "texture": "#2"},
				"west": {"uv": [0, 0, 1, 1], "rotation": 270, "texture": "#2"},
				"up": {"uv": [0, 0, 1, 1], "rotation": 270, "texture": "#2"},
				"down": {"uv": [0, 0, 1, 1], "rotation": 270, "texture": "#2"}
			}
		},
		{
			"from": [7.5, -1, 15],
			"to": [8.5, 0, 16],
			"rotation": {"angle": 45, "axis": "x", "origin": [8, 8, 8]},
			"faces": {
				"north": {"uv": [0, 0, 1, 1], "rotation": 90, "texture": "#2"},
				"east": {"uv": [0, 0, 1, 1], "rotation": 270, "texture": "#2"},
				"south": {"uv": [0, 0, 1, 1], "rotation": 270, "texture": "#2"},
				"west": {"uv": [0, 0, 1, 1], "rotation": 270, "texture": "#2"},
				"up": {"uv": [0, 0, 1, 1], "rotation": 270, "texture": "#2"},
				"down": {"uv": [0, 0, 1, 1], "rotation": 270, "texture": "#2"}
			}
		},
		{
			"from": [7.5, 0, 14],
			"to": [8.5, 1, 15],
			"rotation": {"angle": 45, "axis": "x", "origin": [8, 8, 8]},
			"faces": {
				"north": {"uv": [0, 0, 1, 1], "rotation": 90, "texture": "#2"},
				"east": {"uv": [0, 0, 1, 1], "rotation": 270, "texture": "#2"},
				"south": {"uv": [0, 0, 1, 1], "rotation": 270, "texture": "#2"},
				"west": {"uv": [0, 0, 1, 1], "rotation": 270, "texture": "#2"},
				"up": {"uv": [0, 0, 1, 1], "rotation": 270, "texture": "#2"},
				"down": {"uv": [0, 0, 1, 1], "rotation": 270, "texture": "#2"}
			}
		},
		{
			"from": [7.5, 1, 13],
			"to": [8.5, 2, 14],
			"rotation": {"angle": 45, "axis": "x", "origin": [8, 8, 8]},
			"faces": {
				"north": {"uv": [0, 0, 1, 1], "rotation": 90, "texture": "#2"},
				"east": {"uv": [0, 0, 1, 1], "rotation": 270, "texture": "#2"},
				"south": {"uv": [0, 0, 1, 1], "rotation": 270, "texture": "#2"},
				"west": {"uv": [0, 0, 1, 1], "rotation": 270, "texture": "#2"},
				"up": {"uv": [0, 0, 1, 1], "rotation": 270, "texture": "#2"},
				"down": {"uv": [0, 0, 1, 1], "rotation": 270, "texture": "#2"}
			}
		},
		{
			"from": [7.5, 2, 12],
			"to": [8.5, 3, 13],
			"rotation": {"angle": 45, "axis": "x", "origin": [8, 8, 8]},
			"faces": {
				"north": {"uv": [0, 0, 1, 1], "rotation": 90, "texture": "#2"},
				"east": {"uv": [0, 0, 1, 1], "rotation": 270, "texture": "#2"},
				"south": {"uv": [0, 0, 1, 1], "rotation": 270, "texture": "#2"},
				"west": {"uv": [0, 0, 1, 1], "rotation": 270, "texture": "#2"},
				"up": {"uv": [0, 0, 1, 1], "rotation": 270, "texture": "#2"},
				"down": {"uv": [0, 0, 1, 1], "rotation": 270, "texture": "#2"}
			}
		},
		{
			"from": [7.5, 3, 11],
			"to": [8.5, 4, 12],
			"rotation": {"angle": 45, "axis": "x", "origin": [8, 8, 8]},
			"faces": {
				"north": {"uv": [0, 0, 1, 1], "rotation": 90, "texture": "#2"},
				"east": {"uv": [0, 0, 1, 1], "rotation": 270, "texture": "#2"},
				"south": {"uv": [0, 0, 1, 1], "rotation": 270, "texture": "#2"},
				"west": {"uv": [0, 0, 1, 1], "rotation": 270, "texture": "#2"},
				"up": {"uv": [0, 0, 1, 1], "rotation": 270, "texture": "#2"},
				"down": {"uv": [0, 0, 1, 1], "rotation": 270, "texture": "#2"}
			}
		},
		{
			"from": [7.5, 4, 10],
			"to": [8.5, 5, 11],
			"rotation": {"angle": 45, "axis": "x", "origin": [8, 8, 8]},
			"faces": {
				"north": {"uv": [0, 0, 1, 1], "rotation": 90, "texture": "#2"},
				"east": {"uv": [0, 0, 1, 1], "rotation": 270, "texture": "#2"},
				"south": {"uv": [0, 0, 1, 1], "rotation": 270, "texture": "#2"},
				"west": {"uv": [0, 0, 1, 1], "rotation": 270, "texture": "#2"},
				"up": {"uv": [0, 0, 1, 1], "rotation": 270, "texture": "#2"},
				"down": {"uv": [0, 0, 1, 1], "rotation": 270, "texture": "#2"}
			}
		},
		{
			"from": [7.5, 5, 9],
			"to": [8.5, 6, 10],
			"rotation": {"angle": 45, "axis": "x", "origin": [8, 8, 8]},
			"faces": {
				"north": {"uv": [0, 0, 1, 1], "rotation": 90, "texture": "#2"},
				"east": {"uv": [0, 0, 1, 1], "rotation": 270, "texture": "#2"},
				"south": {"uv": [0, 0, 1, 1], "rotation": 270, "texture": "#2"},
				"west": {"uv": [0, 0, 1, 1], "rotation": 270, "texture": "#2"},
				"up": {"uv": [0, 0, 1, 1], "rotation": 270, "texture": "#2"},
				"down": {"uv": [0, 0, 1, 1], "rotation": 270, "texture": "#2"}
			}
		},
		{
			"from": [7.5, 6, 8],
			"to": [8.5, 7, 9],
			"rotation": {"angle": 45, "axis": "x", "origin": [8, 8, 8]},
			"faces": {
				"north": {"uv": [0, 0, 1, 1], "rotation": 90, "texture": "#2"},
				"east": {"uv": [0, 0, 1, 1], "rotation": 270, "texture": "#2"},
				"south": {"uv": [0, 0, 1, 1], "rotation": 270, "texture": "#2"},
				"west": {"uv": [0, 0, 1, 1], "rotation": 270, "texture": "#2"},
				"up": {"uv": [0, 0, 1, 1], "rotation": 270, "texture": "#2"},
				"down": {"uv": [0, 0, 1, 1], "rotation": 270, "texture": "#2"}
			}
		},
		{
			"from": [7.5, 7, 7],
			"to": [8.5, 8, 8],
			"rotation": {"angle": 45, "axis": "x", "origin": [8, 8, 8]},
			"faces": {
				"north": {"uv": [0, 0, 1, 1], "rotation": 90, "texture": "#2"},
				"east": {"uv": [0, 0, 1, 1], "rotation": 270, "texture": "#2"},
				"south": {"uv": [0, 0, 1, 1], "rotation": 270, "texture": "#2"},
				"west": {"uv": [0, 0, 1, 1], "rotation": 270, "texture": "#2"},
				"up": {"uv": [0, 0, 1, 1], "rotation": 270, "texture": "#2"},
				"down": {"uv": [0, 0, 1, 1], "rotation": 270, "texture": "#2"}
			}
		},
		{
			"from": [7.5, 8, 6],
			"to": [8.5, 9, 7],
			"rotation": {"angle": 45, "axis": "x", "origin": [8, 8, 8]},
			"faces": {
				"north": {"uv": [0, 0, 1, 1], "rotation": 90, "texture": "#2"},
				"east": {"uv": [0, 0, 1, 1], "rotation": 270, "texture": "#2"},
				"south": {"uv": [0, 0, 1, 1], "rotation": 270, "texture": "#2"},
				"west": {"uv": [0, 0, 1, 1], "rotation": 270, "texture": "#2"},
				"up": {"uv": [0, 0, 1, 1], "rotation": 270, "texture": "#2"},
				"down": {"uv": [0, 0, 1, 1], "rotation": 270, "texture": "#2"}
			}
		},
		{
			"from": [7.5, 7, 5],
			"to": [8.5, 8, 6],
			"rotation": {"angle": 45, "axis": "x", "origin": [8, 8, 8]},
			"faces": {
				"north": {"uv": [0, 0, 1, 1], "rotation": 90, "texture": "#3"},
				"east": {"uv": [0, 0, 1, 1], "rotation": 270, "texture": "#3"},
				"south": {"uv": [0, 0, 1, 1], "rotation": 270, "texture": "#3"},
				"west": {"uv": [0, 0, 1, 1], "rotation": 270, "texture": "#3"},
				"up": {"uv": [0, 0, 1, 1], "rotation": 270, "texture": "#3"},
				"down": {"uv": [0, 0, 1, 1], "rotation": 270, "texture": "#3"}
			}
		},
		{
			"from": [7.5, 9, 4],
			"to": [8.5, 10, 5],
			"rotation": {"angle": 45, "axis": "x", "origin": [8, 8, 8]},
			"faces": {
				"north": {"uv": [0, 0, 1, 1], "rotation": 90, "texture": "#3"},
				"east": {"uv": [0, 0, 1, 1], "rotation": 270, "texture": "#3"},
				"south": {"uv": [0, 0, 1, 1], "rotation": 270, "texture": "#3"},
				"west": {"uv": [0, 0, 1, 1], "rotation": 270, "texture": "#3"},
				"up": {"uv": [0, 0, 1, 1], "rotation": 270, "texture": "#3"},
				"down": {"uv": [0, 0, 1, 1], "rotation": 270, "texture": "#3"}
			}
		},
		{
			"from": [7.5, 6, 6],
			"to": [8.5, 7, 7],
			"rotation": {"angle": 45, "axis": "x", "origin": [8, 8, 8]},
			"faces": {
				"north": {"uv": [0, 0, 1, 1], "rotation": 90, "texture": "#3"},
				"east": {"uv": [0, 0, 1, 1], "rotation": 270, "texture": "#3"},
				"south": {"uv": [0, 0, 1, 1], "rotation": 270, "texture": "#3"},
				"west": {"uv": [0, 0, 1, 1], "rotation": 270, "texture": "#3"},
				"up": {"uv": [0, 0, 1, 1], "rotation": 270, "texture": "#3"},
				"down": {"uv": [0, 0, 1, 1], "rotation": 270, "texture": "#3"}
			}
		},
		{
			"from": [7.5, 8, 4],
			"to": [8.5, 9, 5],
			"rotation": {"angle": 45, "axis": "x", "origin": [8, 8, 8]},
			"faces": {
				"north": {"uv": [0, 0, 1, 1], "rotation": 90, "texture": "#3"},
				"east": {"uv": [0, 0, 1, 1], "rotation": 270, "texture": "#3"},
				"south": {"uv": [0, 0, 1, 1], "rotation": 270, "texture": "#3"},
				"west": {"uv": [0, 0, 1, 1], "rotation": 270, "texture": "#3"},
				"up": {"uv": [0, 0, 1, 1], "rotation": 270, "texture": "#3"},
				"down": {"uv": [0, 0, 1, 1], "rotation": 270, "texture": "#3"}
			}
		},
		{
			"from": [7.5, 10, 6],
			"to": [8.5, 11, 7],
			"rotation": {"angle": 45, "axis": "x", "origin": [8, 8, 8]},
			"faces": {
				"north": {"uv": [0, 0, 1, 1], "rotation": 90, "texture": "#3"},
				"east": {"uv": [0, 0, 1, 1], "rotation": 270, "texture": "#3"},
				"south": {"uv": [0, 0, 1, 1], "rotation": 270, "texture": "#3"},
				"west": {"uv": [0, 0, 1, 1], "rotation": 270, "texture": "#3"},
				"up": {"uv": [0, 0, 1, 1], "rotation": 270, "texture": "#3"},
				"down": {"uv": [0, 0, 1, 1], "rotation": 270, "texture": "#3"}
			}
		},
		{
			"from": [7.5, 5, 7],
			"to": [8.5, 6, 8],
			"rotation": {"angle": 45, "axis": "x", "origin": [8, 8, 8]},
			"faces": {
				"north": {"uv": [0, 0, 1, 1], "rotation": 90, "texture": "#3"},
				"east": {"uv": [0, 0, 1, 1], "rotation": 270, "texture": "#3"},
				"south": {"uv": [0, 0, 1, 1], "rotation": 270, "texture": "#3"},
				"west": {"uv": [0, 0, 1, 1], "rotation": 270, "texture": "#3"},
				"up": {"uv": [0, 0, 1, 1], "rotation": 270, "texture": "#3"},
				"down": {"uv": [0, 0, 1, 1], "rotation": 270, "texture": "#3"}
			}
		},
		{
			"from": [7.5, 4, 8],
			"to": [8.5, 5, 9],
			"rotation": {"angle": 45, "axis": "x", "origin": [8, 8, 8]},
			"faces": {
				"north": {"uv": [0, 0, 1, 1], "rotation": 90, "texture": "#3"},
				"east": {"uv": [0, 0, 1, 1], "rotation": 270, "texture": "#3"},
				"south": {"uv": [0, 0, 1, 1], "rotation": 270, "texture": "#3"},
				"west": {"uv": [0, 0, 1, 1], "rotation": 270, "texture": "#3"},
				"up": {"uv": [0, 0, 1, 1], "rotation": 270, "texture": "#3"},
				"down": {"uv": [0, 0, 1, 1], "rotation": 270, "texture": "#3"}
			}
		},
		{
			"from": [7.5, 3, 9],
			"to": [8.5, 4, 10],
			"rotation": {"angle": 45, "axis": "x", "origin": [8, 8, 8]},
			"faces": {
				"north": {"uv": [0, 0, 1, 1], "rotation": 90, "texture": "#3"},
				"east": {"uv": [0, 0, 1, 1], "rotation": 270, "texture": "#3"},
				"south": {"uv": [0, 0, 1, 1], "rotation": 270, "texture": "#3"},
				"west": {"uv": [0, 0, 1, 1], "rotation": 270, "texture": "#3"},
				"up": {"uv": [0, 0, 1, 1], "rotation": 270, "texture": "#3"},
				"down": {"uv": [0, 0, 1, 1], "rotation": 270, "texture": "#3"}
			}
		},
		{
			"from": [7.5, 10, 5],
			"to": [8.5, 11, 6],
			"rotation": {"angle": 45, "axis": "x", "origin": [8, 8, 8]},
			"faces": {
				"north": {"uv": [0, 0, 1, 1], "rotation": 90, "texture": "#3"},
				"east": {"uv": [0, 0, 1, 1], "rotation": 270, "texture": "#3"},
				"south": {"uv": [0, 0, 1, 1], "rotation": 270, "texture": "#3"},
				"west": {"uv": [0, 0, 1, 1], "rotation": 270, "texture": "#3"},
				"up": {"uv": [0, 0, 1, 1], "rotation": 270, "texture": "#3"},
				"down": {"uv": [0, 0, 1, 1], "rotation": 270, "texture": "#3"}
			}
		},
		{
			"from": [7.5, 8, 8],
			"to": [8.5, 9, 9],
			"rotation": {"angle": 45, "axis": "x", "origin": [8, 8, 8]},
			"faces": {
				"north": {"uv": [0, 0, 1, 1], "rotation": 90, "texture": "#3"},
				"east": {"uv": [0, 0, 1, 1], "rotation": 270, "texture": "#3"},
				"south": {"uv": [0, 0, 1, 1], "rotation": 270, "texture": "#3"},
				"west": {"uv": [0, 0, 1, 1], "rotation": 270, "texture": "#3"},
				"up": {"uv": [0, 0, 1, 1], "rotation": 270, "texture": "#3"},
				"down": {"uv": [0, 0, 1, 1], "rotation": 270, "texture": "#3"}
			}
		},
		{
			"from": [7.5, 9, 7],
			"to": [8.5, 10, 8],
			"rotation": {"angle": 45, "axis": "x", "origin": [8, 8, 8]},
			"faces": {
				"north": {"uv": [0, 0, 1, 1], "rotation": 90, "texture": "#3"},
				"east": {"uv": [0, 0, 1, 1], "rotation": 270, "texture": "#3"},
				"south": {"uv": [0, 0, 1, 1], "rotation": 270, "texture": "#3"},
				"west": {"uv": [0, 0, 1, 1], "rotation": 270, "texture": "#3"},
				"up": {"uv": [0, 0, 1, 1], "rotation": 270, "texture": "#3"},
				"down": {"uv": [0, 0, 1, 1], "rotation": 270, "texture": "#3"}
			}
		},
		{
			"from": [7.5, 10, 4],
			"to": [8.5, 11, 5],
			"rotation": {"angle": 45, "axis": "x", "origin": [8, 8, 8]},
			"faces": {
				"north": {"uv": [0, 0, 1, 1], "rotation": 90, "texture": "#3"},
				"east": {"uv": [0, 0, 1, 1], "rotation": 270, "texture": "#3"},
				"south": {"uv": [0, 0, 1, 1], "rotation": 270, "texture": "#3"},
				"west": {"uv": [0, 0, 1, 1], "rotation": 270, "texture": "#3"},
				"up": {"uv": [0, 0, 1, 1], "rotation": 270, "texture": "#3"},
				"down": {"uv": [0, 0, 1, 1], "rotation": 270, "texture": "#3"}
			}
		},
		{
			"from": [7.5, 7, 9],
			"to": [8.5, 8, 10],
			"rotation": {"angle": 45, "axis": "x", "origin": [8, 8, 8]},
			"faces": {
				"north": {"uv": [0, 0, 1, 1], "rotation": 90, "texture": "#3"},
				"east": {"uv": [0, 0, 1, 1], "rotation": 270, "texture": "#3"},
				"south": {"uv": [0, 0, 1, 1], "rotation": 270, "texture": "#3"},
				"west": {"uv": [0, 0, 1, 1], "rotation": 270, "texture": "#3"},
				"up": {"uv": [0, 0, 1, 1], "rotation": 270, "texture": "#3"},
				"down": {"uv": [0, 0, 1, 1], "rotation": 270, "texture": "#3"}
			}
		},
		{
			"from": [7.5, 2, 10],
			"to": [8.5, 3, 11],
			"rotation": {"angle": 45, "axis": "x", "origin": [8, 8, 8]},
			"faces": {
				"north": {"uv": [0, 0, 1, 1], "rotation": 90, "texture": "#3"},
				"east": {"uv": [0, 0, 1, 1], "rotation": 270, "texture": "#3"},
				"south": {"uv": [0, 0, 1, 1], "rotation": 270, "texture": "#3"},
				"west": {"uv": [0, 0, 1, 1], "rotation": 270, "texture": "#3"},
				"up": {"uv": [0, 0, 1, 1], "rotation": 270, "texture": "#3"},
				"down": {"uv": [0, 0, 1, 1], "rotation": 270, "texture": "#3"}
			}
		},
		{
			"from": [7.5, -3, 15],
			"to": [8.5, -2, 16],
			"rotation": {"angle": 45, "axis": "x", "origin": [8, 8, 8]},
			"faces": {
				"north": {"uv": [0, 0, 1, 1], "rotation": 90, "texture": "#3"},
				"east": {"uv": [0, 0, 1, 1], "rotation": 270, "texture": "#3"},
				"south": {"uv": [0, 0, 1, 1], "rotation": 270, "texture": "#3"},
				"west": {"uv": [0, 0, 1, 1], "rotation": 270, "texture": "#3"},
				"up": {"uv": [0, 0, 1, 1], "rotation": 270, "texture": "#3"},
				"down": {"uv": [0, 0, 1, 1], "rotation": 270, "texture": "#3"}
			}
		},
		{
			"from": [7.5, 6, 10],
			"to": [8.5, 7, 11],
			"rotation": {"angle": 45, "axis": "x", "origin": [8, 8, 8]},
			"faces": {
				"north": {"uv": [0, 0, 1, 1], "rotation": 90, "texture": "#3"},
				"east": {"uv": [0, 0, 1, 1], "rotation": 270, "texture": "#3"},
				"south": {"uv": [0, 0, 1, 1], "rotation": 270, "texture": "#3"},
				"west": {"uv": [0, 0, 1, 1], "rotation": 270, "texture": "#3"},
				"up": {"uv": [0, 0, 1, 1], "rotation": 270, "texture": "#3"},
				"down": {"uv": [0, 0, 1, 1], "rotation": 270, "texture": "#3"}
			}
		},
		{
			"from": [7.5, 5, 11],
			"to": [8.5, 6, 12],
			"rotation": {"angle": 45, "axis": "x", "origin": [8, 8, 8]},
			"faces": {
				"north": {"uv": [0, 0, 1, 1], "rotation": 90, "texture": "#3"},
				"east": {"uv": [0, 0, 1, 1], "rotation": 270, "texture": "#3"},
				"south": {"uv": [0, 0, 1, 1], "rotation": 270, "texture": "#3"},
				"west": {"uv": [0, 0, 1, 1], "rotation": 270, "texture": "#3"},
				"up": {"uv": [0, 0, 1, 1], "rotation": 270, "texture": "#3"},
				"down": {"uv": [0, 0, 1, 1], "rotation": 270, "texture": "#3"}
			}
		},
		{
			"from": [7.5, 1, 11],
			"to": [8.5, 2, 12],
			"rotation": {"angle": 45, "axis": "x", "origin": [8, 8, 8]},
			"faces": {
				"north": {"uv": [0, 0, 1, 1], "rotation": 90, "texture": "#3"},
				"east": {"uv": [0, 0, 1, 1], "rotation": 270, "texture": "#3"},
				"south": {"uv": [0, 0, 1, 1], "rotation": 270, "texture": "#3"},
				"west": {"uv": [0, 0, 1, 1], "rotation": 270, "texture": "#3"},
				"up": {"uv": [0, 0, 1, 1], "rotation": 270, "texture": "#3"},
				"down": {"uv": [0, 0, 1, 1], "rotation": 270, "texture": "#3"}
			}
		},
		{
			"from": [7.5, 3, 13],
			"to": [8.5, 4, 14],
			"rotation": {"angle": 45, "axis": "x", "origin": [8, 8, 8]},
			"faces": {
				"north": {"uv": [0, 0, 1, 1], "rotation": 90, "texture": "#3"},
				"east": {"uv": [0, 0, 1, 1], "rotation": 270, "texture": "#3"},
				"south": {"uv": [0, 0, 1, 1], "rotation": 270, "texture": "#3"},
				"west": {"uv": [0, 0, 1, 1], "rotation": 270, "texture": "#3"},
				"up": {"uv": [0, 0, 1, 1], "rotation": 270, "texture": "#3"},
				"down": {"uv": [0, 0, 1, 1], "rotation": 270, "texture": "#3"}
			}
		},
		{
			"from": [7.5, 4, 12],
			"to": [8.5, 5, 13],
			"rotation": {"angle": 45, "axis": "x", "origin": [8, 8, 8]},
			"faces": {
				"north": {"uv": [0, 0, 1, 1], "rotation": 90, "texture": "#3"},
				"east": {"uv": [0, 0, 1, 1], "rotation": 270, "texture": "#3"},
				"south": {"uv": [0, 0, 1, 1], "rotation": 270, "texture": "#3"},
				"west": {"uv": [0, 0, 1, 1], "rotation": 270, "texture": "#3"},
				"up": {"uv": [0, 0, 1, 1], "rotation": 270, "texture": "#3"},
				"down": {"uv": [0, 0, 1, 1], "rotation": 270, "texture": "#3"}
			}
		},
		{
			"from": [7.5, -1, 17],
			"to": [8.5, 0, 18],
			"rotation": {"angle": 45, "axis": "x", "origin": [8, 8, 8]},
			"faces": {
				"north": {"uv": [0, 0, 1, 1], "rotation": 90, "texture": "#3"},
				"east": {"uv": [0, 0, 1, 1], "rotation": 270, "texture": "#3"},
				"south": {"uv": [0, 0, 1, 1], "rotation": 270, "texture": "#3"},
				"west": {"uv": [0, 0, 1, 1], "rotation": 270, "texture": "#3"},
				"up": {"uv": [0, 0, 1, 1], "rotation": 270, "texture": "#3"},
				"down": {"uv": [0, 0, 1, 1], "rotation": 270, "texture": "#3"}
			}
		},
		{
			"from": [7.5, 0, 12],
			"to": [8.5, 1, 13],
			"rotation": {"angle": 45, "axis": "x", "origin": [8, 8, 8]},
			"faces": {
				"north": {"uv": [0, 0, 1, 1], "rotation": 90, "texture": "#3"},
				"east": {"uv": [0, 0, 1, 1], "rotation": 270, "texture": "#3"},
				"south": {"uv": [0, 0, 1, 1], "rotation": 270, "texture": "#3"},
				"west": {"uv": [0, 0, 1, 1], "rotation": 270, "texture": "#3"},
				"up": {"uv": [0, 0, 1, 1], "rotation": 270, "texture": "#3"},
				"down": {"uv": [0, 0, 1, 1], "rotation": 270, "texture": "#3"}
			}
		},
		{
			"from": [7.5, -1, 13],
			"to": [8.5, 0, 14],
			"rotation": {"angle": 45, "axis": "x", "origin": [8, 8, 8]},
			"faces": {
				"north": {"uv": [0, 0, 1, 1], "rotation": 90, "texture": "#3"},
				"east": {"uv": [0, 0, 1, 1], "rotation": 270, "texture": "#3"},
				"south": {"uv": [0, 0, 1, 1], "rotation": 270, "texture": "#3"},
				"west": {"uv": [0, 0, 1, 1], "rotation": 270, "texture": "#3"},
				"up": {"uv": [0, 0, 1, 1], "rotation": 270, "texture": "#3"},
				"down": {"uv": [0, 0, 1, 1], "rotation": 270, "texture": "#3"}
			}
		},
		{
			"from": [7.5, -3, 16],
			"to": [8.5, -2, 17],
			"rotation": {"angle": 45, "axis": "x", "origin": [8, 8, 8]},
			"faces": {
				"north": {"uv": [0, 0, 1, 1], "rotation": 90, "texture": "#3"},
				"east": {"uv": [0, 0, 1, 1], "rotation": 270, "texture": "#3"},
				"south": {"uv": [0, 0, 1, 1], "rotation": 270, "texture": "#3"},
				"west": {"uv": [0, 0, 1, 1], "rotation": 270, "texture": "#3"},
				"up": {"uv": [0, 0, 1, 1], "rotation": 270, "texture": "#3"},
				"down": {"uv": [0, 0, 1, 1], "rotation": 270, "texture": "#3"}
			}
		},
		{
			"from": [7.5, -2, 14],
			"to": [8.5, -1, 15],
			"rotation": {"angle": 45, "axis": "x", "origin": [8, 8, 8]},
			"faces": {
				"north": {"uv": [0, 0, 1, 1], "rotation": 90, "texture": "#3"},
				"east": {"uv": [0, 0, 1, 1], "rotation": 270, "texture": "#3"},
				"south": {"uv": [0, 0, 1, 1], "rotation": 270, "texture": "#3"},
				"west": {"uv": [0, 0, 1, 1], "rotation": 270, "texture": "#3"},
				"up": {"uv": [0, 0, 1, 1], "rotation": 270, "texture": "#3"},
				"down": {"uv": [0, 0, 1, 1], "rotation": 270, "texture": "#3"}
			}
		},
		{
			"from": [7.5, 2, 14],
			"to": [8.5, 3, 15],
			"rotation": {"angle": 45, "axis": "x", "origin": [8, 8, 8]},
			"faces": {
				"north": {"uv": [0, 0, 1, 1], "rotation": 90, "texture": "#3"},
				"east": {"uv": [0, 0, 1, 1], "rotation": 270, "texture": "#3"},
				"south": {"uv": [0, 0, 1, 1], "rotation": 270, "texture": "#3"},
				"west": {"uv": [0, 0, 1, 1], "rotation": 270, "texture": "#3"},
				"up": {"uv": [0, 0, 1, 1], "rotation": 270, "texture": "#3"},
				"down": {"uv": [0, 0, 1, 1], "rotation": 270, "texture": "#3"}
			}
		},
		{
			"from": [7.5, -2, 17],
			"to": [8.5, -1, 18],
			"rotation": {"angle": 45, "axis": "x", "origin": [8, 8, 8]},
			"faces": {
				"north": {"uv": [0, 0, 1, 1], "rotation": 90, "texture": "#3"},
				"east": {"uv": [0, 0, 1, 1], "rotation": 270, "texture": "#3"},
				"south": {"uv": [0, 0, 1, 1], "rotation": 270, "texture": "#3"},
				"west": {"uv": [0, 0, 1, 1], "rotation": 270, "texture": "#3"},
				"up": {"uv": [0, 0, 1, 1], "rotation": 270, "texture": "#3"},
				"down": {"uv": [0, 0, 1, 1], "rotation": 270, "texture": "#3"}
			}
		},
		{
			"from": [7.5, -3, 17],
			"to": [8.5, -2, 18],
			"rotation": {"angle": 45, "axis": "x", "origin": [8, 8, 8]},
			"faces": {
				"north": {"uv": [0, 0, 1, 1], "rotation": 90, "texture": "#3"},
				"east": {"uv": [0, 0, 1, 1], "rotation": 270, "texture": "#3"},
				"south": {"uv": [0, 0, 1, 1], "rotation": 270, "texture": "#3"},
				"west": {"uv": [0, 0, 1, 1], "rotation": 270, "texture": "#3"},
				"up": {"uv": [0, 0, 1, 1], "rotation": 270, "texture": "#3"},
				"down": {"uv": [0, 0, 1, 1], "rotation": 270, "texture": "#3"}
			}
		},
		{
			"from": [7.5, 1, 15],
			"to": [8.5, 2, 16],
			"rotation": {"angle": 45, "axis": "x", "origin": [8, 8, 8]},
			"faces": {
				"north": {"uv": [0, 0, 1, 1], "rotation": 90, "texture": "#3"},
				"east": {"uv": [0, 0, 1, 1], "rotation": 270, "texture": "#3"},
				"south": {"uv": [0, 0, 1, 1], "rotation": 270, "texture": "#3"},
				"west": {"uv": [0, 0, 1, 1], "rotation": 270, "texture": "#3"},
				"up": {"uv": [0, 0, 1, 1], "rotation": 270, "texture": "#3"},
				"down": {"uv": [0, 0, 1, 1], "rotation": 270, "texture": "#3"}
			}
		},
		{
			"from": [7.5, 0, 16],
			"to": [8.5, 1, 17],
			"rotation": {"angle": 45, "axis": "x", "origin": [8, 8, 8]},
			"faces": {
				"north": {"uv": [0, 0, 1, 1], "rotation": 90, "texture": "#3"},
				"east": {"uv": [0, 0, 1, 1], "rotation": 270, "texture": "#3"},
				"south": {"uv": [0, 0, 1, 1], "rotation": 270, "texture": "#3"},
				"west": {"uv": [0, 0, 1, 1], "rotation": 270, "texture": "#3"},
				"up": {"uv": [0, 0, 1, 1], "rotation": 270, "texture": "#3"},
				"down": {"uv": [0, 0, 1, 1], "rotation": 270, "texture": "#3"}
			}
		},
		{
			"from": [7.5, 4.95946, 11.95946],
			"to": [8.5, 5.95946, 12.95946],
			"rotation": {"angle": 45, "axis": "x", "origin": [8, 8, 8]},
			"faces": {
				"north": {"uv": [0, 0, 1, 1], "rotation": 90, "texture": "#0"},
				"east": {"uv": [0, 0, 1, 1], "rotation": 270, "texture": "#0"},
				"south": {"uv": [0, 0, 1, 1], "rotation": 270, "texture": "#0"},
				"west": {"uv": [0, 0, 1, 1], "rotation": 270, "texture": "#0"},
				"up": {"uv": [0, 0, 1, 1], "rotation": 270, "texture": "#0"},
				"down": {"uv": [0, 0, 1, 1], "rotation": 270, "texture": "#0"}
			}
		},
		{
			"from": [7.5, 4.95946, 11.95946],
			"to": [8.5, 5.95946, 12.95946],
			"rotation": {"angle": 45, "axis": "x", "origin": [8, 8, 8]},
			"faces": {
				"north": {"uv": [0, 0, 1, 1], "rotation": 90, "texture": "#0"},
				"east": {"uv": [0, 0, 1, 1], "rotation": 270, "texture": "#0"},
				"south": {"uv": [0, 0, 1, 1], "rotation": 270, "texture": "#0"},
				"west": {"uv": [0, 0, 1, 1], "rotation": 270, "texture": "#0"},
				"up": {"uv": [0, 0, 1, 1], "rotation": 270, "texture": "#0"},
				"down": {"uv": [0, 0, 1, 1], "rotation": 270, "texture": "#0"}
			}
		},
		{
			"from": [7.5, 3.95946, 12.95946],
			"to": [8.5, 4.95946, 13.95946],
			"rotation": {"angle": 45, "axis": "x", "origin": [8, 8, 8]},
			"faces": {
				"north": {"uv": [0, 0, 1, 1], "rotation": 90, "texture": "#0"},
				"east": {"uv": [0, 0, 1, 1], "rotation": 270, "texture": "#0"},
				"south": {"uv": [0, 0, 1, 1], "rotation": 270, "texture": "#0"},
				"west": {"uv": [0, 0, 1, 1], "rotation": 270, "texture": "#0"},
				"up": {"uv": [0, 0, 1, 1], "rotation": 270, "texture": "#0"},
				"down": {"uv": [0, 0, 1, 1], "rotation": 270, "texture": "#0"}
			}
		},
		{
			"from": [7.5, 2.95946, 13.95946],
			"to": [8.5, 3.95946, 14.95946],
			"rotation": {"angle": 45, "axis": "x", "origin": [8, 8, 8]},
			"faces": {
				"north": {"uv": [0, 0, 1, 1], "rotation": 90, "texture": "#0"},
				"east": {"uv": [0, 0, 1, 1], "rotation": 270, "texture": "#0"},
				"south": {"uv": [0, 0, 1, 1], "rotation": 270, "texture": "#0"},
				"west": {"uv": [0, 0, 1, 1], "rotation": 270, "texture": "#0"},
				"up": {"uv": [0, 0, 1, 1], "rotation": 270, "texture": "#0"},
				"down": {"uv": [0, 0, 1, 1], "rotation": 270, "texture": "#0"}
			}
		},
		{
			"from": [7.5, 1.95946, 14.95946],
			"to": [8.5, 2.95946, 15.95946],
			"rotation": {"angle": 45, "axis": "x", "origin": [8, 8, 8]},
			"faces": {
				"north": {"uv": [0, 0, 1, 1], "rotation": 90, "texture": "#0"},
				"east": {"uv": [0, 0, 1, 1], "rotation": 270, "texture": "#0"},
				"south": {"uv": [0, 0, 1, 1], "rotation": 270, "texture": "#0"},
				"west": {"uv": [0, 0, 1, 1], "rotation": 270, "texture": "#0"},
				"up": {"uv": [0, 0, 1, 1], "rotation": 270, "texture": "#0"},
				"down": {"uv": [0, 0, 1, 1], "rotation": 270, "texture": "#0"}
			}
		},
		{
			"from": [7.5, 0.95946, 15.95946],
			"to": [8.5, 1.95946, 16.95946],
			"rotation": {"angle": 45, "axis": "x", "origin": [8, 8, 8]},
			"faces": {
				"north": {"uv": [0, 0, 1, 1], "rotation": 90, "texture": "#0"},
				"east": {"uv": [0, 0, 1, 1], "rotation": 270, "texture": "#0"},
				"south": {"uv": [0, 0, 1, 1], "rotation": 270, "texture": "#0"},
				"west": {"uv": [0, 0, 1, 1], "rotation": 270, "texture": "#0"},
				"up": {"uv": [0, 0, 1, 1], "rotation": 270, "texture": "#0"},
				"down": {"uv": [0, 0, 1, 1], "rotation": 270, "texture": "#0"}
			}
		},
		{
			"from": [7.5, -0.04054, 16.95946],
			"to": [8.5, 0.95946, 17.95946],
			"rotation": {"angle": 45, "axis": "x", "origin": [8, 8, 8]},
			"faces": {
				"north": {"uv": [0, 0, 1, 1], "rotation": 90, "texture": "#0"},
				"east": {"uv": [0, 0, 1, 1], "rotation": 270, "texture": "#0"},
				"south": {"uv": [0, 0, 1, 1], "rotation": 270, "texture": "#0"},
				"west": {"uv": [0, 0, 1, 1], "rotation": 270, "texture": "#0"},
				"up": {"uv": [0, 0, 1, 1], "rotation": 270, "texture": "#0"},
				"down": {"uv": [0, 0, 1, 1], "rotation": 270, "texture": "#0"}
			}
		},
		{
			"from": [7.5, -1.04054, 17.95946],
			"to": [8.5, -0.04054, 18.95946],
			"rotation": {"angle": 45, "axis": "x", "origin": [8, 8, 8]},
			"faces": {
				"north": {"uv": [0, 0, 1, 1], "rotation": 90, "texture": "#0"},
				"east": {"uv": [0, 0, 1, 1], "rotation": 270, "texture": "#0"},
				"south": {"uv": [0, 0, 1, 1], "rotation": 270, "texture": "#0"},
				"west": {"uv": [0, 0, 1, 1], "rotation": 270, "texture": "#0"},
				"up": {"uv": [0, 0, 1, 1], "rotation": 270, "texture": "#0"},
				"down": {"uv": [0, 0, 1, 1], "rotation": 270, "texture": "#0"}
			}
		},
		{
			"from": [7.5, -3.04054, 17.95946],
			"to": [8.5, -2.04054, 18.95946],
			"rotation": {"angle": 45, "axis": "x", "origin": [8, 8, 8]},
			"faces": {
				"north": {"uv": [0, 0, 1, 1], "rotation": 90, "texture": "#0"},
				"east": {"uv": [0, 0, 1, 1], "rotation": 270, "texture": "#0"},
				"south": {"uv": [0, 0, 1, 1], "rotation": 270, "texture": "#0"},
				"west": {"uv": [0, 0, 1, 1], "rotation": 270, "texture": "#0"},
				"up": {"uv": [0, 0, 1, 1], "rotation": 270, "texture": "#0"},
				"down": {"uv": [0, 0, 1, 1], "rotation": 270, "texture": "#0"}
			}
		},
		{
			"from": [7.5, -3.04054, 13.95946],
			"to": [8.5, -2.04054, 14.95946],
			"rotation": {"angle": 45, "axis": "x", "origin": [8, 8, 8]},
			"faces": {
				"north": {"uv": [0, 0, 1, 1], "rotation": 90, "texture": "#0"},
				"east": {"uv": [0, 0, 1, 1], "rotation": 270, "texture": "#0"},
				"south": {"uv": [0, 0, 1, 1], "rotation": 270, "texture": "#0"},
				"west": {"uv": [0, 0, 1, 1], "rotation": 270, "texture": "#0"},
				"up": {"uv": [0, 0, 1, 1], "rotation": 270, "texture": "#0"},
				"down": {"uv": [0, 0, 1, 1], "rotation": 270, "texture": "#0"}
			}
		},
		{
			"from": [7.5, -2.04054, 12.95946],
			"to": [8.5, -1.04054, 13.95946],
			"rotation": {"angle": 45, "axis": "x", "origin": [8, 8, 8]},
			"faces": {
				"north": {"uv": [0, 0, 1, 1], "rotation": 90, "texture": "#0"},
				"east": {"uv": [0, 0, 1, 1], "rotation": 270, "texture": "#0"},
				"south": {"uv": [0, 0, 1, 1], "rotation": 270, "texture": "#0"},
				"west": {"uv": [0, 0, 1, 1], "rotation": 270, "texture": "#0"},
				"up": {"uv": [0, 0, 1, 1], "rotation": 270, "texture": "#0"},
				"down": {"uv": [0, 0, 1, 1], "rotation": 270, "texture": "#0"}
			}
		},
		{
			"from": [7.5, -1.04054, 11.95946],
			"to": [8.5, -0.04054, 12.95946],
			"rotation": {"angle": 45, "axis": "x", "origin": [8, 8, 8]},
			"faces": {
				"north": {"uv": [0, 0, 1, 1], "rotation": 90, "texture": "#0"},
				"east": {"uv": [0, 0, 1, 1], "rotation": 270, "texture": "#0"},
				"south": {"uv": [0, 0, 1, 1], "rotation": 270, "texture": "#0"},
				"west": {"uv": [0, 0, 1, 1], "rotation": 270, "texture": "#0"},
				"up": {"uv": [0, 0, 1, 1], "rotation": 270, "texture": "#0"},
				"down": {"uv": [0, 0, 1, 1], "rotation": 270, "texture": "#0"}
			}
		},
		{
			"from": [7.5, -0.04054, 10.95946],
			"to": [8.5, 0.95946, 11.95946],
			"rotation": {"angle": 45, "axis": "x", "origin": [8, 8, 8]},
			"faces": {
				"north": {"uv": [0, 0, 1, 1], "rotation": 90, "texture": "#0"},
				"east": {"uv": [0, 0, 1, 1], "rotation": 270, "texture": "#0"},
				"south": {"uv": [0, 0, 1, 1], "rotation": 270, "texture": "#0"},
				"west": {"uv": [0, 0, 1, 1], "rotation": 270, "texture": "#0"},
				"up": {"uv": [0, 0, 1, 1], "rotation": 270, "texture": "#0"},
				"down": {"uv": [0, 0, 1, 1], "rotation": 270, "texture": "#0"}
			}
		},
		{
			"from": [7.5, 0.95946, 9.95946],
			"to": [8.5, 1.95946, 10.95946],
			"rotation": {"angle": 45, "axis": "x", "origin": [8, 8, 8]},
			"faces": {
				"north": {"uv": [0, 0, 1, 1], "rotation": 90, "texture": "#0"},
				"east": {"uv": [0, 0, 1, 1], "rotation": 270, "texture": "#0"},
				"south": {"uv": [0, 0, 1, 1], "rotation": 270, "texture": "#0"},
				"west": {"uv": [0, 0, 1, 1], "rotation": 270, "texture": "#0"},
				"up": {"uv": [0, 0, 1, 1], "rotation": 270, "texture": "#0"},
				"down": {"uv": [0, 0, 1, 1], "rotation": 270, "texture": "#0"}
			}
		},
		{
			"from": [7.5, 1.95946, 8.95946],
			"to": [8.5, 2.95946, 9.95946],
			"rotation": {"angle": 45, "axis": "x", "origin": [8, 8, 8]},
			"faces": {
				"north": {"uv": [0, 0, 1, 1], "rotation": 90, "texture": "#0"},
				"east": {"uv": [0, 0, 1, 1], "rotation": 270, "texture": "#0"},
				"south": {"uv": [0, 0, 1, 1], "rotation": 270, "texture": "#0"},
				"west": {"uv": [0, 0, 1, 1], "rotation": 270, "texture": "#0"},
				"up": {"uv": [0, 0, 1, 1], "rotation": 270, "texture": "#0"},
				"down": {"uv": [0, 0, 1, 1], "rotation": 270, "texture": "#0"}
			}
		},
		{
			"from": [7.5, 2.95946, 7.95946],
			"to": [8.5, 3.95946, 8.95946],
			"rotation": {"angle": 45, "axis": "x", "origin": [8, 8, 8]},
			"faces": {
				"north": {"uv": [0, 0, 1, 1], "rotation": 90, "texture": "#0"},
				"east": {"uv": [0, 0, 1, 1], "rotation": 270, "texture": "#0"},
				"south": {"uv": [0, 0, 1, 1], "rotation": 270, "texture": "#0"},
				"west": {"uv": [0, 0, 1, 1], "rotation": 270, "texture": "#0"},
				"up": {"uv": [0, 0, 1, 1], "rotation": 270, "texture": "#0"},
				"down": {"uv": [0, 0, 1, 1], "rotation": 270, "texture": "#0"}
			}
		},
		{
			"from": [7.5, 3.95946, 6.95946],
			"to": [8.5, 4.95946, 7.95946],
			"rotation": {"angle": 45, "axis": "x", "origin": [8, 8, 8]},
			"faces": {
				"north": {"uv": [0, 0, 1, 1], "rotation": 90, "texture": "#0"},
				"east": {"uv": [0, 0, 1, 1], "rotation": 270, "texture": "#0"},
				"south": {"uv": [0, 0, 1, 1], "rotation": 270, "texture": "#0"},
				"west": {"uv": [0, 0, 1, 1], "rotation": 270, "texture": "#0"},
				"up": {"uv": [0, 0, 1, 1], "rotation": 270, "texture": "#0"},
				"down": {"uv": [0, 0, 1, 1], "rotation": 270, "texture": "#0"}
			}
		},
		{
			"from": [7.5, 4.95946, 5.95946],
			"to": [8.5, 5.95946, 6.95946],
			"rotation": {"angle": 45, "axis": "x", "origin": [8, 8, 8]},
			"faces": {
				"north": {"uv": [0, 0, 1, 1], "rotation": 90, "texture": "#0"},
				"east": {"uv": [0, 0, 1, 1], "rotation": 270, "texture": "#0"},
				"south": {"uv": [0, 0, 1, 1], "rotation": 270, "texture": "#0"},
				"west": {"uv": [0, 0, 1, 1], "rotation": 270, "texture": "#0"},
				"up": {"uv": [0, 0, 1, 1], "rotation": 270, "texture": "#0"},
				"down": {"uv": [0, 0, 1, 1], "rotation": 270, "texture": "#0"}
			}
		},
		{
			"from": [7.5, 5.95946, 4.95946],
			"to": [8.5, 6.95946, 5.95946],
			"rotation": {"angle": 45, "axis": "x", "origin": [8, 8, 8]},
			"faces": {
				"north": {"uv": [0, 0, 1, 1], "rotation": 90, "texture": "#0"},
				"east": {"uv": [0, 0, 1, 1], "rotation": 270, "texture": "#0"},
				"south": {"uv": [0, 0, 1, 1], "rotation": 270, "texture": "#0"},
				"west": {"uv": [0, 0, 1, 1], "rotation": 270, "texture": "#0"},
				"up": {"uv": [0, 0, 1, 1], "rotation": 270, "texture": "#0"},
				"down": {"uv": [0, 0, 1, 1], "rotation": 270, "texture": "#0"}
			}
		},
		{
			"from": [7.5, 6.95946, 3.95946],
			"to": [8.5, 7.95946, 4.95946],
			"rotation": {"angle": 45, "axis": "x", "origin": [8, 8, 8]},
			"faces": {
				"north": {"uv": [0, 0, 1, 1], "rotation": 90, "texture": "#0"},
				"east": {"uv": [0, 0, 1, 1], "rotation": 270, "texture": "#0"},
				"south": {"uv": [0, 0, 1, 1], "rotation": 270, "texture": "#0"},
				"west": {"uv": [0, 0, 1, 1], "rotation": 270, "texture": "#0"},
				"up": {"uv": [0, 0, 1, 1], "rotation": 270, "texture": "#0"},
				"down": {"uv": [0, 0, 1, 1], "rotation": 270, "texture": "#0"}
			}
		},
		{
			"from": [7.5, 7.95946, 2.95946],
			"to": [8.5, 8.95946, 3.95946],
			"rotation": {"angle": 45, "axis": "x", "origin": [8, 8, 8]},
			"faces": {
				"north": {"uv": [0, 0, 1, 1], "rotation": 90, "texture": "#0"},
				"east": {"uv": [0, 0, 1, 1], "rotation": 270, "texture": "#0"},
				"south": {"uv": [0, 0, 1, 1], "rotation": 270, "texture": "#0"},
				"west": {"uv": [0, 0, 1, 1], "rotation": 270, "texture": "#0"},
				"up": {"uv": [0, 0, 1, 1], "rotation": 270, "texture": "#0"},
				"down": {"uv": [0, 0, 1, 1], "rotation": 270, "texture": "#0"}
			}
		},
		{
			"from": [7.5, 8.95946, 2.95946],
			"to": [8.5, 9.95946, 3.95946],
			"rotation": {"angle": 45, "axis": "x", "origin": [8, 8, 8]},
			"faces": {
				"north": {"uv": [0, 0, 1, 1], "rotation": 90, "texture": "#0"},
				"east": {"uv": [0, 0, 1, 1], "rotation": 270, "texture": "#0"},
				"south": {"uv": [0, 0, 1, 1], "rotation": 270, "texture": "#0"},
				"west": {"uv": [0, 0, 1, 1], "rotation": 270, "texture": "#0"},
				"up": {"uv": [0, 0, 1, 1], "rotation": 270, "texture": "#0"},
				"down": {"uv": [0, 0, 1, 1], "rotation": 270, "texture": "#0"}
			}
		},
		{
			"from": [7.5, 9.95946, 2.95946],
			"to": [8.5, 10.95946, 3.95946],
			"rotation": {"angle": 45, "axis": "x", "origin": [8, 8, 8]},
			"faces": {
				"north": {"uv": [0, 0, 1, 1], "rotation": 90, "texture": "#0"},
				"east": {"uv": [0, 0, 1, 1], "rotation": 270, "texture": "#0"},
				"south": {"uv": [0, 0, 1, 1], "rotation": 270, "texture": "#0"},
				"west": {"uv": [0, 0, 1, 1], "rotation": 270, "texture": "#0"},
				"up": {"uv": [0, 0, 1, 1], "rotation": 270, "texture": "#0"},
				"down": {"uv": [0, 0, 1, 1], "rotation": 270, "texture": "#0"}
			}
		},
		{
			"from": [7.5, 10.95946, 5.95946],
			"to": [8.5, 11.95946, 6.95946],
			"rotation": {"angle": 45, "axis": "x", "origin": [8, 8, 8]},
			"faces": {
				"north": {"uv": [0, 0, 1, 1], "rotation": 90, "texture": "#0"},
				"east": {"uv": [0, 0, 1, 1], "rotation": 270, "texture": "#0"},
				"south": {"uv": [0, 0, 1, 1], "rotation": 270, "texture": "#0"},
				"west": {"uv": [0, 0, 1, 1], "rotation": 270, "texture": "#0"},
				"up": {"uv": [0, 0, 1, 1], "rotation": 270, "texture": "#0"},
				"down": {"uv": [0, 0, 1, 1], "rotation": 270, "texture": "#0"}
			}
		},
		{
			"from": [7.5, 9.95946, 6.95946],
			"to": [8.5, 10.95946, 7.95946],
			"rotation": {"angle": 45, "axis": "x", "origin": [8, 8, 8]},
			"faces": {
				"north": {"uv": [0, 0, 1, 1], "rotation": 90, "texture": "#0"},
				"east": {"uv": [0, 0, 1, 1], "rotation": 270, "texture": "#0"},
				"south": {"uv": [0, 0, 1, 1], "rotation": 270, "texture": "#0"},
				"west": {"uv": [0, 0, 1, 1], "rotation": 270, "texture": "#0"},
				"up": {"uv": [0, 0, 1, 1], "rotation": 270, "texture": "#0"},
				"down": {"uv": [0, 0, 1, 1], "rotation": 270, "texture": "#0"}
			}
		},
		{
			"from": [7.5, 8.95946, 7.95946],
			"to": [8.5, 9.95946, 8.95946],
			"rotation": {"angle": 45, "axis": "x", "origin": [8, 8, 8]},
			"faces": {
				"north": {"uv": [0, 0, 1, 1], "rotation": 90, "texture": "#0"},
				"east": {"uv": [0, 0, 1, 1], "rotation": 270, "texture": "#0"},
				"south": {"uv": [0, 0, 1, 1], "rotation": 270, "texture": "#0"},
				"west": {"uv": [0, 0, 1, 1], "rotation": 270, "texture": "#0"},
				"up": {"uv": [0, 0, 1, 1], "rotation": 270, "texture": "#0"},
				"down": {"uv": [0, 0, 1, 1], "rotation": 270, "texture": "#0"}
			}
		},
		{
			"from": [7.5, 7.95946, 8.95946],
			"to": [8.5, 8.95946, 9.95946],
			"rotation": {"angle": 45, "axis": "x", "origin": [8, 8, 8]},
			"faces": {
				"north": {"uv": [0, 0, 1, 1], "rotation": 90, "texture": "#0"},
				"east": {"uv": [0, 0, 1, 1], "rotation": 270, "texture": "#0"},
				"south": {"uv": [0, 0, 1, 1], "rotation": 270, "texture": "#0"},
				"west": {"uv": [0, 0, 1, 1], "rotation": 270, "texture": "#0"},
				"up": {"uv": [0, 0, 1, 1], "rotation": 270, "texture": "#0"},
				"down": {"uv": [0, 0, 1, 1], "rotation": 270, "texture": "#0"}
			}
		},
		{
			"from": [7.5, 6.95946, 9.95946],
			"to": [8.5, 7.95946, 10.95946],
			"rotation": {"angle": 45, "axis": "x", "origin": [8, 8, 8]},
			"faces": {
				"north": {"uv": [0, 0, 1, 1], "rotation": 90, "texture": "#0"},
				"east": {"uv": [0, 0, 1, 1], "rotation": 270, "texture": "#0"},
				"south": {"uv": [0, 0, 1, 1], "rotation": 270, "texture": "#0"},
				"west": {"uv": [0, 0, 1, 1], "rotation": 270, "texture": "#0"},
				"up": {"uv": [0, 0, 1, 1], "rotation": 270, "texture": "#0"},
				"down": {"uv": [0, 0, 1, 1], "rotation": 270, "texture": "#0"}
			}
		},
		{
			"from": [7.5, 5.95946, 10.95946],
			"to": [8.5, 6.95946, 11.95946],
			"rotation": {"angle": 45, "axis": "x", "origin": [8, 8, 8]},
			"faces": {
				"north": {"uv": [0, 0, 1, 1], "rotation": 90, "texture": "#0"},
				"east": {"uv": [0, 0, 1, 1], "rotation": 270, "texture": "#0"},
				"south": {"uv": [0, 0, 1, 1], "rotation": 270, "texture": "#0"},
				"west": {"uv": [0, 0, 1, 1], "rotation": 270, "texture": "#0"},
				"up": {"uv": [0, 0, 1, 1], "rotation": 270, "texture": "#0"},
				"down": {"uv": [0, 0, 1, 1], "rotation": 270, "texture": "#0"}
			}
		},
		{
			"from": [7.5, -2.04054, 17.95946],
			"to": [8.5, -1.04054, 18.95946],
			"rotation": {"angle": 45, "axis": "x", "origin": [8, 8, 8]},
			"faces": {
				"north": {"uv": [0, 0, 1, 1], "rotation": 90, "texture": "#0"},
				"east": {"uv": [0, 0, 1, 1], "rotation": 270, "texture": "#0"},
				"south": {"uv": [0, 0, 1, 1], "rotation": 270, "texture": "#0"},
				"west": {"uv": [0, 0, 1, 1], "rotation": 270, "texture": "#0"},
				"up": {"uv": [0, 0, 1, 1], "rotation": 270, "texture": "#0"},
				"down": {"uv": [0, 0, 1, 1], "rotation": 270, "texture": "#0"}
			}
		},
		{
			"from": [7.5, 10.95946, 2.95946],
			"to": [8.5, 11.95946, 3.95946],
			"rotation": {"angle": 45, "axis": "x", "origin": [8, 8, 8]},
			"faces": {
				"north": {"uv": [0, 0, 1, 1], "rotation": 90, "texture": "#0"},
				"east": {"uv": [0, 0, 1, 1], "rotation": 270, "texture": "#0"},
				"south": {"uv": [0, 0, 1, 1], "rotation": 270, "texture": "#0"},
				"west": {"uv": [0, 0, 1, 1], "rotation": 270, "texture": "#0"},
				"up": {"uv": [0, 0, 1, 1], "rotation": 270, "texture": "#0"},
				"down": {"uv": [0, 0, 1, 1], "rotation": 270, "texture": "#0"}
			}
		},
		{
			"from": [7.5, -4.04054, 14.95946],
			"to": [8.5, -3.04054, 15.95946],
			"rotation": {"angle": 45, "axis": "x", "origin": [8, 8, 8]},
			"faces": {
				"north": {"uv": [0, 0, 1, 1], "rotation": 90, "texture": "#0"},
				"east": {"uv": [0, 0, 1, 1], "rotation": 270, "texture": "#0"},
				"south": {"uv": [0, 0, 1, 1], "rotation": 270, "texture": "#0"},
				"west": {"uv": [0, 0, 1, 1], "rotation": 270, "texture": "#0"},
				"up": {"uv": [0, 0, 1, 1], "rotation": 270, "texture": "#0"},
				"down": {"uv": [0, 0, 1, 1], "rotation": 270, "texture": "#0"}
			}
		},
		{
			"from": [7.5, -4.04054, 15.95946],
			"to": [8.5, -3.04054, 16.95946],
			"rotation": {"angle": 45, "axis": "x", "origin": [8, 8, 8]},
			"faces": {
				"north": {"uv": [0, 0, 1, 1], "rotation": 90, "texture": "#0"},
				"east": {"uv": [0, 0, 1, 1], "rotation": 270, "texture": "#0"},
				"south": {"uv": [0, 0, 1, 1], "rotation": 270, "texture": "#0"},
				"west": {"uv": [0, 0, 1, 1], "rotation": 270, "texture": "#0"},
				"up": {"uv": [0, 0, 1, 1], "rotation": 270, "texture": "#0"},
				"down": {"uv": [0, 0, 1, 1], "rotation": 270, "texture": "#0"}
			}
		},
		{
			"from": [7.5, -4.04054, 16.95946],
			"to": [8.5, -3.04054, 17.95946],
			"rotation": {"angle": 45, "axis": "x", "origin": [8, 8, 8]},
			"faces": {
				"north": {"uv": [0, 0, 1, 1], "rotation": 90, "texture": "#0"},
				"east": {"uv": [0, 0, 1, 1], "rotation": 270, "texture": "#0"},
				"south": {"uv": [0, 0, 1, 1], "rotation": 270, "texture": "#0"},
				"west": {"uv": [0, 0, 1, 1], "rotation": 270, "texture": "#0"},
				"up": {"uv": [0, 0, 1, 1], "rotation": 270, "texture": "#0"},
				"down": {"uv": [0, 0, 1, 1], "rotation": 270, "texture": "#0"}
			}
		},
		{
			"from": [7.5, -4.04054, 17.95946],
			"to": [8.5, -3.04054, 18.95946],
			"rotation": {"angle": 45, "axis": "x", "origin": [8, 8, 8]},
			"faces": {
				"north": {"uv": [0, 0, 1, 1], "rotation": 90, "texture": "#0"},
				"east": {"uv": [0, 0, 1, 1], "rotation": 270, "texture": "#0"},
				"south": {"uv": [0, 0, 1, 1], "rotation": 270, "texture": "#0"},
				"west": {"uv": [0, 0, 1, 1], "rotation": 270, "texture": "#0"},
				"up": {"uv": [0, 0, 1, 1], "rotation": 270, "texture": "#0"},
				"down": {"uv": [0, 0, 1, 1], "rotation": 270, "texture": "#0"}
			}
		},
		{
			"from": [7.5, 10.95946, 4.95946],
			"to": [8.5, 11.95946, 5.95946],
			"rotation": {"angle": 45, "axis": "x", "origin": [8, 8, 8]},
			"faces": {
				"north": {"uv": [0, 0, 1, 1], "rotation": 90, "texture": "#0"},
				"east": {"uv": [0, 0, 1, 1], "rotation": 270, "texture": "#0"},
				"south": {"uv": [0, 0, 1, 1], "rotation": 270, "texture": "#0"},
				"west": {"uv": [0, 0, 1, 1], "rotation": 270, "texture": "#0"},
				"up": {"uv": [0, 0, 1, 1], "rotation": 270, "texture": "#0"},
				"down": {"uv": [0, 0, 1, 1], "rotation": 270, "texture": "#0"}
			}
		},
		{
			"from": [7.5, 10.95946, 3.95946],
			"to": [8.5, 11.95946, 4.95946],
			"rotation": {"angle": 45, "axis": "x", "origin": [8, 8, 8]},
			"faces": {
				"north": {"uv": [0, 0, 1, 1], "rotation": 90, "texture": "#0"},
				"east": {"uv": [0, 0, 1, 1], "rotation": 270, "texture": "#0"},
				"south": {"uv": [0, 0, 1, 1], "rotation": 270, "texture": "#0"},
				"west": {"uv": [0, 0, 1, 1], "rotation": 270, "texture": "#0"},
				"up": {"uv": [0, 0, 1, 1], "rotation": 270, "texture": "#0"},
				"down": {"uv": [0, 0, 1, 1], "rotation": 270, "texture": "#0"}
			}
		},
		{
			"from": [7.5, 9, 5],
			"to": [8.5, 10, 6],
			"rotation": {"angle": 45, "axis": "x", "origin": [8, 8, 8]},
			"faces": {
				"north": {"uv": [0, 0, 1, 1], "rotation": 90, "texture": "#0"},
				"east": {"uv": [0, 0, 1, 1], "rotation": 270, "texture": "#0"},
				"south": {"uv": [0, 0, 1, 1], "rotation": 270, "texture": "#0"},
				"west": {"uv": [0, 0, 1, 1], "rotation": 270, "texture": "#0"},
				"up": {"uv": [0, 0, 1, 1], "rotation": 270, "texture": "#0"},
				"down": {"uv": [0, 0, 1, 1], "rotation": 270, "texture": "#0"}
			}
		},
		{
			"from": [7.5, -2, 16],
			"to": [8.5, -1, 17],
			"rotation": {"angle": 45, "axis": "x", "origin": [8, 8, 8]},
			"faces": {
				"north": {"uv": [0, 0, 1, 1], "rotation": 90, "texture": "#0"},
				"east": {"uv": [0, 0, 1, 1], "rotation": 270, "texture": "#0"},
				"south": {"uv": [0, 0, 1, 1], "rotation": 270, "texture": "#0"},
				"west": {"uv": [0, 0, 1, 1], "rotation": 270, "texture": "#0"},
				"up": {"uv": [0, 0, 1, 1], "rotation": 270, "texture": "#0"},
				"down": {"uv": [0, 0, 1, 1], "rotation": 270, "texture": "#0"}
			}
		}
	],
	"display": {
		"thirdperson_righthand": {
			"rotation": [-91, 0, 0],
			"translation": [0, -1.25, -2.75],
			"scale": [1.25, 1.25, 1.25]
		},
		"thirdperson_lefthand": {
			"rotation": [-91, 0, 0],
			"translation": [0, -1.25, -2.75],
			"scale": [1.25, 1.25, 1.25]
		},
		"firstperson_righthand": {
			"translation": [3.5, 5.5, -0.75]
		},
		"firstperson_lefthand": {
			"translation": [3.5, 5.5, -0.75]
		},
		"ground": {
			"rotation": [54, 0, 0],
			"translation": [0, 6.5, 0]
		},
		"gui": {
			"rotation": [76, -138, -105],
			"translation": [-3.75, -2.5, 0]
		},
		"fixed": {
			"rotation": [76, -138, -105],
			"translation": [-3.75, -2.5, -2]
		}
	},
	"groups": [
		{
			"name": "Chainsaw",
			"origin": [8, 8, 8],
			"children": [
				{
					"name": "Middleside",
					"origin": [8, 8, 8],
					"children": [0, 1, 2, 3, 4, 5, 6, 7, 8, 9, 10, 11, 12, 13, 14, 15, 16, 17, 18, 19, 20, 21, 22, 23, 24, 25, 26, 27, 28, 29, 30, 31]
				},
				{
					"name": "Flatside",
					"origin": [8, 8, 8],
					"children": [32, 33, 34, 35, 36, 37, 38, 39, 40, 41, 42, 43, 44, 45, 46, 47, 48, 49, 50, 51, 52, 53, 54, 55, 56, 57, 58, 59, 60, 61]
				},
				{
					"name": "Blade",
					"origin": [0, 0, 0],
					"children": [62, 63, 64, 65, 66, 67, 68, 69, 70, 71, 72, 73, 74, 75, 76, 77, 78, 79, 80, 81, 82, 83, 84, 85, 86, 87, 88, 89, 90, 91, 92, 93, 94, 95, 96, 97, 98]
				}, 99, 100]
		}
	]
}