{
	"credit": "Made with Blockbench",
	"textures": {
		"0": "18/akseventyfour",
		"particle": "18/akseventyfour"
	},
	"elements": [
		{
			"name": "h1",
			"from": [0.2, 7.7, 7.5],
			"to": [6.2, 8, 8.5],
			"faces": {
				"north": {"uv": [9.8, 8, 15.8, 8.3], "texture": "#0"},
				"east": {"uv": [8.5, 8.3, 7.5, 8], "texture": "#0"},
				"south": {"uv": [9.5, 12.5, 15.5, 12.7998], "texture": "#0"},
				"west": {"uv": [7.5, 8, 8.5, 8.3], "texture": "#0"},
				"up": {"uv": [9, 12, 15, 13], "texture": "#0"},
				"down": {"uv": [9, 14, 15, 15], "texture": "#0"}
			}
		},
		{
			"name": "h2",
			"from": [-0.1, 5.7, 7.4],
			"to": [8, 7.7, 8.6],
			"faces": {
				"north": {"uv": [8, 8.3, 16, 10.3], "texture": "#0"},
				"east": {"uv": [12.19971, 13.5, 11, 11.5], "texture": "#0"},
				"south": {"uv": [7.5, 13.5, 15.5, 15.5], "texture": "#0"},
				"west": {"uv": [9.5, 10, 10.69971, 12], "texture": "#0"},
				"up": {"uv": [8, 12.5, 16, 13.69971], "texture": "#0"},
				"down": {"uv": [8, 14.5, 16, 15.69971], "texture": "#0"}
			}
		},
		{
			"name": "h3",
			"from": [-0.3, 7, 7.5],
			"to": [4.7, 9, 8.5],
			"rotation": {"angle": 22.5, "axis": "z", "origin": [8, 8, 8]},
			"faces": {
				"north": {"uv": [11, 11, 15.69971, 13], "texture": "#0"},
				"east": {"uv": [9.5, 13.5, 8.5, 11.5], "texture": "#0"},
				"south": {"uv": [10, 12.5, 14.69971, 14.5], "texture": "#0"},
				"west": {"uv": [8, 13, 9, 15], "texture": "#0"},
				"up": {"uv": [8.5, 14.5, 13.19971, 15.5], "texture": "#0"},
				"down": {"uv": [11, 11, 15.69971, 12], "texture": "#0"}
			}
		},
		{
			"name": "h4",
			"from": [-0.1, 3.9, 7.4],
			"to": [0.9, 5.7, 8.6],
			"faces": {
				"north": {"uv": [15.1, 10.3, 16, 12.1], "texture": "#0"},
				"east": {"uv": [10.69971, 13.7998, 9.5, 12], "texture": "#0"},
				"south": {"uv": [11, 12, 11.8999, 13.7998], "texture": "#0"},
				"west": {"uv": [9, 12.5, 10.19971, 14.2998], "texture": "#0"},
				"up": {"uv": [11.5, 12.5, 12.3999, 13.69971], "texture": "#0"},
				"down": {"uv": [10, 12.5, 10.8999, 13.69971], "texture": "#0"}
			}
		},
		{
			"name": "h5",
			"from": [-0.3, 6.5, 7.5],
			"to": [-0.1, 7.5, 8.5],
			"faces": {
				"north": {"uv": [16, 8.5, 16, 9.5], "texture": "#0"},
				"east": {"uv": [16, 8.5, 16, 9.5], "texture": "#0"},
				"south": {"uv": [16, 8.5, 16, 9.5], "texture": "#0"},
				"west": {"uv": [16, 8.5, 16, 9.5], "texture": "#0"},
				"up": {"uv": [16, 8.5, 16, 9.5], "texture": "#0"},
				"down": {"uv": [16, 8.5, 16, 9.5], "texture": "#0"}
			}
		},
		{
			"name": "h6",
			"from": [-0.3, 4.1, 7.5],
			"to": [-0.1, 5.1, 8.5],
			"faces": {
				"north": {"uv": [7.5, 10.9, 8.5, 11.9], "texture": "#0"},
				"east": {"uv": [7.5, 10.9, 8.5, 11.9], "texture": "#0"},
				"south": {"uv": [7.5, 10.9, 8.5, 11.9], "texture": "#0"},
				"west": {"uv": [7.5, 10.9, 8.5, 11.9], "texture": "#0"},
				"up": {"uv": [7.5, 10.9, 8.5, 11.9], "texture": "#0"},
				"down": {"uv": [7.5, 10.9, 8.5, 11.9], "texture": "#0"}
			}
		},
		{
			"name": "h7",
			"from": [0.2, 6.2, 7.3],
			"to": [8, 7.2, 8.7],
			"faces": {
				"north": {"uv": [8, 8.8, 15.8, 9.8], "texture": "#0"},
				"east": {"uv": [10.8999, 14, 9.5, 13], "texture": "#0"},
				"south": {"uv": [8, 13, 15.7998, 14], "texture": "#0"},
				"west": {"uv": [10, 11.5, 11.3999, 12.5], "texture": "#0"},
				"up": {"uv": [8, 8, 15.7998, 9.3999], "texture": "#0"},
				"down": {"uv": [8, 14.5, 15.7998, 15.8999], "texture": "#0"}
			}
		},
		{
			"name": "h8",
			"from": [6.3, 7, 7.6],
			"to": [7.2, 7.3, 8.4],
			"rotation": {"angle": -22.5, "axis": "z", "origin": [8, 8, 8]},
			"faces": {
				"north": {"uv": [8.8, 8.7, 9.7, 9], "texture": "#0"},
				"east": {"uv": [8.4, 9, 7.6, 8.7], "texture": "#0"},
				"south": {"uv": [9.5, 8.5, 10.3999, 8.7998], "texture": "#0"},
				"west": {"uv": [7.6, 8.7, 8.4, 9], "texture": "#0"},
				"up": {"uv": [12.5, 12, 13.3999, 12.7998], "texture": "#0"},
				"down": {"uv": [10.5, 14.5, 11.3999, 15.2998], "texture": "#0"}
			}
		},
		{
			"name": "m1",
			"from": [8, 5.6, 7.2],
			"to": [17, 7.8, 8.8],
			"faces": {
				"north": {"uv": [0, 1.5, 8, 3.69922], "texture": "#0"},
				"east": {"uv": [13.59896, 3.69922, 12, 1.5], "texture": "#0"},
				"south": {"uv": [8, 4, 16, 6.19922], "texture": "#0"},
				"west": {"uv": [7, 3, 8.59896, 5.19922], "texture": "#0"},
				"up": {"uv": [5.5, 2.5, 13.5, 4.09896], "texture": "#0"},
				"down": {"uv": [0, 5, 8, 6.59896], "texture": "#0"}
			}
		},
		{
			"name": "m2",
			"from": [8.6, 7.8, 7.3],
			"to": [16.3, 8.3, 8.7],
			"faces": {
				"north": {"uv": [2, 2.5, 9.3999, 3], "texture": "#0"},
				"east": {"uv": [8.8999, 4.5, 7.5, 4], "texture": "#0"},
				"south": {"uv": [8.5, 0, 15.8999, 0.5], "texture": "#0"},
				"west": {"uv": [0, 4, 1.3999, 4.5], "texture": "#0"},
				"up": {"uv": [3, 1.5, 10.3999, 2.8999], "texture": "#0"},
				"down": {"uv": [5.5, 3.5, 12.8999, 4.8999], "texture": "#0"}
			}
		},
		{
			"name": "m3",
			"from": [8.9, 8.3, 7.5],
			"to": [16.3, 8.6, 8.5],
			"faces": {
				"north": {"uv": [0, 3.5, 7.09961, 3.7998], "texture": "#0"},
				"east": {"uv": [3, 3.2998, 2, 3], "texture": "#0"},
				"south": {"uv": [5, 1.5, 12.09961, 1.7998], "texture": "#0"},
				"west": {"uv": [3, 1.5, 4, 1.7998], "texture": "#0"},
				"up": {"uv": [8.5, 0, 15.59961, 1], "texture": "#0"},
				"down": {"uv": [8.5, 5, 15.59961, 6], "texture": "#0"}
			}
		},
		{
			"name": "m4",
			"from": [7.8, 7.4, 7.4],
			"to": [8.6, 7.8, 8.6],
			"rotation": {"angle": 45, "axis": "z", "origin": [8, 8, 8]},
			"faces": {
				"north": {"uv": [7.3999, 1.19971, 8.19971, 1.59961], "texture": "#0"},
				"east": {"uv": [14.69971, 1.3999, 13.5, 1], "texture": "#0"},
				"south": {"uv": [1.2998, 0.69971, 2.09961, 1.09961], "texture": "#0"},
				"west": {"uv": [13.5, 1, 14.69971, 1.3999], "texture": "#0"},
				"up": {"uv": [3, 4.5, 3.7998, 5.69971], "texture": "#0"},
				"down": {"uv": [1, 1.5, 1.7998, 2.69971], "texture": "#0"}
			}
		},
		{
			"name": "m5",
			"from": [8.6, 7.4, 7.6],
			"to": [9, 7.8, 8.4],
			"rotation": {"angle": 45, "axis": "z", "origin": [8, 8, 8]},
			"faces": {
				"north": {"uv": [0, 0.19971, 0.3999, 0.59961], "texture": "#0"},
				"east": {"uv": [3.39941, 2.09961, 2.59961, 1.69971], "texture": "#0"},
				"south": {"uv": [10.99951, 2.59961, 11.49951, 3.09961], "texture": "#0"},
				"west": {"uv": [4.59961, 2.19971, 5.39941, 2.59961], "texture": "#0"},
				"up": {"uv": [3.59961, 2.59961, 3.99951, 3.39941], "texture": "#0"},
				"down": {"uv": [13.09961, 3.09961, 13.49951, 3.89941], "texture": "#0"}
			}
		},
		{
			"name": "m6",
			"from": [8, 5.7, 7.1],
			"to": [17, 7, 8.9],
			"faces": {
				"north": {"uv": [0, 0, 8, 1.2998], "texture": "#0"},
				"east": {"uv": [11.2998, 3.2998, 9.5, 2], "texture": "#0"},
				"south": {"uv": [3, 4, 11, 5.2998], "texture": "#0"},
				"west": {"uv": [3, 3, 4.7998, 4.2998], "texture": "#0"},
				"up": {"uv": [7, 5.5, 15, 7.2998], "texture": "#0"},
				"down": {"uv": [3.5, 5, 11.5, 6.7998], "texture": "#0"}
			}
		},
		{
			"name": "m7",
			"from": [8.2, 8.1, 7.8],
			"to": [8.5, 8.5, 8.2],
			"rotation": {"angle": -22.5, "axis": "z", "origin": [8, 8, 8]},
			"faces": {
				"north": {"uv": [5.5, 8.8999, 6.2998, 9.3999], "texture": "#0"},
				"east": {"uv": [4.19971, 11.8999, 3.7998, 11.5], "texture": "#0"},
				"south": {"uv": [3.69971, 11, 4.49951, 11.3999], "texture": "#0"},
				"west": {"uv": [0, 12.5, 0.3999, 13], "texture": "#0"},
				"up": {"uv": [3.19971, 11.7998, 3.99951, 12.19971], "texture": "#0"},
				"down": {"uv": [5.19971, 10.2998, 5.99951, 10.69971], "texture": "#0"}
			}
		},
		{
			"name": "m8",
			"from": [9.4, 6.3, 7],
			"to": [13.4, 6.8, 7.1],
			"faces": {
				"north": {"uv": [2.6, 9.2, 6.6, 9.7], "texture": "#0"},
				"east": {"uv": [3.49951, 9.69971, 2.8999, 9.19971], "texture": "#0"},
				"south": {"uv": [2, 10.5, 6, 11], "texture": "#0"},
				"west": {"uv": [7, 9.2, 7.1, 9.7], "texture": "#0"},
				"up": {"uv": [3, 10, 7, 10.59961], "texture": "#0"},
				"down": {"uv": [2, 10.5, 6, 11.09961], "texture": "#0"}
			}
		},
		{
			"name": "m9",
			"from": [10.9, 6, 7],
			"to": [11.9, 6.3, 7.1],
			"faces": {
				"north": {"uv": [4.1, 9.7, 5.1, 10], "texture": "#0"},
				"east": {"uv": [2.49951, 10.49951, 1.8999, 9.69971], "texture": "#0"},
				"south": {"uv": [0.5, 10.5, 1.5, 10.7998], "texture": "#0"},
				"west": {"uv": [7, 9.7, 7.1, 10], "texture": "#0"},
				"up": {"uv": [3.5, 8.5, 4.5, 9.09961], "texture": "#0"},
				"down": {"uv": [3, 9.5, 3.5, 10.09961], "texture": "#0"}
			}
		},
		{
			"name": "m10",
			"from": [9.5, 5.9, 8.8],
			"to": [11.5, 6.2, 9],
			"rotation": {"angle": 22.5, "axis": "z", "origin": [8, 8, 8]},
			"faces": {
				"north": {"uv": [4.5, 9.8, 6.5, 10.1], "texture": "#0"},
				"east": {"uv": [7.2, 10.1, 7, 9.8], "texture": "#0"},
				"south": {"uv": [5, 9.5, 7, 9.7998], "texture": "#0"},
				"west": {"uv": [5.2998, 9.7998, 5.99951, 10.59961], "texture": "#0"},
				"up": {"uv": [3, 11, 5, 11.19971], "texture": "#0"},
				"down": {"uv": [5.5, 9.5, 7.5, 9.69971], "texture": "#0"}
			}
		},
		{
			"name": "m11",
			"from": [9, 5.8, 8.8],
			"to": [9.5, 6.3, 9],
			"rotation": {"angle": 22.5, "axis": "z", "origin": [8, 8, 8]},
			"faces": {
				"north": {"uv": [6.5, 9.7, 7, 10.2], "texture": "#0"},
				"east": {"uv": [7.2, 10.2, 7, 9.7], "texture": "#0"},
				"south": {"uv": [3.5, 9.69971, 4, 10.19971], "texture": "#0"},
				"west": {"uv": [3.2998, 9.69971, 3.99951, 10.19971], "texture": "#0"},
				"up": {"uv": [3.5, 10.2998, 4, 10.99951], "texture": "#0"},
				"down": {"uv": [2.5, 8.5, 3, 9.19971], "texture": "#0"}
			}
		},
		{
			"name": "uh1",
			"from": [8.7, 4.6, 7.3],
			"to": [10.4, 5.6, 8.7],
			"faces": {
				"north": {"uv": [8, 10.5, 9.69971, 11.5], "texture": "#0"},
				"east": {"uv": [14.8999, 11.5, 13.5, 10.5], "texture": "#0"},
				"south": {"uv": [10.5, 12, 12.19971, 13], "texture": "#0"},
				"west": {"uv": [11.5, 12, 12.8999, 13], "texture": "#0"},
				"up": {"uv": [10.5, 9.5, 12.19971, 10.8999], "texture": "#0"},
				"down": {"uv": [10.5, 9.5, 12.19971, 10.8999], "texture": "#0"}
			}
		},
		{
			"name": "uh2",
			"from": [10, 3.1, 7.4],
			"to": [11.2, 6.1, 8.6],
			"rotation": {"angle": -22.5, "axis": "z", "origin": [8, 8, 8]},
			"faces": {
				"north": {"uv": [11.5, 10, 12.69922, 13], "texture": "#0"},
				"east": {"uv": [9.69922, 13, 8.5, 10], "texture": "#0"},
				"south": {"uv": [10, 9.9, 11.2, 12.9], "texture": "#0"},
				"west": {"uv": [7.89974, 10.89974, 9.09896, 12.89974], "texture": "#0"},
				"up": {"uv": [10, 7.89974, 11.19922, 9.09896], "texture": "#0"},
				"down": {"uv": [10, 8, 11.19971, 9.19971], "texture": "#0"}
			}
		},
		{
			"name": "uh3",
			"from": [6.8, 2.3, 7.5],
			"to": [7.3, 2.8, 8.5],
			"rotation": {"angle": 22.5, "axis": "z", "origin": [8, 8, 8]},
			"faces": {
				"north": {"uv": [8.7, 13.2, 9.2, 13.7], "texture": "#0"},
				"east": {"uv": [8.5, 13.7, 7.5, 13.2], "texture": "#0"},
				"south": {"uv": [8.7998, 13.19971, 9.2998, 13.69971], "texture": "#0"},
				"west": {"uv": [7.5, 13.2, 8.5, 13.7], "texture": "#0"},
				"up": {"uv": [11, 9.5, 11.5, 10.5], "texture": "#0"},
				"down": {"uv": [10, 9, 10.5, 10], "texture": "#0"}
			}
		},
		{
			"name": "uh4",
			"from": [8.6, 4.6, 7.4],
			"to": [8.7, 5.6, 8.6],
			"faces": {
				"north": {"uv": [9.2998, 10.3999, 9.89941, 11.3999], "texture": "#0"},
				"east": {"uv": [11.19971, 12, 10, 11], "texture": "#0"},
				"south": {"uv": [8.6, 10.4, 8.7, 11.4], "texture": "#0"},
				"west": {"uv": [13, 11.5, 14.19971, 12.5], "texture": "#0"},
				"up": {"uv": [8.59961, 8.3999, 9.19922, 9.09961], "texture": "#0"},
				"down": {"uv": [8.59961, 8.3999, 9.19922, 9.09961], "texture": "#0"}
			}
		},
		{
			"name": "uh5",
			"from": [9.9, 3.3, 7.5],
			"to": [10, 5.5, 8.5],
			"rotation": {"angle": -22.5, "axis": "z", "origin": [8, 8, 8]},
			"faces": {
				"north": {"uv": [11.5, 10.5, 12.09961, 12.69971], "texture": "#0"},
				"east": {"uv": [8.5, 12.7, 7.5, 10.5], "texture": "#0"},
				"south": {"uv": [9.9, 10.5, 10, 12.7], "texture": "#0"},
				"west": {"uv": [7.5, 10.5, 8.5, 12.7], "texture": "#0"},
				"up": {"uv": [9.9, 7.5, 10, 8.5], "texture": "#0"},
				"down": {"uv": [9.9, 7.5, 10, 8.5], "texture": "#0"}
			}
		},
		{
			"name": "uh6",
			"from": [10.4, 4.8, 7.4],
			"to": [10.5, 5.6, 8.6],
			"faces": {
				"north": {"uv": [9, 10.3999, 10.09961, 11.19971], "texture": "#0"},
				"east": {"uv": [11.19971, 12.2998, 10, 11.5], "texture": "#0"},
				"south": {"uv": [10.4, 10.4, 10.5, 11.2], "texture": "#0"},
				"west": {"uv": [10.5, 12, 11.69971, 12.7998], "texture": "#0"},
				"up": {"uv": [10.3999, 8.3999, 10.99951, 9.09961], "texture": "#0"},
				"down": {"uv": [11.5, 10.5, 12.09961, 11.69971], "texture": "#0"}
			}
		},
		{
			"name": "uh7",
			"from": [11.2, 3.5, 7.6],
			"to": [11.3, 5.7, 8.4],
			"rotation": {"angle": -22.5, "axis": "z", "origin": [8, 8, 8]},
			"faces": {
				"north": {"uv": [15, 10.5, 16.09896, 13.69922], "texture": "#0"},
				"east": {"uv": [8.4, 12.5, 7.6, 10.3], "texture": "#0"},
				"south": {"uv": [11.2, 10.3, 11.3, 12.5], "texture": "#0"},
				"west": {"uv": [7.6, 10.3, 8.4, 12.5], "texture": "#0"},
				"up": {"uv": [11.2, 7.6, 11.3, 8.4], "texture": "#0"},
				"down": {"uv": [11.2, 7.6, 11.3, 8.4], "texture": "#0"}
			}
		},
		{
			"name": "f1",
			"from": [7.3, 3.4, 7.7],
			"to": [7.5, 4.1, 8.3],
			"rotation": {"angle": 45, "axis": "z", "origin": [8, 8, 8]},
			"faces": {
				"north": {"uv": [4.5, 11.8999, 5.19971, 12.59961], "texture": "#0"},
				"east": {"uv": [4.29932, 14.09961, 3.69971, 13.3999], "texture": "#0"},
				"south": {"uv": [5.7998, 11.8999, 6.49951, 12.59961], "texture": "#0"},
				"west": {"uv": [5.69971, 11.8999, 6.29932, 12.59961], "texture": "#0"},
				"up": {"uv": [3.5, 7.5, 4.19971, 8.59961], "texture": "#0"},
				"down": {"uv": [5.2998, 9.69971, 5.99951, 10.29932], "texture": "#0"}
			}
		},
		{
			"name": "f2",
			"from": [10.8, 4.3, 7.7],
			"to": [12.3, 4.5, 8.3],
			"faces": {
				"north": {"uv": [3.7, 11.5, 5.2, 11.7], "texture": "#0"},
				"east": {"uv": [4.79932, 12.69971, 4.19971, 12], "texture": "#0"},
				"south": {"uv": [3.2998, 12, 3.7998, 12.69971], "texture": "#0"},
				"west": {"uv": [4.19971, 12, 5.29932, 12.69971], "texture": "#0"},
				"up": {"uv": [3, 9.5, 4.5, 10.09961], "texture": "#0"},
				"down": {"uv": [5, 9.5, 6.5, 10.09961], "texture": "#0"}
			}
		},
		{
			"name": "f3",
			"from": [12.3, 4.3, 7.7],
			"to": [12.9, 5.6, 8.3],
			"faces": {
				"north": {"uv": [3.1, 10.4, 3.7, 11.7], "texture": "#0"},
				"east": {"uv": [3.59961, 11.2998, 3, 10], "texture": "#0"},
				"south": {"uv": [2.5, 8.5, 3.09961, 9.7998], "texture": "#0"},
				"west": {"uv": [5, 10, 5.59961, 11.2998], "texture": "#0"},
				"up": {"uv": [3.7998, 8.69971, 4.39941, 9.29932], "texture": "#0"},
				"down": {"uv": [1.7998, 8.69971, 2.39941, 9.29932], "texture": "#0"}
			}
		},
		{
			"name": "f4",
			"from": [10.9, 5, 7.8],
			"to": [11.1, 5.6, 8.2],
			"faces": {
				"north": {"uv": [4.9, 10.4, 5.1, 11], "texture": "#0"},
				"east": {"uv": [5.19971, 10.99951, 4.7998, 10.3999], "texture": "#0"},
				"south": {"uv": [3.3999, 10.8999, 4.09961, 11.49951], "texture": "#0"},
				"west": {"uv": [4.7998, 10.3999, 5.19971, 10.99951], "texture": "#0"},
				"up": {"uv": [5.3999, 7.69971, 6.09961, 8.19971], "texture": "#0"},
				"down": {"uv": [4.3999, 7.69971, 5.09961, 8.19971], "texture": "#0"}
			}
		},
		{
			"name": "f5",
			"from": [7.9, 3.2, 7.8],
			"to": [8.1, 3.8, 8.2],
			"rotation": {"angle": 45, "axis": "z", "origin": [8, 8, 8]},
			"faces": {
				"north": {"uv": [3.8999, 12.69971, 4.59961, 13.29932], "texture": "#0"},
				"east": {"uv": [5.19971, 12.79932, 4.69971, 12.19971], "texture": "#0"},
				"south": {"uv": [5.3999, 12.19971, 6.09961, 12.79932], "texture": "#0"},
				"west": {"uv": [4.2998, 12.19971, 4.69971, 12.79932], "texture": "#0"},
				"up": {"uv": [4.8999, 7.69971, 5.59961, 8.19971], "texture": "#0"},
				"down": {"uv": [5.8999, 7.69971, 6.59961, 8.19971], "texture": "#0"}
			}
		},
		{
			"name": "a1",
			"from": [12.9, 3.2, 7.3],
			"to": [14.7, 5.6, 8.7],
			"faces": {
				"north": {"uv": [1.3, 10.4, 3.1, 12.8], "texture": "#0"},
				"east": {"uv": [4.8999, 14.8999, 3.5, 12.5], "texture": "#0"},
				"south": {"uv": [2.5, 11.5, 4.2998, 13.8999], "texture": "#0"},
				"west": {"uv": [3.5, 10, 4.8999, 12.3999], "texture": "#0"},
				"up": {"uv": [3, 12.5, 4.7998, 13.8999], "texture": "#0"},
				"down": {"uv": [5, 12.5, 6.7998, 13.8999], "texture": "#0"}
			}
		},
		{
			"name": "a2",
			"from": [10.7, -0.8, 7.4],
			"to": [12.4, 1.7, 8.6],
			"rotation": {"angle": 22.5, "axis": "z", "origin": [8, 8, 8]},
			"faces": {
				"north": {"uv": [3.6, 14.3, 5.3, 16], "texture": "#0"},
				"east": {"uv": [5.19971, 11.69971, 4, 10], "texture": "#0"},
				"south": {"uv": [1, 12.5, 2.69971, 14.19971], "texture": "#0"},
				"west": {"uv": [2.5, 11.5, 3.69971, 13.19971], "texture": "#0"},
				"up": {"uv": [3.5, 11, 5.19971, 12.19971], "texture": "#0"},
				"down": {"uv": [4.5, 10, 6.19971, 11.19971], "texture": "#0"}
			}
		},
		{
			"name": "a3",
			"from": [14.7, 3.2, 7.5],
			"to": [15.1, 5.6, 8.5],
			"faces": {
				"north": {"uv": [0.9, 10.4, 1.3, 12.8], "texture": "#0"},
				"east": {"uv": [3, 14.3999, 2, 12], "texture": "#0"},
				"south": {"uv": [1.5, 11, 1.8999, 13.3999], "texture": "#0"},
				"west": {"uv": [3.5, 10, 4.5, 12.3999], "texture": "#0"},
				"up": {"uv": [0.5, 11.5, 0.8999, 12.5], "texture": "#0"},
				"down": {"uv": [6, 11, 6.3999, 12], "texture": "#0"}
			}
		},
		{
			"name": "a4",
			"from": [12.4, -0.8, 7.6],
			"to": [12.8, 1.1, 8.4],
			"rotation": {"angle": 22.5, "axis": "z", "origin": [8, 8, 8]},
			"faces": {
				"north": {"uv": [3.2, 14.9, 3.6, 16], "texture": "#0"},
				"east": {"uv": [2.7998, 13.09961, 2, 12], "texture": "#0"},
				"south": {"uv": [6.5, 13, 6.8999, 14.09961], "texture": "#0"},
				"west": {"uv": [2.5, 10, 3.2998, 11.09961], "texture": "#0"},
				"up": {"uv": [5.5, 10.5, 5.8999, 11.2998], "texture": "#0"},
				"down": {"uv": [6, 9, 6.3999, 9.7998], "texture": "#0"}
			}
		},
		{
			"name": "e1",
			"from": [16.3, 7.3, 7.4],
			"to": [18.3, 8.8, 8.6],
			"faces": {
				"north": {"uv": [2, 11.5, 4, 13], "texture": "#0"},
				"east": {"uv": [0.5, 12.5, 1.69971, 14], "texture": "#0"},
				"south": {"uv": [1, 9.5, 3, 11], "texture": "#0"},
				"west": {"uv": [0.5, 10.5, 1.69971, 12], "texture": "#0"},
				"up": {"uv": [1.5, 11, 3.5, 12.19971], "texture": "#0"},
				"down": {"uv": [1, 8.5, 3, 9.69971], "texture": "#0"}
			}
		},
		{
			"name": "e2",
			"from": [16.3, 6.3, 7.3],
			"to": [22.3, 7.3, 8.7],
			"faces": {
				"north": {"uv": [8.5, 10.5, 14.5, 11.5], "texture": "#0"},
				"east": {"uv": [9.5, 9, 10.8999, 10], "texture": "#0"},
				"south": {"uv": [8.5, 13, 14.5, 14], "texture": "#0"},
				"west": {"uv": [8.5, 9.5, 9.8999, 10.5], "texture": "#0"},
				"up": {"uv": [8, 13, 14, 14.3999], "texture": "#0"},
				"down": {"uv": [10, 11.5, 16, 12.8999], "texture": "#0"}
			}
		},
		{
			"name": "e3",
			"from": [17, 6.3, 8.7],
			"to": [22.2, 7.3, 9.7],
			"rotation": {"angle": 45, "axis": "x", "origin": [8, 8, 8]},
			"faces": {
				"north": {"uv": [9, 11, 14.2998, 12], "texture": "#0"},
				"east": {"uv": [8.5, 9.5, 9.5, 10.5], "texture": "#0"},
				"south": {"uv": [8.5, 14.5, 13.7998, 15.5], "texture": "#0"},
				"west": {"uv": [9.5, 10, 10.5, 11], "texture": "#0"},
				"up": {"uv": [9, 12, 14.2998, 13], "texture": "#0"},
				"down": {"uv": [8.5, 13.5, 13.7998, 14.5], "texture": "#0"}
			}
		},
		{
			"name": "e4",
			"from": [18.3, 7.4, 7.3],
			"to": [22.3, 8.1, 8.7],
			"faces": {
				"north": {"uv": [9, 10.5, 13, 11.19971], "texture": "#0"},
				"east": {"uv": [8, 10.5, 9.3999, 11.19971], "texture": "#0"},
				"south": {"uv": [11, 11.5, 15, 12.19971], "texture": "#0"},
				"west": {"uv": [14, 12.5, 15.3999, 13.19971], "texture": "#0"},
				"up": {"uv": [10, 12.5, 14, 13.8999], "texture": "#0"},
				"down": {"uv": [10, 11.5, 14, 12.8999], "texture": "#0"}
			}
		},
		{
			"name": "e5",
			"from": [18.3, 7.6, 7.4],
			"to": [22.2, 8.6, 8.4],
			"rotation": {"angle": 45, "axis": "x", "origin": [8, 8, 8]},
			"faces": {
				"north": {"uv": [11.5, 10, 15.5, 10.99951], "texture": "#0"},
				"east": {"uv": [11, 8, 12, 8.99951], "texture": "#0"},
				"south": {"uv": [8.5, 13, 12.5, 13.99951], "texture": "#0"},
				"west": {"uv": [10.5, 9.5, 11.5, 10.49951], "texture": "#0"},
				"up": {"uv": [12, 8, 16, 9], "texture": "#0"},
				"down": {"uv": [9, 9, 13, 10], "texture": "#0"}
			}
		},
		{
			"name": "e6",
			"from": [12.7, -0.9, 7.4],
			"to": [13.7, 0.1, 8.6],
			"rotation": {"angle": 45, "axis": "z", "origin": [8, 8, 8]},
			"faces": {
				"north": {"uv": [10.5, 10, 11.5, 11], "texture": "#0"},
				"east": {"uv": [12.5, 9.5, 13.69971, 10.5], "texture": "#0"},
				"south": {"uv": [15, 12.5, 16, 13.5], "texture": "#0"},
				"west": {"uv": [11.5, 9.5, 12.69971, 10.5], "texture": "#0"},
				"up": {"uv": [8.5, 9.5, 9.5, 10.69971], "texture": "#0"},
				"down": {"uv": [10.5, 11.5, 11.5, 12.69971], "texture": "#0"}
			}
		},
		{
			"name": "e7",
			"from": [17, 5.6, 7.3],
			"to": [18.6, 6.3, 8.7],
			"faces": {
				"north": {"uv": [9.5, 9.5, 11.09961, 10.19971], "texture": "#0"},
				"east": {"uv": [9.5, 11, 10.8999, 11.69971], "texture": "#0"},
				"south": {"uv": [9.5, 12, 11.09961, 12.69971], "texture": "#0"},
				"west": {"uv": [12.5, 11.5, 13.8999, 12.19971], "texture": "#0"},
				"up": {"uv": [11.5, 14.5, 13.09961, 15.8999], "texture": "#0"},
				"down": {"uv": [9, 11, 10.59961, 12.3999], "texture": "#0"}
			}
		},
		{
			"name": "e8",
			"from": [17.6, 8.8, 7.7],
			"to": [18.1, 9, 8.3],
			"faces": {
				"north": {"uv": [0, 0, 0.5, 0.2], "texture": "#0"},
				"east": {"uv": [0, 0, 0.6, 0.2], "texture": "#0"},
				"south": {"uv": [0, 0, 0.5, 0.2], "texture": "#0"},
				"west": {"uv": [0, 0, 0.6, 0.2], "texture": "#0"},
				"up": {"uv": [0, 0, 0.5, 0.6], "texture": "#0"},
				"down": {"uv": [0, 0, 0.5, 0.6], "texture": "#0"}
			}
		},
		{
			"name": "e9",
			"from": [16.7, 8.8, 7.7],
			"to": [16.9, 9, 8.3],
			"faces": {
				"north": {"uv": [0, 0, 0.2, 0.2], "texture": "#0"},
				"east": {"uv": [0, 0, 0.6, 0.2], "texture": "#0"},
				"south": {"uv": [0, 0, 0.2, 0.2], "texture": "#0"},
				"west": {"uv": [0, 0, 0.6, 0.2], "texture": "#0"},
				"up": {"uv": [0, 0, 0.2, 0.6], "texture": "#0"},
				"down": {"uv": [0, 0, 0.2, 0.6], "texture": "#0"}
			}
		},
		{
			"name": "e10",
			"from": [16, 9, 7.6],
			"to": [17.9, 9.1, 8.4],
			"faces": {
				"north": {"uv": [0, 10.5, 1.8999, 11.09961], "texture": "#0"},
				"east": {"uv": [4, 8, 4.7998, 8.59961], "texture": "#0"},
				"south": {"uv": [1, 14, 2.8999, 14.59961], "texture": "#0"},
				"west": {"uv": [3, 8.5, 3.7998, 9.09961], "texture": "#0"},
				"up": {"uv": [5, 9.5, 6.8999, 10.2998], "texture": "#0"},
				"down": {"uv": [3.5, 12.5, 5.3999, 13.2998], "texture": "#0"}
			}
		},
		{
			"name": "e11",
			"from": [16, 9.1, 7.6],
			"to": [16.1, 9.2, 7.9],
			"faces": {
				"north": {"uv": [0, 0, 0.1, 0.1], "texture": "#0"},
				"east": {"uv": [0, 0, 0.3, 0.1], "texture": "#0"},
				"south": {"uv": [0, 0, 0.1, 0.1], "texture": "#0"},
				"west": {"uv": [0, 0, 0.3, 0.1], "texture": "#0"},
				"up": {"uv": [0, 0, 0.1, 0.3], "texture": "#0"},
				"down": {"uv": [0, 0, 0.1, 0.3], "texture": "#0"}
			}
		},
		{
			"name": "e12",
			"from": [16, 9.1, 8.1],
			"to": [16.1, 9.2, 8.4],
			"faces": {
				"north": {"uv": [0, 0, 0.1, 0.1], "texture": "#0"},
				"east": {"uv": [0, 0, 0.3, 0.1], "texture": "#0"},
				"south": {"uv": [0, 0, 0.1, 0.1], "texture": "#0"},
				"west": {"uv": [0, 0, 0.3, 0.1], "texture": "#0"},
				"up": {"uv": [0, 0, 0.1, 0.3], "texture": "#0"},
				"down": {"uv": [0, 0, 0.1, 0.3], "texture": "#0"}
			}
		},
		{
			"name": "e13",
			"from": [22.3, 7.7, 7.7],
			"to": [25.3, 8.3, 8.3],
			"rotation": {"angle": 45, "axis": "x", "origin": [8, 8, 8]},
			"faces": {
				"north": {"uv": [0, 0, 3, 0.6], "texture": "#0"},
				"east": {"uv": [0, 0, 0.6, 0.6], "texture": "#0"},
				"south": {"uv": [0, 0, 3, 0.6], "texture": "#0"},
				"west": {"uv": [0, 0, 0.6, 0.6], "texture": "#0"},
				"up": {"uv": [0, 0, 3, 0.6], "texture": "#0"},
				"down": {"uv": [0, 0, 3, 0.6], "texture": "#0"}
			}
		},
		{
			"name": "e14",
			"from": [22.3, 6.7, 8.7],
			"to": [29.3, 7.3, 9.3],
			"rotation": {"angle": 45, "axis": "x", "origin": [8, 8, 8]},
			"faces": {
				"north": {"uv": [2.5, 3.5, 9.5, 4.09961], "texture": "#0"},
				"east": {"uv": [0.5, 0.5, 1.09961, 1.09961], "texture": "#0"},
				"south": {"uv": [5.5, 3.5, 12.5, 4.09961], "texture": "#0"},
				"west": {"uv": [8, 3, 9.09961, 3.59961], "texture": "#0"},
				"up": {"uv": [8, 2.5, 15, 3.09961], "texture": "#0"},
				"down": {"uv": [9, 4, 16, 4.59961], "texture": "#0"}
			}
		},
		{
			"name": "e15",
			"from": [22.3, 7.6, 7.6],
			"to": [24.3, 8.4, 8.4],
			"rotation": {"angle": 45, "axis": "x", "origin": [8, 8, 8]},
			"faces": {
				"north": {"uv": [1.5, 8, 3.5, 8.7998], "texture": "#0"},
				"east": {"uv": [2.5, 13.5, 3.2998, 14.2998], "texture": "#0"},
				"south": {"uv": [2.5, 10, 4.5, 10.7998], "texture": "#0"},
				"west": {"uv": [3, 10.5, 3.7998, 11.2998], "texture": "#0"},
				"up": {"uv": [2, 12, 4, 12.7998], "texture": "#0"},
				"down": {"uv": [2.5, 14, 4.5, 14.7998], "texture": "#0"}
			}
		},
		{
			"name": "e16",
			"from": [24.7, 6.6, 8.6],
			"to": [26.2, 7.4, 9.4],
			"rotation": {"angle": 45, "axis": "x", "origin": [8, 8, 8]},
			"faces": {
				"north": {"uv": [2, 8.5, 3.5, 9.2998], "texture": "#0"},
				"east": {"uv": [3.5, 14.5, 4.2998, 15.2998], "texture": "#0"},
				"south": {"uv": [0.5, 12, 2, 12.7998], "texture": "#0"},
				"west": {"uv": [1, 12, 1.7998, 12.7998], "texture": "#0"},
				"up": {"uv": [0, 13, 1.5, 13.7998], "texture": "#0"},
				"down": {"uv": [3, 11, 4.5, 11.7998], "texture": "#0"}
			}
		},
		{
			"name": "e17",
			"from": [27.8, 6.6, 8.6],
			"to": [29.3, 7.4, 9.4],
			"rotation": {"angle": 45, "axis": "x", "origin": [8, 8, 8]},
			"faces": {
				"north": {"uv": [3, 9.5, 4.5, 10.2998], "texture": "#0"},
				"east": {"uv": [3, 10, 3.7998, 10.7998], "texture": "#0"},
				"south": {"uv": [1, 10, 2.5, 10.7998], "texture": "#0"},
				"west": {"uv": [3, 9.5, 3.7998, 10.2998], "texture": "#0"},
				"up": {"uv": [3, 13, 4.5, 13.7998], "texture": "#0"},
				"down": {"uv": [1.5, 8, 3, 8.7998], "texture": "#0"}
			}
		},
		{
			"name": "e18",
			"from": [29.3, 6.5, 8.5],
			"to": [31.8, 7.5, 9.5],
			"rotation": {"angle": 45, "axis": "x", "origin": [8, 8, 8]},
			"faces": {
				"north": {"uv": [2, 1.5, 4.5, 2.5], "texture": "#0"},
				"east": {"uv": [10.5, 2, 11.5, 3], "texture": "#0"},
				"south": {"uv": [5.5, 1.5, 8, 2.5], "texture": "#0"},
				"west": {"uv": [7.5, 2.5, 8.5, 3.5], "texture": "#0"},
				"up": {"uv": [6.5, 3.5, 9, 4.5], "texture": "#0"},
				"down": {"uv": [0, 2, 2.5, 3], "texture": "#0"}
			}
		},
		{
			"name": "e19",
			"from": [23.4, 0.3, 7.9],
			"to": [23.9, 1.3, 8.1],
			"rotation": {"angle": 22.5, "axis": "z", "origin": [8, 8, 8]},
			"faces": {
				"north": {"uv": [0, 0, 0.5, 1], "texture": "#0"},
				"east": {"uv": [0, 0, 0.2, 1], "texture": "#0"},
				"south": {"uv": [0, 0, 0.5, 1], "texture": "#0"},
				"west": {"uv": [0, 0, 0.2, 1], "texture": "#0"},
				"up": {"uv": [0, 0, 0.5, 0.2], "texture": "#0"},
				"down": {"uv": [0, 0, 0.5, 0.2], "texture": "#0"}
			}
		},
		{
			"name": "e20",
			"from": [28.8, 7, 7.9],
			"to": [29.3, 9.4, 8.1],
			"faces": {
				"north": {"uv": [0, 0, 0.5, 2.4], "texture": "#0"},
				"east": {"uv": [0, 0, 0.2, 2.4], "texture": "#0"},
				"south": {"uv": [0, 0, 0.5, 2.4], "texture": "#0"},
				"west": {"uv": [0, 0, 0.2, 2.4], "texture": "#0"},
				"up": {"uv": [0, 0, 0.5, 0.2], "texture": "#0"},
				"down": {"uv": [0, 0, 0.5, 0.2], "texture": "#0"}
			}
		},
		{
			"name": "e21",
			"from": [26.7, 14.5, 7.9],
			"to": [27.2, 17.2, 8.1],
			"rotation": {"angle": -22.5, "axis": "z", "origin": [8, 8, 8]},
			"faces": {
				"north": {"uv": [0, 0, 0.5, 2.7], "texture": "#0"},
				"east": {"uv": [0, 0, 0.2, 2.7], "texture": "#0"},
				"south": {"uv": [0, 0, 0.5, 2.7], "texture": "#0"},
				"west": {"uv": [0, 0, 0.2, 2.7], "texture": "#0"},
				"up": {"uv": [0, 0, 0.5, 0.2], "texture": "#0"},
				"down": {"uv": [0, 0, 0.5, 0.2], "texture": "#0"}
			}
		},
		{
			"name": "e22",
			"from": [31.8, 6.6, 8.6],
			"to": [31.9, 7.4, 9.4],
			"rotation": {"angle": 45, "axis": "x", "origin": [8, 8, 8]},
			"faces": {
				"north": {"uv": [0, 13, 0.59961, 13.7998], "texture": "#0"},
				"east": {"uv": [3, 10.5, 3.7998, 11.2998], "texture": "#0"},
				"south": {"uv": [2, 9.5, 2.59961, 10.2998], "texture": "#0"},
				"west": {"uv": [4, 10, 4.7998, 10.7998], "texture": "#0"},
				"up": {"uv": [2, 9.5, 2.59961, 10.7998], "texture": "#0"},
				"down": {"uv": [3.5, 8.5, 4.09961, 9.2998], "texture": "#0"}
			}
		},
		{
			"name": "d1",
			"from": [16.1, 7.1, 8.8],
			"to": [16.3, 7.6, 10],
			"faces": {
				"north": {"uv": [0.5, 10, 1.19971, 10.5], "texture": "#0"},
				"east": {"uv": [4, 10.5, 5.19971, 11], "texture": "#0"},
				"south": {"uv": [2, 8.5, 2.69971, 9], "texture": "#0"},
				"west": {"uv": [2.5, 9, 3.69971, 9.5], "texture": "#0"},
				"up": {"uv": [4.5, 12, 4.69971, 13.19971], "texture": "#0"},
				"down": {"uv": [6.5, 11.5, 6.69971, 12.69971], "texture": "#0"}
			}
		}
	],
	"display": {
		"thirdperson_righthand": {
			"rotation": [69, 90, 0],
			"translation": [-1.5, -2.75, 5.5],
			"scale": [0.7, 0.7, 0.7]
		},
		"thirdperson_lefthand": {
			"rotation": [69, 90, 0],
			"translation": [-1.5, -2.75, 5.5],
			"scale": [-0.7, 0.7, 0.7]
		},
		"firstperson_righthand": {
			"rotation": [0, 90, 0],
			"translation": [4.5, 2.5, 0.5],
			"scale": [0.8, 0.8, 0.8]
		},
		"firstperson_lefthand": {
			"rotation": [0, -90, 0],
			"translation": [4.5, 2.5, 0.5],
			"scale": [0.8, 0.8, 0.8]
		},
		"ground": {
			"translation": [-3, 1.5, 0],
			"scale": [0.5, 0.5, 0.5]
		},
		"gui": {
			"rotation": [25, 180, 35],
			"translation": [3.5, -1, 0],
			"scale": [0.5, 0.5, 0.5]
		},
		"fixed": {
			"rotation": [0, 0, 40],
			"translation": [-5, -2, 0],
			"scale": [0.7, 0.7, 0.7]
		}
	}
}