{
	"credit": "Made with Blockbench",
	"textures": {
		"0": "54/stick",
		"1": "54/outline",
		"2": "54/lines",
		"3": "54/energy",
		"particle": "54/stick"
	},
	"elements": [
		{
			"from": [7.45938, -3, 5.18334],
			"to": [8.45938, -2, 7.18334],
			"rotation": {"angle": 0, "axis": "y", "origin": [7.95938, 1.5, 6.18334]},
			"faces": {
				"north": {"uv": [0, 0, 1, 1], "rotation": 90, "texture": "#1"},
				"east": {"uv": [0, 0, 1, 2], "rotation": 270, "texture": "#1"},
				"south": {"uv": [0, 0, 1, 1], "rotation": 270, "texture": "#1"},
				"west": {"uv": [0, 0, 1, 2], "rotation": 270, "texture": "#1"},
				"up": {"uv": [0, 0, 2, 1], "rotation": 270, "texture": "#1"},
				"down": {"uv": [0, 0, 2, 1], "rotation": 270, "texture": "#1"}
			}
		},
		{
			"from": [7.45938, -3, 5.18334],
			"to": [8.45938, -2, 7.18334],
			"rotation": {"angle": -22.5, "axis": "x", "origin": [7.95938, 1.5, 6.18334]},
			"faces": {
				"north": {"uv": [0, 0, 1, 1], "rotation": 90, "texture": "#1"},
				"east": {"uv": [0, 0, 1, 2], "rotation": 270, "texture": "#1"},
				"south": {"uv": [0, 0, 1, 1], "rotation": 270, "texture": "#1"},
				"west": {"uv": [0, 0, 1, 2], "rotation": 270, "texture": "#1"},
				"up": {"uv": [0, 0, 2, 1], "rotation": 270, "texture": "#1"},
				"down": {"uv": [0, 0, 2, 1], "rotation": 270, "texture": "#1"}
			}
		},
		{
			"from": [7.45938, -3, 5.18334],
			"to": [8.45938, -2, 7.18334],
			"rotation": {"angle": -45, "axis": "x", "origin": [7.95938, 1.5, 6.18334]},
			"faces": {
				"north": {"uv": [0, 0, 1, 1], "rotation": 90, "texture": "#1"},
				"east": {"uv": [0, 0, 1, 2], "rotation": 270, "texture": "#1"},
				"south": {"uv": [0, 0, 1, 1], "rotation": 270, "texture": "#1"},
				"west": {"uv": [0, 0, 1, 2], "rotation": 270, "texture": "#1"},
				"up": {"uv": [0, 0, 2, 1], "rotation": 270, "texture": "#1"},
				"down": {"uv": [0, 0, 2, 1], "rotation": 270, "texture": "#1"}
			}
		},
		{
			"from": [7.45938, 0.5, 9.68334],
			"to": [8.45938, 2.5, 10.68334],
			"rotation": {"angle": 22.5, "axis": "x", "origin": [7.95938, 1.5, 6.18334]},
			"faces": {
				"north": {"uv": [0, 0, 2, 1], "rotation": 90, "texture": "#1"},
				"east": {"uv": [0, 0, 1, 2], "texture": "#1"},
				"south": {"uv": [0, 0, 2, 1], "rotation": 270, "texture": "#1"},
				"west": {"uv": [0, 0, 1, 2], "rotation": 180, "texture": "#1"},
				"up": {"uv": [0, 0, 1, 1], "rotation": 270, "texture": "#1"},
				"down": {"uv": [0, 0, 1, 1], "rotation": 270, "texture": "#1"}
			}
		},
		{
			"from": [7.45938, 0.5, 9.68334],
			"to": [8.45938, 2.5, 10.68334],
			"rotation": {"angle": 0, "axis": "y", "origin": [7.95938, 1.5, 6.18334]},
			"faces": {
				"north": {"uv": [0, 0, 2, 1], "rotation": 90, "texture": "#1"},
				"east": {"uv": [0, 0, 1, 2], "texture": "#1"},
				"south": {"uv": [0, 0, 2, 1], "rotation": 270, "texture": "#1"},
				"west": {"uv": [0, 0, 1, 2], "rotation": 180, "texture": "#1"},
				"up": {"uv": [0, 0, 1, 1], "rotation": 270, "texture": "#1"},
				"down": {"uv": [0, 0, 1, 1], "rotation": 270, "texture": "#1"}
			}
		},
		{
			"from": [7.45938, 0.5, 9.68334],
			"to": [8.45938, 2.5, 10.68334],
			"rotation": {"angle": -22.5, "axis": "x", "origin": [7.95938, 1.5, 6.18334]},
			"faces": {
				"north": {"uv": [0, 0, 2, 1], "rotation": 90, "texture": "#1"},
				"east": {"uv": [0, 0, 1, 2], "texture": "#1"},
				"south": {"uv": [0, 0, 2, 1], "rotation": 270, "texture": "#1"},
				"west": {"uv": [0, 0, 1, 2], "rotation": 180, "texture": "#1"},
				"up": {"uv": [0, 0, 1, 1], "rotation": 270, "texture": "#1"},
				"down": {"uv": [0, 0, 1, 1], "rotation": 270, "texture": "#1"}
			}
		},
		{
			"from": [7.45938, 0.5, 9.68334],
			"to": [8.45938, 2.5, 10.68334],
			"rotation": {"angle": -45, "axis": "x", "origin": [7.95938, 1.5, 6.18334]},
			"faces": {
				"north": {"uv": [0, 0, 2, 1], "rotation": 90, "texture": "#1"},
				"east": {"uv": [0, 0, 1, 2], "texture": "#1"},
				"south": {"uv": [0, 0, 2, 1], "rotation": 270, "texture": "#1"},
				"west": {"uv": [0, 0, 1, 2], "rotation": 180, "texture": "#1"},
				"up": {"uv": [0, 0, 1, 1], "rotation": 270, "texture": "#1"},
				"down": {"uv": [0, 0, 1, 1], "rotation": 270, "texture": "#1"}
			}
		},
		{
			"from": [7.45938, 5, 5.18334],
			"to": [8.45938, 6, 7.18334],
			"rotation": {"angle": 22.5, "axis": "x", "origin": [7.95938, 1.5, 6.18334]},
			"faces": {
				"north": {"uv": [0, 0, 1, 1], "rotation": 90, "texture": "#1"},
				"east": {"uv": [0, 0, 1, 2], "rotation": 90, "texture": "#1"},
				"south": {"uv": [0, 0, 1, 1], "rotation": 270, "texture": "#1"},
				"west": {"uv": [0, 0, 1, 2], "rotation": 90, "texture": "#1"},
				"up": {"uv": [0, 0, 2, 1], "rotation": 270, "texture": "#1"},
				"down": {"uv": [0, 0, 2, 1], "rotation": 270, "texture": "#1"}
			}
		},
		{
			"from": [7.45938, 5, 5.18334],
			"to": [8.45938, 6, 7.18334],
			"rotation": {"angle": 0, "axis": "y", "origin": [7.95938, 1.5, 6.18334]},
			"faces": {
				"north": {"uv": [0, 0, 1, 1], "rotation": 90, "texture": "#1"},
				"east": {"uv": [0, 0, 1, 2], "rotation": 90, "texture": "#1"},
				"south": {"uv": [0, 0, 1, 1], "rotation": 270, "texture": "#1"},
				"west": {"uv": [0, 0, 1, 2], "rotation": 90, "texture": "#1"},
				"up": {"uv": [0, 0, 2, 1], "rotation": 270, "texture": "#1"},
				"down": {"uv": [0, 0, 2, 1], "rotation": 270, "texture": "#1"}
			}
		},
		{
			"from": [7.45938, 5, 5.18334],
			"to": [8.45938, 6, 7.18334],
			"rotation": {"angle": -22.5, "axis": "x", "origin": [7.95938, 1.5, 6.18334]},
			"faces": {
				"north": {"uv": [0, 0, 1, 1], "rotation": 90, "texture": "#1"},
				"east": {"uv": [0, 0, 1, 2], "rotation": 90, "texture": "#1"},
				"south": {"uv": [0, 0, 1, 1], "rotation": 270, "texture": "#1"},
				"west": {"uv": [0, 0, 1, 2], "rotation": 90, "texture": "#1"},
				"up": {"uv": [0, 0, 2, 1], "rotation": 270, "texture": "#1"},
				"down": {"uv": [0, 0, 2, 1], "rotation": 270, "texture": "#1"}
			}
		},
		{
			"from": [7.45938, 5, 5.18334],
			"to": [8.45938, 6, 7.18334],
			"rotation": {"angle": -45, "axis": "x", "origin": [7.95938, 1.5, 6.18334]},
			"faces": {
				"north": {"uv": [0, 0, 1, 1], "rotation": 90, "texture": "#1"},
				"east": {"uv": [0, 0, 1, 2], "rotation": 90, "texture": "#1"},
				"south": {"uv": [0, 0, 1, 1], "rotation": 270, "texture": "#1"},
				"west": {"uv": [0, 0, 1, 2], "rotation": 90, "texture": "#1"},
				"up": {"uv": [0, 0, 2, 1], "rotation": 270, "texture": "#1"},
				"down": {"uv": [0, 0, 2, 1], "rotation": 270, "texture": "#1"}
			}
		},
		{
			"from": [7.45938, 0.5, 1.68334],
			"to": [8.45938, 2.5, 2.68334],
			"rotation": {"angle": 22.5, "axis": "x", "origin": [7.95938, 1.5, 6.18334]},
			"faces": {
				"north": {"uv": [0, 0, 2, 1], "rotation": 90, "texture": "#1"},
				"east": {"uv": [0, 0, 1, 2], "rotation": 180, "texture": "#1"},
				"south": {"uv": [0, 0, 2, 1], "rotation": 270, "texture": "#1"},
				"west": {"uv": [0, 0, 1, 2], "texture": "#1"},
				"up": {"uv": [0, 0, 1, 1], "rotation": 270, "texture": "#1"},
				"down": {"uv": [0, 0, 1, 1], "rotation": 270, "texture": "#1"}
			}
		},
		{
			"from": [7.45938, 0.5, 1.68334],
			"to": [8.45938, 2.5, 2.68334],
			"rotation": {"angle": 0, "axis": "y", "origin": [7.95938, 1.5, 6.18334]},
			"faces": {
				"north": {"uv": [0, 0, 2, 1], "rotation": 90, "texture": "#1"},
				"east": {"uv": [0, 0, 1, 2], "rotation": 180, "texture": "#1"},
				"south": {"uv": [0, 0, 2, 1], "rotation": 270, "texture": "#1"},
				"west": {"uv": [0, 0, 1, 2], "texture": "#1"},
				"up": {"uv": [0, 0, 1, 1], "rotation": 270, "texture": "#1"},
				"down": {"uv": [0, 0, 1, 1], "rotation": 270, "texture": "#1"}
			}
		},
		{
			"from": [7.45938, 0.5, 1.68334],
			"to": [8.45938, 2.5, 2.68334],
			"rotation": {"angle": -22.5, "axis": "x", "origin": [7.95938, 1.5, 6.18334]},
			"faces": {
				"north": {"uv": [0, 0, 2, 1], "rotation": 90, "texture": "#1"},
				"east": {"uv": [0, 0, 1, 2], "rotation": 180, "texture": "#1"},
				"south": {"uv": [0, 0, 2, 1], "rotation": 270, "texture": "#1"},
				"west": {"uv": [0, 0, 1, 2], "texture": "#1"},
				"up": {"uv": [0, 0, 1, 1], "rotation": 270, "texture": "#1"},
				"down": {"uv": [0, 0, 1, 1], "rotation": 270, "texture": "#1"}
			}
		},
		{
			"from": [7.45938, 0.5, 1.68334],
			"to": [8.45938, 2.5, 2.68334],
			"rotation": {"angle": -45, "axis": "x", "origin": [7.95938, 1.5, 6.18334]},
			"faces": {
				"north": {"uv": [0, 0, 2, 1], "rotation": 90, "texture": "#1"},
				"east": {"uv": [0, 0, 1, 2], "rotation": 180, "texture": "#1"},
				"south": {"uv": [0, 0, 2, 1], "rotation": 270, "texture": "#1"},
				"west": {"uv": [0, 0, 1, 2], "texture": "#1"},
				"up": {"uv": [0, 0, 1, 1], "rotation": 270, "texture": "#1"},
				"down": {"uv": [0, 0, 1, 1], "rotation": 270, "texture": "#1"}
			}
		},
		{
			"from": [7.45938, -3, 5.18334],
			"to": [8.45938, -2, 7.18334],
			"rotation": {"angle": 22.5, "axis": "x", "origin": [7.95938, 1.5, 6.18334]},
			"faces": {
				"north": {"uv": [0, 0, 1, 1], "rotation": 90, "texture": "#1"},
				"east": {"uv": [0, 0, 1, 2], "rotation": 270, "texture": "#1"},
				"south": {"uv": [0, 0, 1, 1], "rotation": 270, "texture": "#1"},
				"west": {"uv": [0, 0, 1, 2], "rotation": 270, "texture": "#1"},
				"up": {"uv": [0, 0, 2, 1], "rotation": 270, "texture": "#1"},
				"down": {"uv": [0, 0, 2, 1], "rotation": 270, "texture": "#1"}
			}
		},
		{
			"from": [7.45938, -1.75, 5.68334],
			"to": [8.45938, 0.5, 6.68334],
			"rotation": {"angle": 0, "axis": "y", "origin": [7.95938, -0.5, 6.18334]},
			"faces": {
				"north": {"uv": [0, 0, 2.25, 1], "rotation": 90, "texture": "#2"},
				"east": {"uv": [0, 0, 1, 2.25], "rotation": 180, "texture": "#2"},
				"south": {"uv": [0, 0, 2.25, 1], "rotation": 270, "texture": "#2"},
				"west": {"uv": [0, 0, 1, 2.25], "texture": "#2"},
				"up": {"uv": [0, 0, 1, 1], "rotation": 270, "texture": "#2"},
				"down": {"uv": [0, 0, 1, 1], "rotation": 270, "texture": "#2"}
			}
		},
		{
			"from": [7.45938, 3, 4.43334],
			"to": [8.45938, 5.25, 5.43334],
			"rotation": {"angle": -45, "axis": "x", "origin": [7.95938, 3.125, 6.18334]},
			"faces": {
				"north": {"uv": [0, 0, 2.25, 1], "rotation": 90, "texture": "#2"},
				"east": {"uv": [0, 0, 1, 2.25], "rotation": 180, "texture": "#2"},
				"south": {"uv": [0, 0, 2.25, 1], "rotation": 270, "texture": "#2"},
				"west": {"uv": [0, 0, 1, 2.25], "texture": "#2"},
				"up": {"uv": [0, 0, 1, 1], "rotation": 270, "texture": "#2"},
				"down": {"uv": [0, 0, 1, 1], "rotation": 270, "texture": "#2"}
			}
		},
		{
			"from": [7.45938, 3, 6.85209],
			"to": [8.45938, 5.25, 7.85209],
			"rotation": {"angle": 45, "axis": "x", "origin": [7.95938, 3.125, 6.10209]},
			"faces": {
				"north": {"uv": [2.25, 0, 4.5, 1], "rotation": 90, "texture": "#2"},
				"east": {"uv": [1, 0, 2, 2.25], "rotation": 180, "texture": "#2"},
				"south": {"uv": [2.25, 0, 4.5, 1], "rotation": 270, "texture": "#2"},
				"west": {"uv": [1, 0, 2, 2.25], "texture": "#2"},
				"up": {"uv": [1, 0, 2, 1], "rotation": 270, "texture": "#2"},
				"down": {"uv": [1, 0, 2, 1], "rotation": 270, "texture": "#2"}
			}
		},
		{
			"from": [7.70938, -0.68334, 5.39272],
			"to": [8.20938, 0.06666, 6.89272],
			"rotation": {"angle": -45, "axis": "x", "origin": [7.95938, 1.44166, 6.14272]},
			"faces": {
				"north": {"uv": [0, 0, 0.75, 0.5], "rotation": 90, "texture": "#3"},
				"east": {"uv": [0, 0, 1.5, 0.75], "texture": "#3"},
				"south": {"uv": [0, 0, 0.75, 0.5], "rotation": 270, "texture": "#3"},
				"west": {"uv": [0, 0, 1.5, 0.75], "rotation": 180, "texture": "#3"},
				"up": {"uv": [0, 0, 1.5, 0.5], "rotation": 270, "texture": "#3"},
				"down": {"uv": [0, 0, 1.5, 0.5], "rotation": 270, "texture": "#3"}
			}
		},
		{
			"from": [7.70938, -0.68334, 5.39272],
			"to": [8.20938, 0.06666, 6.89272],
			"rotation": {"angle": -22.5, "axis": "x", "origin": [7.95938, 1.44166, 6.14272]},
			"faces": {
				"north": {"uv": [0, 0, 0.75, 0.5], "rotation": 90, "texture": "#3"},
				"east": {"uv": [0, 0, 1.5, 0.75], "texture": "#3"},
				"south": {"uv": [0, 0, 0.75, 0.5], "rotation": 270, "texture": "#3"},
				"west": {"uv": [0, 0, 1.5, 0.75], "rotation": 180, "texture": "#3"},
				"up": {"uv": [0, 0, 1.5, 0.5], "rotation": 270, "texture": "#3"},
				"down": {"uv": [0, 0, 1.5, 0.5], "rotation": 270, "texture": "#3"}
			}
		},
		{
			"from": [7.70938, -0.68334, 5.39272],
			"to": [8.20938, 0.06666, 6.89272],
			"rotation": {"angle": 22.5, "axis": "x", "origin": [7.95938, 1.44166, 6.14272]},
			"faces": {
				"north": {"uv": [0, 0, 0.75, 0.5], "rotation": 90, "texture": "#3"},
				"east": {"uv": [0, 0, 1.5, 0.75], "texture": "#3"},
				"south": {"uv": [0, 0, 0.75, 0.5], "rotation": 270, "texture": "#3"},
				"west": {"uv": [0, 0, 1.5, 0.75], "rotation": 180, "texture": "#3"},
				"up": {"uv": [0, 0, 1.5, 0.5], "rotation": 270, "texture": "#3"},
				"down": {"uv": [0, 0, 1.5, 0.5], "rotation": 270, "texture": "#3"}
			}
		},
		{
			"from": [7.70938, 0.69166, 7.51772],
			"to": [8.20938, 2.19166, 8.26772],
			"rotation": {"angle": 22.5, "axis": "x", "origin": [7.95938, 1.44166, 6.14272]},
			"faces": {
				"north": {"uv": [0, 0, 1.5, 0.5], "rotation": 90, "texture": "#3"},
				"east": {"uv": [0, 0, 1.5, 0.75], "rotation": 90, "texture": "#3"},
				"south": {"uv": [0, 0, 1.5, 0.5], "rotation": 270, "texture": "#3"},
				"west": {"uv": [0, 0, 1.5, 0.75], "rotation": 90, "texture": "#3"},
				"up": {"uv": [0, 0, 0.75, 0.5], "rotation": 270, "texture": "#3"},
				"down": {"uv": [0, 0, 0.75, 0.5], "rotation": 270, "texture": "#3"}
			}
		},
		{
			"from": [7.70938, 0.69166, 7.51772],
			"to": [8.20938, 2.19166, 8.26772],
			"rotation": {"angle": 0, "axis": "y", "origin": [7.95938, 1.44166, 6.14272]},
			"faces": {
				"north": {"uv": [0, 0, 1.5, 0.5], "rotation": 90, "texture": "#3"},
				"east": {"uv": [0, 0, 1.5, 0.75], "rotation": 90, "texture": "#3"},
				"south": {"uv": [0, 0, 1.5, 0.5], "rotation": 270, "texture": "#3"},
				"west": {"uv": [0, 0, 1.5, 0.75], "rotation": 90, "texture": "#3"},
				"up": {"uv": [0, 0, 0.75, 0.5], "rotation": 270, "texture": "#3"},
				"down": {"uv": [0, 0, 0.75, 0.5], "rotation": 270, "texture": "#3"}
			}
		},
		{
			"from": [7.70938, 0.69166, 7.51772],
			"to": [8.20938, 2.19166, 8.26772],
			"rotation": {"angle": -22.5, "axis": "x", "origin": [7.95938, 1.44166, 6.14272]},
			"faces": {
				"north": {"uv": [0, 0, 1.5, 0.5], "rotation": 90, "texture": "#3"},
				"east": {"uv": [0, 0, 1.5, 0.75], "rotation": 90, "texture": "#3"},
				"south": {"uv": [0, 0, 1.5, 0.5], "rotation": 270, "texture": "#3"},
				"west": {"uv": [0, 0, 1.5, 0.75], "rotation": 90, "texture": "#3"},
				"up": {"uv": [0, 0, 0.75, 0.5], "rotation": 270, "texture": "#3"},
				"down": {"uv": [0, 0, 0.75, 0.5], "rotation": 270, "texture": "#3"}
			}
		},
		{
			"from": [7.70938, 2.81666, 5.39272],
			"to": [8.20938, 3.56666, 6.89272],
			"rotation": {"angle": 22.5, "axis": "x", "origin": [7.95938, 1.44166, 6.14272]},
			"faces": {
				"north": {"uv": [0, 0, 0.75, 0.5], "rotation": 90, "texture": "#3"},
				"east": {"uv": [0, 0, 1.5, 0.75], "rotation": 180, "texture": "#3"},
				"south": {"uv": [0, 0, 0.75, 0.5], "rotation": 270, "texture": "#3"},
				"west": {"uv": [0, 0, 1.5, 0.75], "texture": "#3"},
				"up": {"uv": [0, 0, 1.5, 0.5], "rotation": 270, "texture": "#3"},
				"down": {"uv": [0, 0, 1.5, 0.5], "rotation": 270, "texture": "#3"}
			}
		},
		{
			"from": [7.70938, 2.81666, 5.39272],
			"to": [8.20938, 3.56666, 6.89272],
			"rotation": {"angle": 0, "axis": "y", "origin": [7.95938, 1.44166, 6.14272]},
			"faces": {
				"north": {"uv": [0, 0, 0.75, 0.5], "rotation": 90, "texture": "#3"},
				"east": {"uv": [0, 0, 1.5, 0.75], "rotation": 180, "texture": "#3"},
				"south": {"uv": [0, 0, 0.75, 0.5], "rotation": 270, "texture": "#3"},
				"west": {"uv": [0, 0, 1.5, 0.75], "texture": "#3"},
				"up": {"uv": [0, 0, 1.5, 0.5], "rotation": 270, "texture": "#3"},
				"down": {"uv": [0, 0, 1.5, 0.5], "rotation": 270, "texture": "#3"}
			}
		},
		{
			"from": [7.70938, 2.81666, 5.39272],
			"to": [8.20938, 3.56666, 6.89272],
			"rotation": {"angle": -22.5, "axis": "x", "origin": [7.95938, 1.44166, 6.14272]},
			"faces": {
				"north": {"uv": [0, 0, 0.75, 0.5], "rotation": 90, "texture": "#3"},
				"east": {"uv": [0, 0, 1.5, 0.75], "rotation": 180, "texture": "#3"},
				"south": {"uv": [0, 0, 0.75, 0.5], "rotation": 270, "texture": "#3"},
				"west": {"uv": [0, 0, 1.5, 0.75], "texture": "#3"},
				"up": {"uv": [0, 0, 1.5, 0.5], "rotation": 270, "texture": "#3"},
				"down": {"uv": [0, 0, 1.5, 0.5], "rotation": 270, "texture": "#3"}
			}
		},
		{
			"from": [7.70938, 0.69166, 4.01772],
			"to": [8.20938, 2.19166, 4.76772],
			"rotation": {"angle": 22.5, "axis": "x", "origin": [7.95938, 1.44166, 6.14272]},
			"faces": {
				"north": {"uv": [0, 0, 1.5, 0.5], "rotation": 90, "texture": "#3"},
				"east": {"uv": [0, 0, 1.5, 0.75], "rotation": 270, "texture": "#3"},
				"south": {"uv": [0, 0, 1.5, 0.5], "rotation": 270, "texture": "#3"},
				"west": {"uv": [0, 0, 1.5, 0.75], "rotation": 270, "texture": "#3"},
				"up": {"uv": [0, 0, 0.75, 0.5], "rotation": 270, "texture": "#3"},
				"down": {"uv": [0, 0, 0.75, 0.5], "rotation": 270, "texture": "#3"}
			}
		},
		{
			"from": [7.70938, 0.69166, 4.01772],
			"to": [8.20938, 2.19166, 4.76772],
			"rotation": {"angle": 0, "axis": "y", "origin": [7.95938, 1.44166, 6.14272]},
			"faces": {
				"north": {"uv": [0, 0, 1.5, 0.5], "rotation": 90, "texture": "#3"},
				"east": {"uv": [0, 0, 1.5, 0.75], "rotation": 270, "texture": "#3"},
				"south": {"uv": [0, 0, 1.5, 0.5], "rotation": 270, "texture": "#3"},
				"west": {"uv": [0, 0, 1.5, 0.75], "rotation": 270, "texture": "#3"},
				"up": {"uv": [0, 0, 0.75, 0.5], "rotation": 270, "texture": "#3"},
				"down": {"uv": [0, 0, 0.75, 0.5], "rotation": 270, "texture": "#3"}
			}
		},
		{
			"from": [7.70938, 0.69166, 4.01772],
			"to": [8.20938, 2.19166, 4.76772],
			"rotation": {"angle": -22.5, "axis": "x", "origin": [7.95938, 1.44166, 6.14272]},
			"faces": {
				"north": {"uv": [0, 0, 1.5, 0.5], "rotation": 90, "texture": "#3"},
				"east": {"uv": [0, 0, 1.5, 0.75], "rotation": 270, "texture": "#3"},
				"south": {"uv": [0, 0, 1.5, 0.5], "rotation": 270, "texture": "#3"},
				"west": {"uv": [0, 0, 1.5, 0.75], "rotation": 270, "texture": "#3"},
				"up": {"uv": [0, 0, 0.75, 0.5], "rotation": 270, "texture": "#3"},
				"down": {"uv": [0, 0, 0.75, 0.5], "rotation": 270, "texture": "#3"}
			}
		},
		{
			"from": [7.70938, 0.69166, 4.01772],
			"to": [8.20938, 2.19166, 4.76772],
			"rotation": {"angle": -45, "axis": "x", "origin": [7.95938, 1.44166, 6.14272]},
			"faces": {
				"north": {"uv": [0, 0, 1.5, 0.5], "rotation": 90, "texture": "#3"},
				"east": {"uv": [0, 0, 1.5, 0.75], "rotation": 270, "texture": "#3"},
				"south": {"uv": [0, 0, 1.5, 0.5], "rotation": 270, "texture": "#3"},
				"west": {"uv": [0, 0, 1.5, 0.75], "rotation": 270, "texture": "#3"},
				"up": {"uv": [0, 0, 0.75, 0.5], "rotation": 270, "texture": "#3"},
				"down": {"uv": [0, 0, 0.75, 0.5], "rotation": 270, "texture": "#3"}
			}
		},
		{
			"from": [7.95938, -2.68334, 1.89272],
			"to": [7.95938, 5.81666, 10.39272],
			"rotation": {"angle": 0, "axis": "z", "origin": [8.45938, -6.68334, 14.14272]},
			"faces": {
				"north": {"uv": [0, 0, 8.5, 0], "rotation": 90, "texture": "#0"},
				"east": {"uv": [0, 0, 8.5, 8.5], "texture": "#0"},
				"south": {"uv": [0, 0, 8.5, 0], "rotation": 270, "texture": "#0"},
				"west": {"uv": [0, 0, 8.5, 8.5], "rotation": 180, "texture": "#0"},
				"up": {"uv": [0, 0, 8.5, 0], "rotation": 270, "texture": "#0"},
				"down": {"uv": [0, 0, 8.5, 0], "rotation": 270, "texture": "#0"}
			}
		}
	],
	"display": {
		"thirdperson_righthand": {
			"translation": [0, 2.5, 0.5],
			"scale": [0.4, 0.4, 0.4]
		},
		"thirdperson_lefthand": {
			"translation": [0, 2.5, 0.5],
			"scale": [0.4, 0.4, 0.4]
		},
		"firstperson_righthand": {
			"translation": [2.75, 8.25, 0]
		},
		"firstperson_lefthand": {
			"translation": [2.75, 8.25, 0]
		},
		"ground": {
			"translation": [0, 9.5, 3.25]
		},
		"gui": {
			"rotation": [90, 90, -90],
			"translation": [3.25, 9.5, 0],
			"scale": [1.5, 1.5, 1.5]
		},
		"fixed": {
			"rotation": [90, 90, -90],
			"translation": [3.25, 9.5, -0.5],
			"scale": [1.5, 1.5, 1.5]
		}
	},
	"groups": [
		{
			"name": "bomb",
			"origin": [8, 8, 8],
			"children": [
				{
					"name": "circle",
					"origin": [5.45938, 0.5, 9.18334],
					"children": [0, 1, 2, 3, 4, 5, 6, 7, 8, 9, 10, 11, 12, 13, 14, 15]
				},
				{
					"name": "points",
					"origin": [8, 8, 8],
					"children": [16, 17, 18]
				},
				{
					"name": "circle2",
					"origin": [8, 8, 8],
					"children": [19, 20, 21, 22, 23, 24, 25, 26, 27, 28, 29, 30, 31]
				}, 32]
		}
	]
}