{
	"credit": "Made with Blockbench",
	"textures": {
		"0": "62/blade",
		"1": "62/handle",
		"2": "62/handle2",
		"particle": "62/blade"
	},
	"elements": [
		{
			"from": [7.75, -3.66481, 4.16481],
			"to": [8.25, 14.33519, 6.16481],
			"rotation": {"angle": 0, "axis": "y", "origin": [8, 0.5, 9.16481]},
			"faces": {
				"north": {"uv": [0, 0, 16, 0.5], "rotation": 270, "texture": "#0"},
				"east": {"uv": [0, 0, 2, 16], "rotation": 180, "texture": "#0"},
				"south": {"uv": [0, 0, 16, 0.5], "rotation": 90, "texture": "#0"},
				"west": {"uv": [0, 0, 2, 16], "texture": "#0"},
				"up": {"uv": [0, 0, 2, 0.5], "rotation": 90, "texture": "#0"},
				"down": {"uv": [0, 0, 2, 0.5], "rotation": 90, "texture": "#0"}
			}
		},
		{
			"from": [7.75, 14.33519, 4.41481],
			"to": [8.25, 17.83519, 5.91481],
			"rotation": {"angle": 0, "axis": "y", "origin": [8, 0.5, 9.16481]},
			"faces": {
				"north": {"uv": [0, 0, 3.5, 0.5], "rotation": 270, "texture": "#0"},
				"east": {"uv": [0, 0, 1.5, 3.5], "rotation": 180, "texture": "#0"},
				"south": {"uv": [0, 0, 3.5, 0.5], "rotation": 90, "texture": "#0"},
				"west": {"uv": [0, 0, 1.5, 3.5], "texture": "#0"},
				"up": {"uv": [0, 0, 1.5, 0.5], "rotation": 90, "texture": "#0"},
				"down": {"uv": [0, 0, 1.5, 0.5], "rotation": 90, "texture": "#0"}
			}
		},
		{
			"from": [7.75, 17.83519, 4.66481],
			"to": [8.25, 19.33519, 5.66481],
			"rotation": {"angle": 0, "axis": "y", "origin": [8, 0.5, 9.16481]},
			"faces": {
				"north": {"uv": [0, 0, 1.5, 0.5], "rotation": 270, "texture": "#0"},
				"east": {"uv": [0, 0, 1, 1.5], "rotation": 180, "texture": "#0"},
				"south": {"uv": [0, 0, 1.5, 0.5], "rotation": 90, "texture": "#0"},
				"west": {"uv": [0, 0, 1, 1.5], "texture": "#0"},
				"up": {"uv": [0, 0, 1, 0.5], "rotation": 90, "texture": "#0"},
				"down": {"uv": [0, 0, 1, 0.5], "rotation": 90, "texture": "#0"}
			}
		},
		{
			"from": [7.5, -5.66481, 4.66481],
			"to": [8.5, -3.66481, 5.66481],
			"rotation": {"angle": 0, "axis": "y", "origin": [8, 0.5, 9.16481]},
			"faces": {
				"north": {"uv": [0, 0, 2, 1], "rotation": 270, "texture": "#1"},
				"east": {"uv": [0, 0, 1, 2], "rotation": 180, "texture": "#1"},
				"south": {"uv": [0, 0, 2, 1], "rotation": 90, "texture": "#1"},
				"west": {"uv": [0, 0, 1, 2], "texture": "#1"},
				"up": {"uv": [0, 0, 1, 1], "rotation": 90, "texture": "#1"},
				"down": {"uv": [0, 0, 1, 1], "rotation": 90, "texture": "#1"}
			}
		},
		{
			"from": [7.5, -3.66481, 4.16481],
			"to": [8.5, -2.66481, 6.16481],
			"rotation": {"angle": 0, "axis": "y", "origin": [8, 0.5, 9.16481]},
			"faces": {
				"north": {"uv": [0, 0, 1, 1], "rotation": 270, "texture": "#1"},
				"east": {"uv": [0, 0, 2, 1], "rotation": 180, "texture": "#1"},
				"south": {"uv": [0, 0, 1, 1], "rotation": 90, "texture": "#1"},
				"west": {"uv": [0, 0, 2, 1], "texture": "#1"},
				"up": {"uv": [0, 0, 2, 1], "rotation": 90, "texture": "#1"},
				"down": {"uv": [0, 0, 2, 1], "rotation": 90, "texture": "#1"}
			}
		},
		{
			"from": [7.5, -2.66481, 4.66481],
			"to": [8.5, -0.66481, 5.66481],
			"rotation": {"angle": 0, "axis": "y", "origin": [8, 0.5, 9.16481]},
			"faces": {
				"north": {"uv": [0, 0, 2, 1], "rotation": 270, "texture": "#2"},
				"east": {"uv": [0, 0, 1, 2], "rotation": 180, "texture": "#2"},
				"south": {"uv": [0, 0, 2, 1], "rotation": 90, "texture": "#2"},
				"west": {"uv": [0, 0, 1, 2], "texture": "#2"},
				"up": {"uv": [0, 0, 1, 1], "rotation": 90, "texture": "#2"},
				"down": {"uv": [0, 0, 1, 1], "rotation": 90, "texture": "#2"}
			}
		},
		{
			"from": [7.5, -11.66481, 4.66481],
			"to": [8.5, -11.16481, 5.66481],
			"rotation": {"angle": 0, "axis": "y", "origin": [8, 0.5, 9.16481]},
			"faces": {
				"north": {"uv": [0, 0, 0.5, 1], "rotation": 270, "texture": "#1"},
				"east": {"uv": [0, 0, 1, 0.5], "rotation": 180, "texture": "#1"},
				"south": {"uv": [0, 0, 0.5, 1], "rotation": 90, "texture": "#1"},
				"west": {"uv": [0, 0, 1, 0.5], "texture": "#1"},
				"up": {"uv": [0, 0, 1, 1], "rotation": 90, "texture": "#1"},
				"down": {"uv": [0, 0, 1, 1], "rotation": 90, "texture": "#1"}
			}
		},
		{
			"from": [7.75, -11.16481, 4.91481],
			"to": [8.25, -5.66481, 5.41481],
			"rotation": {"angle": 0, "axis": "y", "origin": [8, 0.5, 9.16481]},
			"faces": {
				"north": {"uv": [0, 0, 5.5, 0.5], "rotation": 270, "texture": "#2"},
				"east": {"uv": [0, 0, 0.5, 5.5], "rotation": 180, "texture": "#2"},
				"south": {"uv": [0, 0, 5.5, 0.5], "rotation": 90, "texture": "#2"},
				"west": {"uv": [0, 0, 0.5, 5.5], "texture": "#2"},
				"up": {"uv": [0, 0, 0.5, 0.5], "rotation": 90, "texture": "#2"},
				"down": {"uv": [0, 0, 0.5, 0.5], "rotation": 90, "texture": "#2"}
			}
		},
		{
			"from": [7.5, -4.30972, 1.87966],
			"to": [8.5, -3.30972, 4.87966],
			"rotation": {"angle": 22.5, "axis": "x", "origin": [8, -3.80972, 4.87966]},
			"faces": {
				"north": {"uv": [0, 0, 1, 1], "rotation": 270, "texture": "#1"},
				"east": {"uv": [0, 0, 1, 3], "rotation": 270, "texture": "#1"},
				"south": {"uv": [0, 0, 1, 1], "rotation": 90, "texture": "#1"},
				"west": {"uv": [0, 0, 1, 3], "rotation": 270, "texture": "#1"},
				"up": {"uv": [0, 0, 3, 1], "rotation": 90, "texture": "#1"},
				"down": {"uv": [0, 0, 3, 1], "rotation": 90, "texture": "#1"}
			}
		},
		{
			"from": [7.5, -4.30972, 5.44995],
			"to": [8.5, -3.30972, 8.44995],
			"rotation": {"angle": -22.5, "axis": "x", "origin": [8, -3.80972, 5.44995]},
			"faces": {
				"north": {"uv": [1, 0, 2, 1], "rotation": 270, "texture": "#1"},
				"east": {"uv": [0, 7, 1, 10], "rotation": 270, "texture": "#1"},
				"south": {"uv": [1, 0, 2, 1], "rotation": 90, "texture": "#1"},
				"west": {"uv": [0, 7, 1, 10], "rotation": 270, "texture": "#1"},
				"up": {"uv": [7, 0, 10, 1], "rotation": 90, "texture": "#1"},
				"down": {"uv": [7, 0, 10, 1], "rotation": 90, "texture": "#1"}
			}
		}
	],
	"display": {
		"thirdperson_righthand": {
			"translation": [0, 14.25, 4.25]
		},
		"thirdperson_lefthand": {
			"translation": [0, 14.25, 4.25]
		},
		"firstperson_righthand": {
			"rotation": [-11, -11, 0],
			"translation": [-0.12, 11.95, 2.63],
			"scale": [0.5, 0.5, 0.5]
		},
		"firstperson_lefthand": {
			"rotation": [-11, -11, 0],
			"translation": [-0.12, 11.95, 2.63],
			"scale": [0.5, 0.5, 0.5]
		},
		"ground": {
			"translation": [0, 15.75, 0]
		},
		"gui": {
			"rotation": [90, 45, -90],
			"translation": [3.75, 0.5, 0],
			"scale": [0.7, 0.7, 0.7]
		},
		"fixed": {
			"rotation": [90, 45, -90],
			"translation": [3.75, 0.5, 0],
			"scale": [0.7, 0.7, 0.7]
		}
	},
	"groups": [
		{
			"name": "sword",
			"origin": [8, 8, 8],
			"children": [
				{
					"name": "blade",
					"origin": [8, 8, 8],
					"children": [0, 1, 2]
				},
				{
					"name": "handle",
					"origin": [8, 8, 8],
					"children": [3, 4, 5, 6, 7, 8, 9]
				}
			]
		}
	]
}