{
	"credit": "Made with Blockbench",
	"textures": {
		"0": "32/handle",
		"1": "32/blade",
		"2": "32/darius",
		"particle": "32/handle"
	},
	"elements": [
		{
			"from": [6.5, 2.25, 5],
			"to": [12.5, 2.75, 5],
			"rotation": {"angle": -22.5, "axis": "z", "origin": [13.83929, 6.30357, 4.75]},
			"faces": {
				"north": {"uv": [0, 0, 6, 0.5], "rotation": 180, "texture": "#0"},
				"east": {"uv": [0, 0, 0.5, 0], "rotation": 90, "texture": "#0"},
				"south": {"uv": [0, 0, 6, 0.5], "texture": "#0"},
				"west": {"uv": [0, 0, 0.5, 0], "rotation": 270, "texture": "#0"},
				"up": {"uv": [0, 0, 6, 0], "texture": "#0"},
				"down": {"uv": [0, 0, 6, 0], "rotation": 180, "texture": "#0"}
			}
		},
		{
			"from": [11.5, 2.75, 5],
			"to": [12.5, 3.25, 5],
			"rotation": {"angle": -22.5, "axis": "z", "origin": [13.83929, 6.30357, 4.75]},
			"faces": {
				"north": {"uv": [0, 0, 1, 0.5], "rotation": 180, "texture": "#1"},
				"east": {"uv": [0, 0, 0.5, 0], "rotation": 90, "texture": "#1"},
				"south": {"uv": [0, 0, 1, 0.5], "texture": "#1"},
				"west": {"uv": [0, 0, 0.5, 0], "rotation": 270, "texture": "#1"},
				"up": {"uv": [0, 0, 1, 0], "texture": "#1"},
				"down": {"uv": [0, 0, 1, 0], "rotation": 180, "texture": "#1"}
			}
		},
		{
			"from": [12, 1, 5],
			"to": [12.75, 2.25, 5],
			"rotation": {"angle": -22.5, "axis": "z", "origin": [13.83929, 6.30357, 4.75]},
			"faces": {
				"north": {"uv": [0, 0, 0.75, 1.25], "rotation": 180, "texture": "#1"},
				"east": {"uv": [0, 0, 1.25, 0], "rotation": 90, "texture": "#1"},
				"south": {"uv": [0, 0, 0.75, 1.25], "texture": "#1"},
				"west": {"uv": [0, 0, 1.25, 0], "rotation": 270, "texture": "#1"},
				"up": {"uv": [0, 0, 0.75, 0], "texture": "#1"},
				"down": {"uv": [0, 0, 0.75, 0], "rotation": 180, "texture": "#1"}
			}
		},
		{
			"from": [11.75, 0, 5],
			"to": [12.5, 1, 5],
			"rotation": {"angle": -22.5, "axis": "z", "origin": [13.83929, 6.30357, 4.75]},
			"faces": {
				"north": {"uv": [0, 0, 0.75, 1], "rotation": 180, "texture": "#1"},
				"east": {"uv": [0, 0, 1, 0], "rotation": 90, "texture": "#1"},
				"south": {"uv": [0, 0, 0.75, 1], "texture": "#1"},
				"west": {"uv": [0, 0, 1, 0], "rotation": 270, "texture": "#1"},
				"up": {"uv": [0, 0, 0.75, 0], "texture": "#1"},
				"down": {"uv": [0, 0, 0.75, 0], "rotation": 180, "texture": "#1"}
			}
		},
		{
			"from": [9.5, 3.25, 5],
			"to": [12.5, 3.75, 5],
			"rotation": {"angle": -22.5, "axis": "z", "origin": [13.83929, 6.30357, 4.75]},
			"faces": {
				"north": {"uv": [0, 0, 3, 0.5], "rotation": 180, "texture": "#1"},
				"east": {"uv": [0, 0, 0.5, 0], "rotation": 90, "texture": "#1"},
				"south": {"uv": [0, 0, 3, 0.5], "texture": "#1"},
				"west": {"uv": [0, 0, 0.5, 0], "rotation": 270, "texture": "#1"},
				"up": {"uv": [0, 0, 3, 0], "texture": "#1"},
				"down": {"uv": [0, 0, 3, 0], "rotation": 180, "texture": "#1"}
			}
		},
		{
			"from": [9.5, 3.75, 5],
			"to": [12.5, 4.25, 5],
			"rotation": {"angle": -22.5, "axis": "z", "origin": [13.83929, 6.30357, 4.75]},
			"faces": {
				"north": {"uv": [0, 0, 3, 0.5], "rotation": 180, "texture": "#1"},
				"east": {"uv": [0, 0, 0.5, 0], "rotation": 90, "texture": "#1"},
				"south": {"uv": [0, 0, 3, 0.5], "texture": "#1"},
				"west": {"uv": [0, 0, 0.5, 0], "rotation": 270, "texture": "#1"},
				"up": {"uv": [0, 0, 3, 0], "texture": "#1"},
				"down": {"uv": [0, 0, 3, 0], "rotation": 180, "texture": "#1"}
			}
		},
		{
			"from": [10.25, 4.25, 5],
			"to": [12.5, 4.75, 5],
			"rotation": {"angle": -22.5, "axis": "z", "origin": [13.83929, 6.30357, 4.75]},
			"faces": {
				"north": {"uv": [0, 0, 2.25, 0.5], "rotation": 180, "texture": "#1"},
				"east": {"uv": [0, 0, 0.5, 0], "rotation": 90, "texture": "#1"},
				"south": {"uv": [0, 0, 2.25, 0.5], "texture": "#1"},
				"west": {"uv": [0, 0, 0.5, 0], "rotation": 270, "texture": "#1"},
				"up": {"uv": [0, 0, 2.25, 0], "texture": "#1"},
				"down": {"uv": [0, 0, 2.25, 0], "rotation": 180, "texture": "#1"}
			}
		},
		{
			"from": [6.25, 2.5, 5.25],
			"to": [8.25, 4.5, 5.25],
			"rotation": {"angle": -22.5, "axis": "z", "origin": [7, 3.5, 5.25]},
			"faces": {
				"north": {"uv": [0, 0, 2, 2], "rotation": 180, "texture": "#2"},
				"east": {"uv": [0, 0, 2, 0], "rotation": 90, "texture": "#2"},
				"south": {"uv": [0, 0, 2, 2], "texture": "#2"},
				"west": {"uv": [0, 0, 2, 0], "rotation": 270, "texture": "#2"},
				"up": {"uv": [0, 0, 2, 0], "texture": "#2"},
				"down": {"uv": [0, 0, 2, 0], "rotation": 180, "texture": "#2"}
			}
		},
		{
			"from": [6.5, 0.5, 5.25],
			"to": [7.5, 2.5, 5.25],
			"rotation": {"angle": 0, "axis": "y", "origin": [0, -6.5, 5.25]},
			"faces": {
				"north": {"uv": [0, 0, 1, 2], "rotation": 180, "texture": "#2"},
				"east": {"uv": [0, 0, 2, 0], "rotation": 90, "texture": "#2"},
				"south": {"uv": [0, 0, 1, 2], "texture": "#2"},
				"west": {"uv": [0, 0, 2, 0], "rotation": 270, "texture": "#2"},
				"up": {"uv": [0, 0, 1, 0], "texture": "#2"},
				"down": {"uv": [0, 0, 1, 0], "rotation": 180, "texture": "#2"}
			}
		},
		{
			"from": [7, -1.5, 5.25],
			"to": [8, 0.5, 5.25],
			"rotation": {"angle": 22.5, "axis": "z", "origin": [7, -0.5, 4.75]},
			"faces": {
				"north": {"uv": [0, 0, 1, 2], "rotation": 180, "texture": "#2"},
				"east": {"uv": [0, 0, 2, 0], "rotation": 90, "texture": "#2"},
				"south": {"uv": [0, 0, 1, 2], "texture": "#2"},
				"west": {"uv": [0, 0, 2, 0], "rotation": 270, "texture": "#2"},
				"up": {"uv": [0, 0, 1, 0], "texture": "#2"},
				"down": {"uv": [0, 0, 1, 0], "rotation": 180, "texture": "#2"}
			}
		},
		{
			"from": [7.75, -1.5, 5.5],
			"to": [8.75, 0.5, 5.5],
			"rotation": {"angle": 45, "axis": "z", "origin": [7, -0.5, 4.75]},
			"faces": {
				"north": {"uv": [0, 0, 1, 2], "rotation": 180, "texture": "#2"},
				"east": {"uv": [0, 0, 2, 0], "rotation": 90, "texture": "#2"},
				"south": {"uv": [0, 0, 1, 2], "texture": "#2"},
				"west": {"uv": [0, 0, 2, 0], "rotation": 270, "texture": "#2"},
				"up": {"uv": [0, 0, 1, 0], "texture": "#2"},
				"down": {"uv": [0, 0, 1, 0], "rotation": 180, "texture": "#2"}
			}
		},
		{
			"from": [7.72625, 1.91478, 5],
			"to": [8.72625, 5.91478, 5],
			"rotation": {"angle": -45, "axis": "z", "origin": [7.22625, 3.91478, 4.75]},
			"faces": {
				"north": {"uv": [0, 0, 4, 1], "rotation": 270, "texture": "#2"},
				"east": {"uv": [0, 0, 4, 0], "rotation": 90, "texture": "#2"},
				"south": {"uv": [0, 0, 4, 1], "rotation": 270, "texture": "#2"},
				"west": {"uv": [0, 0, 4, 0], "rotation": 270, "texture": "#2"},
				"up": {"uv": [0, 0, 1, 0], "texture": "#2"},
				"down": {"uv": [0, 0, 1, 0], "rotation": 180, "texture": "#2"}
			}
		},
		{
			"from": [5.97625, 1.66478, 5.5],
			"to": [9.47625, 2.66478, 5.5],
			"rotation": {"angle": 22.5, "axis": "z", "origin": [7.22625, 3.91478, 4.75]},
			"faces": {
				"north": {"uv": [0, 0, 3.5, 1], "rotation": 180, "texture": "#2"},
				"east": {"uv": [0, 0, 1, 0], "rotation": 90, "texture": "#2"},
				"south": {"uv": [0, 0, 3.5, 1], "texture": "#2"},
				"west": {"uv": [0, 0, 1, 0], "rotation": 270, "texture": "#2"},
				"up": {"uv": [0, 0, 3.5, 0], "texture": "#2"},
				"down": {"uv": [0, 0, 3.5, 0], "rotation": 180, "texture": "#2"}
			}
		}
	],
	"display": {
		"thirdperson_righthand": {
			"translation": [0, 3.75, 2.25]
		},
		"thirdperson_lefthand": {
			"translation": [0, 3.75, 2.25]
		},
		"firstperson_righthand": {
			"translation": [0, 9, 4.5]
		},
		"firstperson_lefthand": {
			"translation": [0, 9, 4.5],
			"scale": [-1, 1, 1]
		},
		"ground": {
			"translation": [0, 7.5, 0]
		},
		"gui": {
			"translation": [0, 11.75, 4.5],
			"scale": [2, 2, 2]
		},
		"fixed": {
			"translation": [0, 12, 4.5],
			"scale": [2, 2, 2]
		}
	},
	"groups": [
		{
			"name": "guillotine",
			"origin": [8, 8, 8],
			"children": [
				{
					"name": "axe",
					"origin": [8, 8, 8],
					"children": [0, 1, 2, 3, 4, 5, 6]
				},
				{
					"name": "Darius",
					"origin": [8, 8, 8],
					"children": [7, 8, 9, 10, 11, 12]
				}
			]
		}
	]
}