{
	"credit": "Made with Blockbench",
	"textures": {
		"1": "12/handle",
		"2": "12/blade",
		"particle": "12/blade"
	},
	"elements": [
		{
			"from": [7, -3.75, 5.75],
			"to": [8, 1.25, 6.75],
			"rotation": {"angle": 0, "axis": "y", "origin": [7.5, 0.5, 7.25]},
			"faces": {
				"north": {"uv": [0, 0, 5, 1], "rotation": 90, "texture": "#1"},
				"east": {"uv": [0, 0, 1, 5], "texture": "#1"},
				"south": {"uv": [0, 0, 5, 1], "rotation": 270, "texture": "#1"},
				"west": {"uv": [0, 0, 1, 5], "rotation": 180, "texture": "#1"},
				"up": {"uv": [0, 0, 1, 1], "rotation": 270, "texture": "#1"},
				"down": {"uv": [0, 0, 1, 1], "rotation": 270, "texture": "#1"}
			}
		},
		{
			"from": [7, 1.25, 5],
			"to": [8, 13.25, 7.5],
			"rotation": {"angle": 0, "axis": "y", "origin": [7.5, 0.5, 7.25]},
			"faces": {
				"north": {"uv": [0, 0, 12, 1], "rotation": 90, "texture": "#2"},
				"east": {"uv": [0, 0, 2.5, 12], "texture": "#2"},
				"south": {"uv": [0, 0, 12, 1], "rotation": 270, "texture": "#2"},
				"west": {"uv": [0, 0, 2.5, 12], "rotation": 180, "texture": "#2"},
				"up": {"uv": [0, 0, 2.5, 1], "rotation": 270, "texture": "#2"},
				"down": {"uv": [0, 0, 2.5, 1], "rotation": 270, "texture": "#2"}
			}
		},
		{
			"from": [7, -5.25, 5.5],
			"to": [8, -3.75, 7],
			"rotation": {"angle": 0, "axis": "y", "origin": [7.5, 0.5, 7.25]},
			"faces": {
				"north": {"uv": [0, 0, 1.5, 1], "rotation": 90, "texture": "#2"},
				"east": {"uv": [0, 0, 1.5, 1.5], "texture": "#2"},
				"south": {"uv": [0, 0, 1.5, 1], "rotation": 270, "texture": "#2"},
				"west": {"uv": [0, 0, 1.5, 1.5], "rotation": 180, "texture": "#2"},
				"up": {"uv": [0, 0, 1.5, 1], "rotation": 270, "texture": "#2"},
				"down": {"uv": [0, 0, 1.5, 1], "rotation": 270, "texture": "#2"}
			}
		}
	],
	"display": {
		"thirdperson_righthand": {
			"rotation": [11, 0, 0],
			"translation": [0.25, 8.5, 5],
			"scale": [1.19, 1.2, 1.2]
		},
		"thirdperson_lefthand": {
			"rotation": [11, 0, 0],
			"translation": [-0.75, 8.5, 5],
			"scale": [1.19, 1.2, 1.2]
		},
		"firstperson_righthand": {
			"rotation": [5, 0, 0],
			"translation": [3.25, 8.75, 0]
		},
		"firstperson_lefthand": {
			"rotation": [5, 0, 0],
			"translation": [3.25, 8.75, 0]
		},
		"ground": {
			"rotation": [81, 0, 0],
			"translation": [2.25, -2, 1.25]
		},
		"gui": {
			"rotation": [62, -37, 77],
			"translation": [-3.5, 1.25, 0]
		},
		"fixed": {
			"rotation": [62, -37, 77],
			"translation": [-4.25, 2.75, -1]
		}
	},
	"groups": [
		{
			"name": "lightsaber",
			"origin": [8, 8, 8],
			"children": [0,
				{
					"name": "blade",
					"origin": [0, 0, 0],
					"children": [1]
				},
				{
					"name": "end",
					"origin": [0, 0, 0],
					"children": [2]
				}
			]
		}
	]
}