{
	"credit": "Made with Blockbench",
	"textures": {
		"0": "66/handle",
		"1": "66/iceblade",
		"particle": "66/handle"
	},
	"elements": [
		{
			"from": [7.25, -16, 12.5],
			"to": [8.25, 12, 13.5],
			"rotation": {"angle": 0, "axis": "x", "origin": [7.75, 15.19792, 4.07292]},
			"faces": {
				"north": {"uv": [0, 0, 16, 0.5], "rotation": 90, "texture": "#0"},
				"east": {"uv": [0, 0, 0.5, 16], "texture": "#0"},
				"south": {"uv": [0, 0, 16, 0.5], "rotation": 270, "texture": "#0"},
				"west": {"uv": [0, 0, 0.5, 16], "rotation": 180, "texture": "#0"},
				"up": {"uv": [0, 0, 0.5, 0.5], "rotation": 270, "texture": "#0"},
				"down": {"uv": [0, 0, 0.5, 0.5], "rotation": 270, "texture": "#0"}
			}
		},
		{
			"from": [7, 12, 12.25],
			"to": [8.5, 21, 13.75],
			"rotation": {"angle": 0, "axis": "x", "origin": [7.75, 15.19792, 4.07292]},
			"faces": {
				"north": {"uv": [0, 0, 9, 1.5], "rotation": 90, "texture": "#0"},
				"east": {"uv": [0, 0, 1.5, 9], "texture": "#0"},
				"south": {"uv": [0, 0, 9, 1.5], "rotation": 270, "texture": "#0"},
				"west": {"uv": [0, 0, 1.5, 9], "rotation": 180, "texture": "#0"},
				"up": {"uv": [0, 0, 1.5, 1.5], "rotation": 270, "texture": "#0"},
				"down": {"uv": [0, 0, 1.5, 1.5], "rotation": 270, "texture": "#0"}
			}
		},
		{
			"from": [7.5, 16.25, 11.75],
			"to": [8, 20.75, 12.25],
			"rotation": {"angle": 0, "axis": "x", "origin": [7.75, 15.19792, 4.07292]},
			"faces": {
				"north": {"uv": [0, 0, 4.5, 0.5], "rotation": 90, "texture": "#1"},
				"east": {"uv": [0, 0, 0.5, 4.5], "texture": "#1"},
				"south": {"uv": [0, 0, 4.5, 0.5], "rotation": 270, "texture": "#1"},
				"west": {"uv": [0, 0, 0.5, 4.5], "rotation": 180, "texture": "#1"},
				"up": {"uv": [0, 0, 0.5, 0.5], "rotation": 270, "texture": "#1"},
				"down": {"uv": [0, 0, 0.5, 0.5], "rotation": 270, "texture": "#1"}
			}
		},
		{
			"from": [7.5, 18.25, 13.75],
			"to": [8, 20.75, 16.25],
			"rotation": {"angle": 0, "axis": "x", "origin": [7.75, 15.19792, 4.07292]},
			"faces": {
				"north": {"uv": [0, 0, 2.5, 0.5], "rotation": 90, "texture": "#1"},
				"east": {"uv": [0, 0, 2.5, 2.5], "texture": "#1"},
				"south": {"uv": [0, 0, 2.5, 0.5], "rotation": 270, "texture": "#1"},
				"west": {"uv": [0, 0, 2.5, 2.5], "rotation": 180, "texture": "#1"},
				"up": {"uv": [0, 0, 2.5, 0.5], "rotation": 270, "texture": "#1"},
				"down": {"uv": [0, 0, 2.5, 0.5], "rotation": 270, "texture": "#1"}
			}
		},
		{
			"from": [7.5, 18, 16.25],
			"to": [8, 20.75, 17.5],
			"rotation": {"angle": 0, "axis": "x", "origin": [7.75, 15.19792, 4.07292]},
			"faces": {
				"north": {"uv": [0, 0, 2.75, 0.5], "rotation": 90, "texture": "#1"},
				"east": {"uv": [0, 0, 1.25, 2.75], "texture": "#1"},
				"south": {"uv": [0, 0, 2.75, 0.5], "rotation": 270, "texture": "#1"},
				"west": {"uv": [0, 0, 1.25, 2.75], "rotation": 180, "texture": "#1"},
				"up": {"uv": [0, 0, 1.25, 0.5], "rotation": 270, "texture": "#1"},
				"down": {"uv": [0, 0, 1.25, 0.5], "rotation": 270, "texture": "#1"}
			}
		},
		{
			"from": [7.5, 15.75, 11],
			"to": [8, 20.75, 11.75],
			"rotation": {"angle": 0, "axis": "x", "origin": [7.75, 15.19792, 4.07292]},
			"faces": {
				"north": {"uv": [0, 0, 5, 0.5], "rotation": 90, "texture": "#1"},
				"east": {"uv": [0, 0, 0.75, 5], "texture": "#1"},
				"south": {"uv": [0, 0, 5, 0.5], "rotation": 270, "texture": "#1"},
				"west": {"uv": [0, 0, 0.75, 5], "rotation": 180, "texture": "#1"},
				"up": {"uv": [0, 0, 0.75, 0.5], "rotation": 270, "texture": "#1"},
				"down": {"uv": [0, 0, 0.75, 0.5], "rotation": 270, "texture": "#1"}
			}
		},
		{
			"from": [7.5, 15.25, 10.25],
			"to": [8, 20.75, 11],
			"rotation": {"angle": 0, "axis": "x", "origin": [7.75, 15.19792, 4.07292]},
			"faces": {
				"north": {"uv": [0, 0, 5.5, 0.5], "rotation": 90, "texture": "#1"},
				"east": {"uv": [0, 0, 0.75, 5.5], "texture": "#1"},
				"south": {"uv": [0, 0, 5.5, 0.5], "rotation": 270, "texture": "#1"},
				"west": {"uv": [0, 0, 0.75, 5.5], "rotation": 180, "texture": "#1"},
				"up": {"uv": [0, 0, 0.75, 0.5], "rotation": 270, "texture": "#1"},
				"down": {"uv": [0, 0, 0.75, 0.5], "rotation": 270, "texture": "#1"}
			}
		},
		{
			"from": [7.5, 14.25, 5.75],
			"to": [8, 20.75, 10.25],
			"rotation": {"angle": 0, "axis": "x", "origin": [7.75, 15.19792, 4.07292]},
			"faces": {
				"north": {"uv": [0, 0, 6.5, 0.5], "rotation": 90, "texture": "#1"},
				"east": {"uv": [0, 0, 4.5, 6.5], "texture": "#1"},
				"south": {"uv": [0, 0, 6.5, 0.5], "rotation": 270, "texture": "#1"},
				"west": {"uv": [0, 0, 4.5, 6.5], "rotation": 180, "texture": "#1"},
				"up": {"uv": [0, 0, 4.5, 0.5], "rotation": 270, "texture": "#1"},
				"down": {"uv": [0, 0, 4.5, 0.5], "rotation": 270, "texture": "#1"}
			}
		},
		{
			"from": [7.5, 14, 1.25],
			"to": [8, 20.5, 5.75],
			"rotation": {"angle": 0, "axis": "x", "origin": [7.75, 15.19792, 4.07292]},
			"faces": {
				"north": {"uv": [0, 0, 6.5, 0.5], "rotation": 90, "texture": "#1"},
				"east": {"uv": [0, 0, 4.5, 6.5], "texture": "#1"},
				"south": {"uv": [0, 0, 6.5, 0.5], "rotation": 270, "texture": "#1"},
				"west": {"uv": [0, 0, 4.5, 6.5], "rotation": 180, "texture": "#1"},
				"up": {"uv": [0, 0, 4.5, 0.5], "rotation": 270, "texture": "#1"},
				"down": {"uv": [0, 0, 4.5, 0.5], "rotation": 270, "texture": "#1"}
			}
		},
		{
			"from": [7.5, 13.75, -3.25],
			"to": [8, 20.25, 1.25],
			"rotation": {"angle": 0, "axis": "x", "origin": [7.75, 15.19792, 4.07292]},
			"faces": {
				"north": {"uv": [0, 0, 6.5, 0.5], "rotation": 90, "texture": "#1"},
				"east": {"uv": [0, 0, 4.5, 6.5], "texture": "#1"},
				"south": {"uv": [0, 0, 6.5, 0.5], "rotation": 270, "texture": "#1"},
				"west": {"uv": [0, 0, 4.5, 6.5], "rotation": 180, "texture": "#1"},
				"up": {"uv": [0, 0, 4.5, 0.5], "rotation": 270, "texture": "#1"},
				"down": {"uv": [0, 0, 4.5, 0.5], "rotation": 270, "texture": "#1"}
			}
		},
		{
			"from": [7.5, 13, -6.5],
			"to": [8, 19.5, -3.25],
			"rotation": {"angle": 0, "axis": "x", "origin": [7.75, 15.19792, 4.07292]},
			"faces": {
				"north": {"uv": [0, 0, 6.5, 0.5], "rotation": 90, "texture": "#1"},
				"east": {"uv": [0, 0, 3.25, 6.5], "texture": "#1"},
				"south": {"uv": [0, 0, 6.5, 0.5], "rotation": 270, "texture": "#1"},
				"west": {"uv": [0, 0, 3.25, 6.5], "rotation": 180, "texture": "#1"},
				"up": {"uv": [0, 0, 3.25, 0.5], "rotation": 270, "texture": "#1"},
				"down": {"uv": [0, 0, 3.25, 0.5], "rotation": 270, "texture": "#1"}
			}
		},
		{
			"from": [7.5, 12.5, -9.25],
			"to": [8, 18.5, -6.5],
			"rotation": {"angle": 0, "axis": "x", "origin": [7.75, 15.19792, 4.07292]},
			"faces": {
				"north": {"uv": [0, 0, 6, 0.5], "rotation": 90, "texture": "#1"},
				"east": {"uv": [0, 0, 2.75, 6], "texture": "#1"},
				"south": {"uv": [0, 0, 6, 0.5], "rotation": 270, "texture": "#1"},
				"west": {"uv": [0, 0, 2.75, 6], "rotation": 180, "texture": "#1"},
				"up": {"uv": [0, 0, 2.75, 0.5], "rotation": 270, "texture": "#1"},
				"down": {"uv": [0, 0, 2.75, 0.5], "rotation": 270, "texture": "#1"}
			}
		},
		{
			"from": [7.5, 11.75, -10.5],
			"to": [8, 17.25, -9.25],
			"rotation": {"angle": 0, "axis": "x", "origin": [7.75, 15.19792, 4.07292]},
			"faces": {
				"north": {"uv": [0, 0, 5.5, 0.5], "rotation": 90, "texture": "#1"},
				"east": {"uv": [0, 0, 1.25, 5.5], "texture": "#1"},
				"south": {"uv": [0, 0, 5.5, 0.5], "rotation": 270, "texture": "#1"},
				"west": {"uv": [0, 0, 1.25, 5.5], "rotation": 180, "texture": "#1"},
				"up": {"uv": [0, 0, 1.25, 0.5], "rotation": 270, "texture": "#1"},
				"down": {"uv": [0, 0, 1.25, 0.5], "rotation": 270, "texture": "#1"}
			}
		},
		{
			"from": [7.5, 11, -11.75],
			"to": [8, 15.5, -10.5],
			"rotation": {"angle": 0, "axis": "x", "origin": [7.75, 15.19792, 4.07292]},
			"faces": {
				"north": {"uv": [0, 0, 4.5, 0.5], "rotation": 90, "texture": "#1"},
				"east": {"uv": [0, 0, 1.25, 4.5], "texture": "#1"},
				"south": {"uv": [0, 0, 4.5, 0.5], "rotation": 270, "texture": "#1"},
				"west": {"uv": [0, 0, 1.25, 4.5], "rotation": 180, "texture": "#1"},
				"up": {"uv": [0, 0, 1.25, 0.5], "rotation": 270, "texture": "#1"},
				"down": {"uv": [0, 0, 1.25, 0.5], "rotation": 270, "texture": "#1"}
			}
		},
		{
			"from": [7.5, 10.75, -13],
			"to": [8, 13.25, -11.75],
			"rotation": {"angle": 0, "axis": "x", "origin": [7.75, 15.19792, 4.07292]},
			"faces": {
				"north": {"uv": [0, 0, 2.5, 0.5], "rotation": 90, "texture": "#1"},
				"east": {"uv": [0, 0, 1.25, 2.5], "texture": "#1"},
				"south": {"uv": [0, 0, 2.5, 0.5], "rotation": 270, "texture": "#1"},
				"west": {"uv": [0, 0, 1.25, 2.5], "rotation": 180, "texture": "#1"},
				"up": {"uv": [0, 0, 1.25, 0.5], "rotation": 270, "texture": "#1"},
				"down": {"uv": [0, 0, 1.25, 0.5], "rotation": 270, "texture": "#1"}
			}
		}
	],
	"display": {
		"thirdperson_righthand": {
			"rotation": [25, 0, 0],
			"translation": [0.25, 6, -0.25]
		},
		"thirdperson_lefthand": {
			"rotation": [25, 0, 0],
			"translation": [0, 6, -0.25]
		},
		"firstperson_righthand": {
			"rotation": [-19, -6, 0],
			"translation": [0.75, 5.25, 1.25],
			"scale": [0.5, 0.5, 0.5]
		},
		"firstperson_lefthand": {
			"rotation": [-19, -6, 0],
			"translation": [0.75, 5.25, 1.25],
			"scale": [0.5, 0.5, 0.5]
		},
		"ground": {
			"translation": [0, 20.5, 0]
		},
		"gui": {
			"rotation": [90, -37, 90],
			"translation": [-0.75, -0.25, 0],
			"scale": [0.4, 0.4, 0.4]
		},
		"fixed": {
			"rotation": [90, -37, 90],
			"translation": [-1.5, -0.5, 0],
			"scale": [0.45, 0.45, 0.45]
		}
	},
	"groups": [
		{
			"name": "scythe",
			"origin": [8, 8, 8],
			"children": [
				{
					"name": "handle",
					"origin": [8, 8, 8],
					"children": [0, 1]
				},
				{
					"name": "blade",
					"origin": [8, 8, 8],
					"children": [2, 3, 4, 5, 6, 7, 8, 9, 10, 11, 12, 13, 14]
				}
			]
		}
	]
}