{
	"credit": "Made with Blockbench",
	"textures": {
		"0": "52/fist",
		"1": "52/plating",
		"2": "52/spikes",
		"3": "52/fingers",
		"4": "52/metal",
		"particle": "52/fist"
	},
	"elements": [
		{
			"from": [4.75, 1.73783, 3.63636],
			"to": [10.5, 5.73783, 8.13636],
			"rotation": {"angle": 0, "axis": "x", "origin": [7.82955, 4.6871, 5.94927]},
			"faces": {
				"north": {"uv": [0, 0, 0.75, 3], "rotation": 180, "texture": "#0"},
				"east": {"uv": [0, 0, 3, 1], "rotation": 90, "texture": "#0"},
				"south": {"uv": [0, 0, 0.75, 3], "texture": "#0"},
				"west": {"uv": [0, 0, 3, 1], "rotation": 270, "texture": "#0"},
				"up": {"uv": [0, 0, 0.75, 1], "texture": "#0"},
				"down": {"uv": [0, 0, 0.75, 1], "rotation": 180, "texture": "#0"}
			}
		},
		{
			"from": [9.25, 5.11283, 3.76136],
			"to": [10.5, 6.11283, 9.51136],
			"rotation": {"angle": 0, "axis": "x", "origin": [7.82955, 4.6871, 5.94927]},
			"faces": {
				"north": {"uv": [0, 0, 0.75, 1], "texture": "#0"},
				"east": {"uv": [0, 0, 2.75, 1], "texture": "#0"},
				"south": {"uv": [0, 0, 0.75, 1], "texture": "#0"},
				"west": {"uv": [0, 0, 2.75, 1], "texture": "#0"},
				"up": {"uv": [0, 0, 0.75, 2.75], "texture": "#0"},
				"down": {"uv": [0, 0, 0.75, 2.75], "texture": "#0"}
			}
		},
		{
			"from": [6.25, 5.11283, 3.76136],
			"to": [7.5, 6.11283, 9.51136],
			"rotation": {"angle": 0, "axis": "x", "origin": [7.82955, 4.6871, 5.94927]},
			"faces": {
				"north": {"uv": [0, 0, 0.75, 1], "texture": "#0"},
				"east": {"uv": [0, 0, 2.75, 1], "texture": "#0"},
				"south": {"uv": [0, 0, 0.75, 1], "texture": "#0"},
				"west": {"uv": [0, 0, 2.75, 1], "texture": "#0"},
				"up": {"uv": [0, 0, 0.75, 2.75], "texture": "#0"},
				"down": {"uv": [0, 0, 0.75, 2.75], "texture": "#0"}
			}
		},
		{
			"from": [4.75, 5.11283, 3.76136],
			"to": [6, 6.11283, 9.26136],
			"rotation": {"angle": 0, "axis": "x", "origin": [7.82955, 4.6871, 5.94927]},
			"faces": {
				"north": {"uv": [0, 0, 0.75, 1], "texture": "#0"},
				"east": {"uv": [0, 0, 2.5, 1], "texture": "#0"},
				"south": {"uv": [0, 0, 0.75, 1], "texture": "#0"},
				"west": {"uv": [0, 0, 2.5, 1], "texture": "#0"},
				"up": {"uv": [0, 0, 0.75, 2.5], "texture": "#0"},
				"down": {"uv": [0, 0, 0.75, 2.5], "texture": "#0"}
			}
		},
		{
			"from": [4.75, 3.36283, 8.51136],
			"to": [6, 5.86283, 9.51136],
			"rotation": {"angle": 0, "axis": "x", "origin": [5.375, 4.61283, 9.01136]},
			"faces": {
				"north": {"uv": [0, 0, 0.75, 2.5], "rotation": 180, "texture": "#3"},
				"east": {"uv": [0, 0, 2.5, 1], "rotation": 270, "texture": "#3"},
				"south": {"uv": [0, 0, 0.75, 2.5], "texture": "#3"},
				"west": {"uv": [0, 0, 2.5, 1], "rotation": 90, "texture": "#3"},
				"up": {"uv": [0, 0, 0.75, 1], "rotation": 180, "texture": "#3"},
				"down": {"uv": [0, 0, 0.75, 1], "texture": "#3"}
			}
		},
		{
			"from": [4.75, 3.11283, 8.01136],
			"to": [6, 4.11283, 9.51136],
			"rotation": {"angle": 0, "axis": "x", "origin": [5.375, 4.61283, 9.01136]},
			"faces": {
				"north": {"uv": [0, 0, 0.75, 1], "rotation": 180, "texture": "#3"},
				"east": {"uv": [0, 0, 2.5, 1], "rotation": 180, "texture": "#3"},
				"south": {"uv": [0, 0, 0.75, 1], "rotation": 180, "texture": "#3"},
				"west": {"uv": [0, 0, 2.5, 1], "rotation": 180, "texture": "#3"},
				"up": {"uv": [0, 0, 0.75, 2.5], "texture": "#3"},
				"down": {"uv": [0, 0, 0.75, 2.5], "texture": "#3"}
			}
		},
		{
			"from": [6.25, 2.86283, 8.01136],
			"to": [7.5, 3.86283, 9.51136],
			"rotation": {"angle": 0, "axis": "x", "origin": [5.375, 4.61283, 9.01136]},
			"faces": {
				"north": {"uv": [0, 0, 0.75, 1], "rotation": 180, "texture": "#3"},
				"east": {"uv": [0, 0, 2.5, 1], "rotation": 180, "texture": "#3"},
				"south": {"uv": [0, 0, 0.75, 1], "rotation": 180, "texture": "#3"},
				"west": {"uv": [0, 0, 2.5, 1], "rotation": 180, "texture": "#3"},
				"up": {"uv": [0, 0, 0.75, 2.5], "texture": "#3"},
				"down": {"uv": [0, 0, 0.75, 2.5], "texture": "#3"}
			}
		},
		{
			"from": [7.75, 2.61283, 8.01136],
			"to": [9, 3.61283, 9.51136],
			"rotation": {"angle": 0, "axis": "x", "origin": [5.375, 4.61283, 9.01136]},
			"faces": {
				"north": {"uv": [0, 0, 0.75, 1], "rotation": 180, "texture": "#3"},
				"east": {"uv": [0, 0, 2.5, 1], "rotation": 180, "texture": "#3"},
				"south": {"uv": [0, 0, 0.75, 1], "rotation": 180, "texture": "#3"},
				"west": {"uv": [0, 0, 2.5, 1], "rotation": 180, "texture": "#3"},
				"up": {"uv": [0, 0, 0.75, 2.5], "texture": "#3"},
				"down": {"uv": [0, 0, 0.75, 2.5], "texture": "#3"}
			}
		},
		{
			"from": [9.25, 3.36283, 8.01136],
			"to": [10.5, 4.36283, 9.51136],
			"rotation": {"angle": 0, "axis": "x", "origin": [5.375, 4.61283, 9.01136]},
			"faces": {
				"north": {"uv": [0, 0, 0.75, 1], "rotation": 180, "texture": "#3"},
				"east": {"uv": [0, 0, 2.5, 1], "rotation": 180, "texture": "#3"},
				"south": {"uv": [0, 0, 0.75, 1], "rotation": 180, "texture": "#3"},
				"west": {"uv": [0, 0, 2.5, 1], "rotation": 180, "texture": "#3"},
				"up": {"uv": [0, 0, 0.75, 2.5], "texture": "#3"},
				"down": {"uv": [0, 0, 0.75, 2.5], "texture": "#3"}
			}
		},
		{
			"from": [6.25, 2.86283, 8.76136],
			"to": [7.5, 5.86283, 9.76136],
			"rotation": {"angle": 0, "axis": "x", "origin": [5.375, 5.61283, 12.51136]},
			"faces": {
				"north": {"uv": [0, 0, 0.75, 2.5], "rotation": 180, "texture": "#3"},
				"east": {"uv": [0, 0, 2.5, 1], "rotation": 270, "texture": "#3"},
				"south": {"uv": [0, 0, 0.75, 2.5], "texture": "#3"},
				"west": {"uv": [0, 0, 2.5, 1], "rotation": 90, "texture": "#3"},
				"up": {"uv": [0, 0, 0.75, 1], "rotation": 180, "texture": "#3"},
				"down": {"uv": [0, 0, 0.75, 1], "texture": "#3"}
			}
		},
		{
			"from": [6.25, 2.86283, 8.76136],
			"to": [7.5, 5.86283, 9.76136],
			"rotation": {"angle": 0, "axis": "x", "origin": [5.375, 5.61283, 12.51136]},
			"color": 5,
			"faces": {
				"north": {"uv": [0, 0, 0.75, 2.5], "rotation": 180, "texture": "#missing"},
				"east": {"uv": [0, 0, 2.5, 1], "rotation": 270, "texture": "#missing"},
				"south": {"uv": [0, 0, 0.75, 2.5], "texture": "#missing"},
				"west": {"uv": [0, 0, 2.5, 1], "rotation": 90, "texture": "#missing"},
				"up": {"uv": [0, 0, 0.75, 1], "rotation": 180, "texture": "#missing"},
				"down": {"uv": [0, 0, 0.75, 1], "texture": "#missing"}
			}
		},
		{
			"from": [7.75, 2.61283, 9.01136],
			"to": [9, 5.86283, 10.01136],
			"rotation": {"angle": 0, "axis": "x", "origin": [5.375, 5.61283, 12.51136]},
			"faces": {
				"north": {"uv": [0, 0, 0.75, 2.5], "rotation": 180, "texture": "#3"},
				"east": {"uv": [0, 0, 2.5, 1], "rotation": 270, "texture": "#3"},
				"south": {"uv": [0, 0, 0.75, 2.5], "texture": "#3"},
				"west": {"uv": [0, 0, 2.5, 1], "rotation": 90, "texture": "#3"},
				"up": {"uv": [0, 0, 0.75, 1], "rotation": 180, "texture": "#3"},
				"down": {"uv": [0, 0, 0.75, 1], "texture": "#3"}
			}
		},
		{
			"from": [9.25, 3.36283, 9.01136],
			"to": [10.5, 5.86283, 10.01136],
			"rotation": {"angle": 0, "axis": "x", "origin": [5.375, 5.61283, 12.51136]},
			"faces": {
				"north": {"uv": [0, 0, 0.75, 2.5], "rotation": 180, "texture": "#3"},
				"east": {"uv": [0, 0, 2.5, 1], "rotation": 270, "texture": "#3"},
				"south": {"uv": [0, 0, 0.75, 2.5], "texture": "#3"},
				"west": {"uv": [0, 0, 2.5, 1], "rotation": 90, "texture": "#3"},
				"up": {"uv": [0, 0, 0.75, 1], "rotation": 180, "texture": "#3"},
				"down": {"uv": [0, 0, 0.75, 1], "texture": "#3"}
			}
		},
		{
			"from": [7.75, 5.11283, 3.76136],
			"to": [9, 6.11283, 9.76136],
			"rotation": {"angle": 0, "axis": "x", "origin": [7.82955, 4.6871, 5.94927]},
			"faces": {
				"north": {"uv": [0, 0, 0.75, 1], "texture": "#0"},
				"east": {"uv": [0, 0, 3, 1], "texture": "#0"},
				"south": {"uv": [0, 0, 0.75, 1], "texture": "#0"},
				"west": {"uv": [0, 0, 3, 1], "texture": "#0"},
				"up": {"uv": [0, 0, 0.75, 3], "texture": "#0"},
				"down": {"uv": [0, 0, 0.75, 3], "texture": "#0"}
			}
		},
		{
			"from": [9.75, 2.67089, 4.69443],
			"to": [11, 4.67089, 9.69443],
			"rotation": {"angle": -22.5, "axis": "x", "origin": [10.25, 3.92089, 6.69443]},
			"faces": {
				"north": {"uv": [0, 0, 0.75, 1], "texture": "#3"},
				"east": {"uv": [0, 0, 4, 1], "texture": "#3"},
				"south": {"uv": [0, 0, 0.75, 1], "texture": "#3"},
				"west": {"uv": [0, 0, 4, 1], "texture": "#3"},
				"up": {"uv": [0, 0, 0.75, 4], "texture": "#3"},
				"down": {"uv": [0, 0, 0.75, 4], "texture": "#3"}
			}
		},
		{
			"from": [7.5, 4.05477, 8.99252],
			"to": [10.75, 5.80477, 10.49252],
			"rotation": {"angle": 22.5, "axis": "x", "origin": [8.75, 4.80477, 8.99252]},
			"faces": {
				"north": {"uv": [0, 0, 0.75, 2.5], "rotation": 270, "texture": "#0"},
				"east": {"uv": [0, 0, 0.75, 1], "rotation": 90, "texture": "#0"},
				"south": {"uv": [0, 0, 0.75, 2.5], "rotation": 270, "texture": "#0"},
				"west": {"uv": [0, 0, 0.75, 1], "rotation": 270, "texture": "#0"},
				"up": {"uv": [0, 0, 2.5, 1], "texture": "#0"},
				"down": {"uv": [0, 0, 2.5, 1], "rotation": 180, "texture": "#0"}
			}
		},
		{
			"from": [5, 4.75, 3.25],
			"to": [6, 5.75, 3.75],
			"faces": {
				"north": {"uv": [0, 0, 1, 1], "texture": "#1"},
				"east": {"uv": [0, 0, 0.5, 1], "texture": "#1"},
				"south": {"uv": [0, 0, 1, 1], "texture": "#1"},
				"west": {"uv": [0, 0, 0.5, 1], "texture": "#1"},
				"up": {"uv": [0, 0, 1, 0.5], "texture": "#1"},
				"down": {"uv": [0, 0, 1, 0.5], "texture": "#1"}
			}
		},
		{
			"from": [5.25, 5, 2.75],
			"to": [5.75, 5.5, 3.25],
			"faces": {
				"north": {"uv": [0, 0, 0.5, 0.5], "texture": "#2"},
				"east": {"uv": [0, 0, 0.5, 0.5], "texture": "#2"},
				"south": {"uv": [0, 0, 0.5, 0.5], "texture": "#2"},
				"west": {"uv": [0, 0, 0.5, 0.5], "texture": "#2"},
				"up": {"uv": [0, 0, 0.5, 0.5], "texture": "#2"},
				"down": {"uv": [0, 0, 0.5, 0.5], "texture": "#2"}
			}
		},
		{
			"from": [6.5, 5, 2.75],
			"to": [7, 5.5, 3.25],
			"faces": {
				"north": {"uv": [0, 0, 0.5, 0.5], "texture": "#2"},
				"east": {"uv": [0, 0, 0.5, 0.5], "texture": "#2"},
				"south": {"uv": [0, 0, 0.5, 0.5], "texture": "#2"},
				"west": {"uv": [0, 0, 0.5, 0.5], "texture": "#2"},
				"up": {"uv": [0, 0, 0.5, 0.5], "texture": "#2"},
				"down": {"uv": [0, 0, 0.5, 0.5], "texture": "#2"}
			}
		},
		{
			"from": [8, 5, 2.75],
			"to": [8.5, 5.5, 3.25],
			"faces": {
				"north": {"uv": [0, 0, 0.5, 0.5], "texture": "#2"},
				"east": {"uv": [0, 0, 0.5, 0.5], "texture": "#2"},
				"south": {"uv": [0, 0, 0.5, 0.5], "texture": "#2"},
				"west": {"uv": [0, 0, 0.5, 0.5], "texture": "#2"},
				"up": {"uv": [0, 0, 0.5, 0.5], "texture": "#2"},
				"down": {"uv": [0, 0, 0.5, 0.5], "texture": "#2"}
			}
		},
		{
			"from": [9.5, 5, 2.75],
			"to": [10, 5.5, 3.25],
			"faces": {
				"north": {"uv": [0, 0, 0.5, 0.5], "texture": "#2"},
				"east": {"uv": [0, 0, 0.5, 0.5], "texture": "#2"},
				"south": {"uv": [0, 0, 0.5, 0.5], "texture": "#2"},
				"west": {"uv": [0, 0, 0.5, 0.5], "texture": "#2"},
				"up": {"uv": [0, 0, 0.5, 0.5], "texture": "#2"},
				"down": {"uv": [0, 0, 0.5, 0.5], "texture": "#2"}
			}
		},
		{
			"from": [6.25, 4.75, 3.25],
			"to": [7.25, 5.75, 3.75],
			"faces": {
				"north": {"uv": [0, 0, 1, 1], "texture": "#1"},
				"east": {"uv": [0, 0, 0.5, 1], "texture": "#1"},
				"south": {"uv": [0, 0, 1, 1], "texture": "#1"},
				"west": {"uv": [0, 0, 0.5, 1], "texture": "#1"},
				"up": {"uv": [0, 0, 1, 0.5], "texture": "#1"},
				"down": {"uv": [0, 0, 1, 0.5], "texture": "#1"}
			}
		},
		{
			"from": [7.75, 4.75, 3.25],
			"to": [8.75, 5.75, 3.75],
			"faces": {
				"north": {"uv": [0, 0, 1, 1], "texture": "#1"},
				"east": {"uv": [0, 0, 0.5, 1], "texture": "#1"},
				"south": {"uv": [0, 0, 1, 1], "texture": "#1"},
				"west": {"uv": [0, 0, 0.5, 1], "texture": "#1"},
				"up": {"uv": [0, 0, 1, 0.5], "texture": "#1"},
				"down": {"uv": [0, 0, 1, 0.5], "texture": "#1"}
			}
		},
		{
			"from": [9.25, 4.75, 3.25],
			"to": [10.25, 5.75, 3.75],
			"faces": {
				"north": {"uv": [0, 0, 1, 1], "texture": "#1"},
				"east": {"uv": [0, 0, 0.5, 1], "texture": "#1"},
				"south": {"uv": [0, 0, 1, 1], "texture": "#1"},
				"west": {"uv": [0, 0, 0.5, 1], "texture": "#1"},
				"up": {"uv": [0, 0, 1, 0.5], "texture": "#1"},
				"down": {"uv": [0, 0, 1, 0.5], "texture": "#1"}
			}
		},
		{
			"from": [5.5, -3.51217, 3.88636],
			"to": [9.5, 5.48783, 7.88636],
			"rotation": {"angle": 0, "axis": "x", "origin": [7.82955, 4.6871, 5.94927]},
			"faces": {
				"north": {"uv": [0, 0, 3, 6], "rotation": 180, "texture": "#0"},
				"east": {"uv": [0, 0, 6, 1.5], "rotation": 90, "texture": "#0"},
				"south": {"uv": [0, 0, 3, 6], "texture": "#0"},
				"west": {"uv": [0, 0, 6, 1.5], "rotation": 270, "texture": "#0"},
				"up": {"uv": [0, 0, 3, 1.5], "texture": "#0"},
				"down": {"uv": [0, 0, 3, 1.5], "rotation": 180, "texture": "#0"}
			}
		},
		{
			"from": [6.5, -2.75, 3.75],
			"to": [8.5, 1, 4],
			"faces": {
				"north": {"uv": [0, 0, 2, 3.75], "texture": "#4"},
				"east": {"uv": [0, 0, 0.25, 3.75], "texture": "#4"},
				"south": {"uv": [0, 0, 2, 3.75], "texture": "#4"},
				"west": {"uv": [0, 0, 0.25, 3.75], "texture": "#4"},
				"up": {"uv": [0, 0, 2, 0.25], "texture": "#4"},
				"down": {"uv": [0, 0, 2, 0.25], "texture": "#4"}
			}
		},
		{
			"from": [9.375, 1, 3.875],
			"to": [9.625, 1.75, 7.875],
			"rotation": {"angle": 0, "axis": "y", "origin": [13.5, -0.375, 5.875]},
			"faces": {
				"north": {"uv": [0, 0, 0.25, 0.75], "texture": "#4"},
				"east": {"uv": [0, 0, 4, 0.75], "texture": "#4"},
				"south": {"uv": [0, 0, 0.25, 0.75], "texture": "#4"},
				"west": {"uv": [0, 0, 4, 0.75], "texture": "#4"},
				"up": {"uv": [0, 0, 4, 0.25], "rotation": 90, "texture": "#4"},
				"down": {"uv": [0, 0, 4, 0.25], "rotation": 270, "texture": "#4"}
			}
		},
		{
			"from": [5.5, 1, 3.75],
			"to": [9.5, 1.75, 4],
			"rotation": {"angle": 0, "axis": "y", "origin": [5.5, 1.375, 1.875]},
			"faces": {
				"north": {"uv": [0, 0, 4, 0.75], "texture": "#4"},
				"east": {"uv": [0, 0, 0.25, 0.75], "texture": "#4"},
				"south": {"uv": [0, 0, 4, 0.75], "texture": "#4"},
				"west": {"uv": [0, 0, 0.25, 0.75], "texture": "#4"},
				"up": {"uv": [0, 0, 4, 0.25], "rotation": 180, "texture": "#4"},
				"down": {"uv": [0, 0, 4, 0.25], "rotation": 180, "texture": "#4"}
			}
		},
		{
			"from": [5.5, 1, 7.75],
			"to": [9.5, 1.75, 8],
			"rotation": {"angle": 0, "axis": "y", "origin": [5.5, 1.375, 1.875]},
			"faces": {
				"north": {"uv": [0, 0, 4, 0.75], "texture": "#4"},
				"east": {"uv": [0, 0, 0.25, 0.75], "texture": "#4"},
				"south": {"uv": [0, 0, 4, 0.75], "texture": "#4"},
				"west": {"uv": [0, 0, 0.25, 0.75], "texture": "#4"},
				"up": {"uv": [0, 0, 4, 0.25], "rotation": 180, "texture": "#4"},
				"down": {"uv": [0, 0, 4, 0.25], "rotation": 180, "texture": "#4"}
			}
		},
		{
			"from": [5.375, 1, 3.875],
			"to": [5.625, 1.75, 7.875],
			"rotation": {"angle": 0, "axis": "y", "origin": [13.5, -0.375, 5.875]},
			"faces": {
				"north": {"uv": [0, 0, 0.25, 0.75], "texture": "#4"},
				"east": {"uv": [0, 0, 4, 0.75], "texture": "#4"},
				"south": {"uv": [0, 0, 0.25, 0.75], "texture": "#4"},
				"west": {"uv": [0, 0, 4, 0.75], "texture": "#4"},
				"up": {"uv": [0, 0, 4, 0.25], "rotation": 90, "texture": "#4"},
				"down": {"uv": [0, 0, 4, 0.25], "rotation": 270, "texture": "#4"}
			}
		},
		{
			"from": [6.5, -2.75, 7.75],
			"to": [8.5, 1, 8],
			"faces": {
				"north": {"uv": [0, 0, 2, 3.75], "texture": "#4"},
				"east": {"uv": [0, 0, 0.25, 3.75], "texture": "#4"},
				"south": {"uv": [0, 0, 2, 3.75], "texture": "#4"},
				"west": {"uv": [0, 0, 0.25, 3.75], "texture": "#4"},
				"up": {"uv": [0, 0, 2, 0.25], "texture": "#4"},
				"down": {"uv": [0, 0, 2, 0.25], "texture": "#4"}
			}
		}
	],
	"display": {
		"thirdperson_righthand": {
			"rotation": [92, 0, 0],
			"translation": [-0.25, -4.75, -9.25],
			"scale": [-1.5, -1.5, 1.5]
		},
		"thirdperson_lefthand": {
			"rotation": [92, 0, 0],
			"translation": [-0.25, -4.75, -9.25],
			"scale": [1.5, -1.5, 1.5]
		},
		"firstperson_righthand": {
			"rotation": [123, 0, 0],
			"translation": [-1.25, 5.25, 0],
			"scale": [-0.5, -0.65, 0.65]
		},
		"firstperson_lefthand": {
			"rotation": [123, 0, 0],
			"translation": [-1.25, 5.25, 0],
			"scale": [-0.5, -0.65, 0.65]
		},
		"ground": {
			"rotation": [60, 0, 0],
			"translation": [0, 4.5, 6.75]
		},
		"gui": {
			"rotation": [43, -119, 35],
			"translation": [0, 6.75, 0]
		},
		"fixed": {
			"rotation": [43, -119, 35],
			"translation": [3, 6.75, 0],
			"scale": [1, 1, -1]
		}
	},
	"groups": [
		{
			"name": "Hand",
			"origin": [8, 8, 8],
			"children": [
				{
					"name": "Fists",
					"origin": [8, 8, 8],
					"children": [0, 1, 2, 3, 4, 5, 6, 7, 8, 9, 10, 11, 12, 13, 14, 15, 16, 17, 18, 19, 20, 21, 22, 23]
				},
				{
					"name": "Arm",
					"origin": [8, 8, 8],
					"children": [24, 25, 26, 27, 28, 29, 30]
				}
			]
		}
	]
}