{
	"credit": "Made with Blockbench",
	"textures": {
		"0": "22/light",
		"particle": "22/light"
	},
	"elements": [
		{
			"from": [7.5, -4, 6],
			"to": [8.5, 0, 7],
			"rotation": {"angle": 0, "axis": "y", "origin": [0, -4, 7]},
			"faces": {
				"north": {"uv": [0, 0, 1, 4], "rotation": 180, "texture": "#0"},
				"east": {"uv": [0, 0, 4, 1], "rotation": 90, "texture": "#0"},
				"south": {"uv": [0, 0, 1, 4], "texture": "#0"},
				"west": {"uv": [0, 0, 4, 1], "rotation": 270, "texture": "#0"},
				"up": {"uv": [0, 0, 1, 1], "texture": "#0"},
				"down": {"uv": [0, 0, 1, 1], "rotation": 180, "texture": "#0"}
			}
		},
		{
			"from": [5, 0, 6],
			"to": [11, 1, 7],
			"rotation": {"angle": 0, "axis": "y", "origin": [0, -4, 7]},
			"faces": {
				"north": {"uv": [0, 0, 6, 1], "rotation": 180, "texture": "#0"},
				"east": {"uv": [0, 0, 1, 1], "rotation": 90, "texture": "#0"},
				"south": {"uv": [0, 0, 6, 1], "texture": "#0"},
				"west": {"uv": [0, 0, 1, 1], "rotation": 270, "texture": "#0"},
				"up": {"uv": [0, 0, 6, 1], "texture": "#0"},
				"down": {"uv": [0, 0, 6, 1], "rotation": 180, "texture": "#0"}
			}
		},
		{
			"from": [6.75, 8, 6],
			"to": [7.75, 10.75, 7],
			"rotation": {"angle": -45, "axis": "z", "origin": [6.5, 9, 6.5]},
			"faces": {
				"north": {"uv": [1, 0, 2, 2.75], "rotation": 180, "texture": "#0"},
				"east": {"uv": [2.5, 0, 5.25, 1], "rotation": 90, "texture": "#0"},
				"south": {"uv": [1, 0, 2, 2.75], "texture": "#0"},
				"west": {"uv": [2.5, 0, 5.25, 1], "rotation": 270, "texture": "#0"},
				"up": {"uv": [1, 0, 2, 1], "texture": "#0"},
				"down": {"uv": [1, 0, 2, 1], "rotation": 180, "texture": "#0"}
			}
		},
		{
			"from": [8.25, 8, 6],
			"to": [9.25, 10.75, 7],
			"rotation": {"angle": 45, "axis": "z", "origin": [9.5, 9, 6.5]},
			"faces": {
				"north": {"uv": [0, 0, 1, 2.75], "rotation": 180, "texture": "#0"},
				"east": {"uv": [0, 0, 2.75, 1], "rotation": 90, "texture": "#0"},
				"south": {"uv": [0, 0, 1, 2.75], "texture": "#0"},
				"west": {"uv": [0, 0, 2.75, 1], "rotation": 270, "texture": "#0"},
				"up": {"uv": [0, 0, 1, 1], "texture": "#0"},
				"down": {"uv": [0, 0, 1, 1], "rotation": 180, "texture": "#0"}
			}
		},
		{
			"from": [9, 1, 6],
			"to": [10, 8, 7],
			"rotation": {"angle": 0, "axis": "y", "origin": [0, -4, 7]},
			"faces": {
				"north": {"uv": [0, 0, 1, 7], "rotation": 180, "texture": "#0"},
				"east": {"uv": [0, 0, 7, 1], "rotation": 90, "texture": "#0"},
				"south": {"uv": [0, 0, 1, 7], "texture": "#0"},
				"west": {"uv": [0, 0, 7, 1], "rotation": 270, "texture": "#0"},
				"up": {"uv": [0, 0, 1, 1], "texture": "#0"},
				"down": {"uv": [0, 0, 1, 1], "rotation": 180, "texture": "#0"}
			}
		},
		{
			"from": [6, 1, 6],
			"to": [7, 8, 7],
			"rotation": {"angle": 0, "axis": "y", "origin": [0, -4, 7]},
			"faces": {
				"north": {"uv": [0, 0, 1, 7], "rotation": 180, "texture": "#0"},
				"east": {"uv": [0, 0, 7, 1], "rotation": 90, "texture": "#0"},
				"south": {"uv": [0, 0, 1, 7], "texture": "#0"},
				"west": {"uv": [0, 0, 7, 1], "rotation": 270, "texture": "#0"},
				"up": {"uv": [0, 0, 1, 1], "texture": "#0"},
				"down": {"uv": [0, 0, 1, 1], "rotation": 180, "texture": "#0"}
			}
		}
	],
	"display": {
		"thirdperson_righthand": {
			"rotation": [0, 90, 0],
			"translation": [1, 8.75, 1.75]
		},
		"thirdperson_lefthand": {
			"rotation": [0, 90, 0],
			"translation": [1, 8.75, 1.75]
		},
		"firstperson_righthand": {
			"rotation": [0, 116, 0],
			"translation": [1, 11.5, 0],
			"scale": [1, 1.45, 1]
		},
		"firstperson_lefthand": {
			"rotation": [0, 116, 0],
			"translation": [1, 11.5, 0],
			"scale": [1, 1.45, 1]
		},
		"ground": {
			"translation": [0, 8.75, 0]
		},
		"gui": {
			"rotation": [0, 0, -46],
			"translation": [4.25, 4.25, 0],
			"scale": [1.2, 1.2, 1.2]
		},
		"fixed": {
			"translation": [0, 5.5, 0]
		}
	},
	"groups": [
		{
			"name": "strikeair",
			"origin": [0, 0, 0],
			"children": [0, 1, 2, 3, 4, 5]
		}
	]
}