{
	"credit": "Made with Blockbench",
	"textures": {
		"2": "3/trigger",
		"3": "3/handle",
		"4": "3/barrel",
		"particle": "3/hammer"
	},
	"elements": [
		{
			"name": "trigger",
			"from": [6, 2, 10],
			"to": [9, 3, 11],
			"faces": {
				"north": {"uv": [0, 0, 1, 1], "texture": "#2"},
				"east": {"uv": [0, 0, 1, 1], "texture": "#2"},
				"south": {"uv": [0, 0, 1, 1], "texture": "#2"},
				"west": {"uv": [0, 0, 1, 1], "texture": "#2"},
				"up": {"uv": [0, 0, 1, 1], "rotation": 270, "texture": "#2"},
				"down": {"uv": [0, 0, 1, 1], "rotation": 90, "texture": "#2"}
			}
		},
		{
			"name": "handle1",
			"from": [6, 0, 12],
			"to": [9, 2, 15],
			"faces": {
				"north": {"uv": [0, 0, 3, 2], "texture": "#3"},
				"east": {"uv": [0, 0, 3, 2], "texture": "#3"},
				"south": {"uv": [0, 0, 3, 2], "texture": "#3"},
				"west": {"uv": [0, 0, 3, 2], "texture": "#3"},
				"up": {"uv": [0, 0, 3, 3], "rotation": 270, "texture": "#3"},
				"down": {"uv": [0, 0, 3, 3], "rotation": 90, "texture": "#3"}
			}
		},
		{
			"name": "handle2",
			"from": [6, 2, 11.75],
			"to": [9, 3, 14.75],
			"faces": {
				"north": {"uv": [0, 0, 3, 1], "texture": "#3"},
				"east": {"uv": [0, 0, 12, 1], "texture": "#3"},
				"south": {"uv": [0, 0, 3, 1], "texture": "#3"},
				"west": {"uv": [0, 0, 12, 1], "texture": "#3"},
				"up": {"uv": [0, 0, 12, 3], "rotation": 270, "texture": "#3"},
				"down": {"uv": [0, 0, 12, 3], "rotation": 90, "texture": "#3"}
			}
		},
		{
			"name": "handle3",
			"from": [6, 1, 11],
			"to": [9, 2, 12],
			"faces": {
				"north": {"uv": [0, 0, 3, 1], "texture": "#3"},
				"east": {"uv": [0, 0, 1, 1], "texture": "#3"},
				"south": {"uv": [0, 0, 3, 1], "texture": "#3"},
				"west": {"uv": [0, 0, 1, 1], "texture": "#3"},
				"up": {"uv": [0, 0, 1, 3], "rotation": 270, "texture": "#3"},
				"down": {"uv": [0, 0, 1, 3], "rotation": 90, "texture": "#3"}
			}
		},
		{
			"name": "barrel1",
			"from": [6, 3, -1],
			"to": [7, 6, 16],
			"faces": {
				"north": {"uv": [0, 0, 1, 3], "texture": "#4"},
				"east": {"uv": [0, 0, 13, 1], "texture": "#4"},
				"south": {"uv": [0, 0, 1, 3], "texture": "#4"},
				"west": {"uv": [0, 0, 13, 3], "texture": "#4"},
				"up": {"uv": [0, 0, 13, 1], "rotation": 270, "texture": "#4"},
				"down": {"uv": [0, 0, 13, 1], "rotation": 90, "texture": "#4"}
			}
		},
		{
			"name": "barrel3",
			"from": [7, 3, -1],
			"to": [8, 4, 12],
			"faces": {
				"north": {"uv": [0, 0, 1, 3], "texture": "#4"},
				"east": {"uv": [0, 0, 13, 1], "texture": "#4"},
				"south": {"uv": [0, 0, 1, 3], "texture": "#4"},
				"west": {"uv": [0, 0, 13, 3], "texture": "#4"},
				"up": {"uv": [0, 0, 13, 1], "rotation": 270, "texture": "#4"},
				"down": {"uv": [0, 0, 13, 1], "rotation": 90, "texture": "#4"}
			}
		},
		{
			"name": "barrel4",
			"from": [7, 5, -1],
			"to": [8, 6, 16],
			"faces": {
				"north": {"uv": [0, 0, 1, 3], "texture": "#4"},
				"east": {"uv": [0, 0, 13, 1], "texture": "#4"},
				"south": {"uv": [0, 0, 1, 3], "texture": "#4"},
				"west": {"uv": [0, 0, 13, 3], "texture": "#4"},
				"up": {"uv": [0, 0, 13, 1], "rotation": 270, "texture": "#4"},
				"down": {"uv": [0, 0, 13, 1], "rotation": 90, "texture": "#4"}
			}
		},
		{
			"name": "barrel5",
			"from": [7, 5, -1],
			"to": [8, 6, 16],
			"faces": {
				"north": {"uv": [0, 0, 1, 3], "texture": "#4"},
				"east": {"uv": [0, 0, 13, 1], "texture": "#4"},
				"south": {"uv": [0, 0, 1, 3], "texture": "#4"},
				"west": {"uv": [0, 0, 13, 3], "texture": "#4"},
				"up": {"uv": [0, 0, 13, 1], "rotation": 270, "texture": "#4"},
				"down": {"uv": [0, 0, 13, 1], "rotation": 90, "texture": "#4"}
			}
		},
		{
			"name": "barrel6",
			"from": [7, 3, -1],
			"to": [8, 4, 16],
			"faces": {
				"north": {"uv": [0, 0, 1, 3], "texture": "#4"},
				"east": {"uv": [0, 0, 13, 1], "texture": "#4"},
				"south": {"uv": [0, 0, 1, 3], "texture": "#4"},
				"west": {"uv": [0, 0, 13, 3], "texture": "#4"},
				"up": {"uv": [0, 0, 13, 1], "rotation": 270, "texture": "#4"},
				"down": {"uv": [0, 0, 13, 1], "rotation": 90, "texture": "#4"}
			}
		},
		{
			"name": "barrel7",
			"from": [7, 4, 16],
			"to": [8, 5, 16],
			"faces": {
				"north": {"uv": [0, 0, 1, 3], "texture": "#4"},
				"east": {"uv": [0, 0, 13, 1], "texture": "#4"},
				"south": {"uv": [0, 0, 1, 3], "texture": "#4"},
				"west": {"uv": [0, 0, 13, 3], "texture": "#4"},
				"up": {"uv": [0, 0, 13, 1], "rotation": 270, "texture": "#4"},
				"down": {"uv": [0, 0, 13, 1], "rotation": 90, "texture": "#4"}
			}
		},
		{
			"name": "barrel2",
			"from": [8, 3, -1],
			"to": [9, 6, 16],
			"faces": {
				"north": {"uv": [0, 0, 1, 3], "texture": "#4"},
				"east": {"uv": [0, 0, 13, 3], "texture": "#4"},
				"south": {"uv": [0, 0, 1, 3], "texture": "#4"},
				"west": {"uv": [0, 0, 13, 3], "texture": "#4"},
				"up": {"uv": [0, 0, 13, 1], "rotation": 270, "texture": "#4"},
				"down": {"uv": [0, 0, 13, 1], "rotation": 90, "texture": "#4"}
			}
		}
	],
	"display": {
		"thirdperson_righthand": {
			"rotation": [67, 0, 0],
			"translation": [-0.5, 7.5, 5]
		},
		"thirdperson_lefthand": {
			"rotation": [67, 0, 0],
			"translation": [-0.5, 7.5, 5]
		},
		"firstperson_righthand": {
			"translation": [0, 4.75, -4.75]
		},
		"firstperson_lefthand": {
			"translation": [0, 5.5, -3.5]
		},
		"ground": {
			"translation": [0, 5.75, 0]
		},
		"gui": {
			"rotation": [-77, 50, 77],
			"translation": [-2.25, 3.25, 0]
		},
		"head": {
			"translation": [0, 9, -10.25]
		},
		"fixed": {
			"rotation": [0, 90, 0],
			"translation": [0.25, 4.75, -2.5]
		}
	},
	"groups": [0,
		{
			"name": "handle",
			"origin": [8, 8, 8],
			"children": [1, 2, 3]
		},
		{
			"name": "barrel",
			"origin": [8, 8, 8],
			"children": [4, 5, 6, 7, 8, 9, 10]
		}
	]
}