{
	"credit": "Made with Blockbench",
	"textures": {
		"0": "77/handle",
		"1": "77/handle2",
		"2": "77/blade",
		"particle": "77/handle"
	},
	"elements": [
		{
			"from": [7.5, -16, 9],
			"to": [8.5, -4, 10],
			"rotation": {"angle": 0, "axis": "y", "origin": [0, 0, 16]},
			"faces": {
				"north": {"uv": [1, 0, 0, 12], "texture": "#0"},
				"east": {"uv": [1, 0, 0, 12], "texture": "#0"},
				"south": {"uv": [1, 0, 0, 12], "texture": "#0"},
				"west": {"uv": [1, 0, 0, 12], "texture": "#0"},
				"up": {"uv": [0, 1, 1, 0], "texture": "#0"},
				"down": {"uv": [0, 1, 1, 0], "texture": "#0"}
			}
		},
		{
			"from": [7.75, -4, 9.25],
			"to": [8.25, 5, 9.75],
			"rotation": {"angle": 0, "axis": "y", "origin": [0, 0, 16]},
			"faces": {
				"north": {"uv": [0.5, 0, 0, 9], "texture": "#1"},
				"east": {"uv": [0.5, 0, 0, 9], "texture": "#1"},
				"south": {"uv": [0.5, 0, 0, 9], "texture": "#1"},
				"west": {"uv": [0.5, 0, 0, 9], "texture": "#1"},
				"up": {"uv": [0, 0.5, 0.5, 0], "texture": "#1"},
				"down": {"uv": [0, 0.5, 0.5, 0], "texture": "#1"}
			}
		},
		{
			"from": [7.75, 1.75, 9.75],
			"to": [8.25, 5.5, 10.25],
			"rotation": {"angle": 0, "axis": "y", "origin": [0, 0, 16]},
			"faces": {
				"north": {"uv": [0.5, 0, 0, 3.75], "texture": "#1"},
				"east": {"uv": [0.5, 0, 0, 3.75], "texture": "#1"},
				"south": {"uv": [0.5, 0, 0, 3.75], "texture": "#1"},
				"west": {"uv": [0.5, 0, 0, 3.75], "texture": "#1"},
				"up": {"uv": [0, 0.5, 0.5, 0], "texture": "#1"},
				"down": {"uv": [0, 0.5, 0.5, 0], "texture": "#1"}
			}
		},
		{
			"from": [7.5, -4, 3.75],
			"to": [8.5, 9, 9.25],
			"rotation": {"angle": 0, "axis": "y", "origin": [0, 0, 16]},
			"faces": {
				"north": {"uv": [16, 0, 15, 13], "texture": "#2"},
				"east": {"uv": [5.5, 0, 0, 13], "texture": "#2"},
				"south": {"uv": [16, 1, 15, 14], "texture": "#2"},
				"west": {"uv": [5.5, 0, 0, 13], "rotation": 180, "texture": "#2"},
				"up": {"uv": [0, 5.5, 1, 0], "texture": "#2"},
				"down": {"uv": [0, 5.5, 1, 0], "texture": "#2"}
			}
		},
		{
			"from": [7.75, 9, 3.75],
			"to": [8.25, 16, 9.25],
			"rotation": {"angle": 0, "axis": "y", "origin": [0, 0, 16]},
			"faces": {
				"north": {"uv": [16, 1, 15.5, 8], "texture": "#2"},
				"east": {"uv": [5.5, 0, 0, 7], "texture": "#2"},
				"south": {"uv": [15.5, 1, 15, 8], "texture": "#2"},
				"west": {"uv": [5.5, 0, 0, 7], "rotation": 180, "texture": "#2"},
				"up": {"uv": [15, 6.5, 15.5, 1], "texture": "#2"},
				"down": {"uv": [0, 5.5, 0.5, 0], "texture": "#2"}
			}
		},
		{
			"from": [7.75, 13.5, 9.25],
			"to": [8.25, 16, 11.75],
			"rotation": {"angle": 0, "axis": "y", "origin": [0, 0, 16]},
			"faces": {
				"north": {"uv": [0.5, 0, 0, 2.5], "texture": "#2"},
				"east": {"uv": [2.5, 0, 0, 2.5], "texture": "#2"},
				"south": {"uv": [15.5, 1, 15, 3.5], "texture": "#2"},
				"west": {"uv": [2.5, 0, 0, 2.5], "rotation": 180, "texture": "#2"},
				"up": {"uv": [0, 2.5, 0.5, 0], "texture": "#2"},
				"down": {"uv": [0, 2.5, 0.5, 0], "texture": "#2"}
			}
		},
		{
			"from": [7.75, 16, 2.5],
			"to": [8.25, 20, 9.25],
			"rotation": {"angle": 0, "axis": "y", "origin": [0, 0, 16]},
			"faces": {
				"north": {"uv": [15.5, 1, 15, 5], "texture": "#2"},
				"east": {"uv": [6.75, 0, 0, 4], "texture": "#2"},
				"south": {"uv": [15.5, 1, 15, 5], "texture": "#2"},
				"west": {"uv": [6.75, 0, 0, 4], "rotation": 180, "texture": "#2"},
				"up": {"uv": [15, 7.75, 15.5, 1], "texture": "#2"},
				"down": {"uv": [0, 6.75, 0.5, 0], "texture": "#2"}
			}
		},
		{
			"from": [7.75, 20, -0.25],
			"to": [8.25, 24, 9.25],
			"rotation": {"angle": 0, "axis": "y", "origin": [0, 0, 16]},
			"faces": {
				"north": {"uv": [15.5, 1, 15, 5], "texture": "#2"},
				"east": {"uv": [9.5, 0, 0, 4], "texture": "#2"},
				"south": {"uv": [14.5, 1, 14, 5], "texture": "#2"},
				"west": {"uv": [9.5, 0, 0, 4], "rotation": 180, "texture": "#2"},
				"up": {"uv": [15, 10.5, 15.5, 1], "texture": "#2"},
				"down": {"uv": [0, 9.5, 0.5, 0], "texture": "#2"}
			}
		},
		{
			"from": [7.75, 24, 0.25],
			"to": [8.25, 28, 9.25],
			"rotation": {"angle": 0, "axis": "y", "origin": [0, 0, 16]},
			"faces": {
				"north": {"uv": [15.5, 0, 15, 4], "texture": "#2"},
				"east": {"uv": [9, 0, 0, 4], "texture": "#2"},
				"south": {"uv": [15.5, 1, 15, 5], "texture": "#2"},
				"west": {"uv": [9, 0, 0, 4], "rotation": 180, "texture": "#2"},
				"up": {"uv": [15, 9, 15.5, 0], "texture": "#2"},
				"down": {"uv": [0, 9, 0.5, 0], "texture": "#2"}
			}
		},
		{
			"from": [7.75, 28, 2.75],
			"to": [8.25, 29, 10.25],
			"rotation": {"angle": 0, "axis": "y", "origin": [0, 0, 16]},
			"faces": {
				"north": {"uv": [15.5, 1, 15, 2], "texture": "#2"},
				"east": {"uv": [7.5, 0, 0, 1], "texture": "#2"},
				"south": {"uv": [15.5, 1, 15, 2], "texture": "#2"},
				"west": {"uv": [7.5, 0, 0, 1], "rotation": 180, "texture": "#2"},
				"up": {"uv": [0, 7.5, 0.5, 0], "texture": "#2"},
				"down": {"uv": [0, 7.5, 0.5, 0], "texture": "#2"}
			}
		},
		{
			"from": [7.75, 29, 2.75],
			"to": [8.25, 30, 12.25],
			"rotation": {"angle": 0, "axis": "y", "origin": [0, 0, 16]},
			"faces": {
				"north": {"uv": [15.5, 1, 15, 2], "texture": "#2"},
				"east": {"uv": [9.5, 0, 0, 1], "texture": "#2"},
				"south": {"uv": [15.5, 1, 15, 2], "texture": "#2"},
				"west": {"uv": [9.5, 0, 0, 1], "rotation": 180, "texture": "#2"},
				"up": {"uv": [15, 10.5, 15.5, 1], "texture": "#2"},
				"down": {"uv": [0, 9.5, 0.5, 0], "texture": "#2"}
			}
		}
	],
	"display": {
		"thirdperson_righthand": {
			"rotation": [-48, 0, 0],
			"translation": [0, -1.5, -2.5],
			"scale": [0.8, 0.8, 0.8]
		},
		"thirdperson_lefthand": {
			"rotation": [-48, 0, 0],
			"translation": [0, -1.5, -2.5],
			"scale": [0.8, 0.8, 0.8]
		},
		"firstperson_righthand": {
			"rotation": [-45, 0, 0],
			"translation": [0.75, 3.25, 3],
			"scale": [0.6, 0.6, 0.6]
		},
		"firstperson_lefthand": {
			"rotation": [-45, 0, 0],
			"translation": [0.75, 3.25, 3],
			"scale": [0.6, 0.6, 0.6]
		},
		"ground": {
			"translation": [0, 24.5, 0]
		},
		"gui": {
			"rotation": [-90, 53, 90],
			"scale": [0.4, 0.4, 0.4]
		},
		"fixed": {
			"rotation": [-90, 53, 90],
			"scale": [0.5, 0.5, 0.5]
		}
	},
	"groups": [
		{
			"name": "sword",
			"origin": [8, 8, 8],
			"children": [
				{
					"name": "handle",
					"origin": [8, 8, 8],
					"children": [0, 1, 2]
				},
				{
					"name": "blade",
					"origin": [8, 8, 8],
					"children": [3, 4, 5, 6, 7, 8, 9, 10]
				}
			]
		}
	]
}