{
	"credit": "Made with Blockbench",
	"textures": {
		"0": "36/handlestripes",
		"1": "36/handle",
		"2": "36/guard",
		"3": "36/blade",
		"particle": "36/handlestripes"
	},
	"elements": [
		{
			"from": [7, -9.33333, 5.27083],
			"to": [8, -2.33333, 6.27083],
			"rotation": {"angle": 0, "axis": "x", "origin": [7.5, 0.46875, 5.80208]},
			"faces": {
				"north": {"uv": [0, 0, 1, 7], "rotation": 180, "texture": "#1"},
				"east": {"uv": [0, 0, 7, 1], "rotation": 90, "texture": "#1"},
				"south": {"uv": [0, 0, 1, 7], "texture": "#1"},
				"west": {"uv": [0, 0, 7, 1], "rotation": 270, "texture": "#1"},
				"up": {"uv": [0, 0, 1, 1], "texture": "#1"},
				"down": {"uv": [0, 0, 1, 1], "rotation": 180, "texture": "#1"}
			}
		},
		{
			"from": [6.5, -2.33333, 4.77083],
			"to": [8.5, -2.08333, 6.77083],
			"rotation": {"angle": 0, "axis": "x", "origin": [7.5, 0.46875, 5.80208]},
			"faces": {
				"north": {"uv": [0, 0, 2, 0.25], "rotation": 180, "texture": "#2"},
				"east": {"uv": [0, 0, 0.25, 2], "rotation": 90, "texture": "#2"},
				"south": {"uv": [0, 0, 2, 0.25], "texture": "#2"},
				"west": {"uv": [0, 0, 0.25, 2], "rotation": 270, "texture": "#2"},
				"up": {"uv": [0, 0, 2, 2], "texture": "#2"},
				"down": {"uv": [0, 0, 2, 2], "rotation": 180, "texture": "#2"}
			}
		},
		{
			"from": [7.5, -2.33333, 5.27083],
			"to": [7.5, 23.66667, 6.27083],
			"rotation": {"angle": 0, "axis": "x", "origin": [7.5, 0.46875, 5.80208]},
			"faces": {
				"north": {"uv": [0, 0, 0, 16], "rotation": 180, "texture": "#3"},
				"east": {"uv": [0, 0, 16, 1], "rotation": 90, "texture": "#3"},
				"south": {"uv": [0, 0, 0, 16], "texture": "#3"},
				"west": {"uv": [0, 0, 16, 1], "rotation": 270, "texture": "#3"},
				"up": {"uv": [0, 0, 0, 1], "texture": "#3"},
				"down": {"uv": [0, 0, 0, 1], "rotation": 180, "texture": "#3"}
			}
		},
		{
			"from": [7.5, 23.66667, 5.52083],
			"to": [7.5, 24.16667, 6.27083],
			"rotation": {"angle": 0, "axis": "x", "origin": [7.5, 0.46875, 5.80208]},
			"faces": {
				"north": {"uv": [0, 0, 0, 0.5], "rotation": 180, "texture": "#3"},
				"east": {"uv": [0, 0, 0.5, 0.75], "rotation": 90, "texture": "#3"},
				"south": {"uv": [0, 0, 0, 0.5], "texture": "#3"},
				"west": {"uv": [0, 0, 0.5, 0.75], "rotation": 270, "texture": "#3"},
				"up": {"uv": [0, 0, 0, 0.75], "texture": "#3"},
				"down": {"uv": [0, 0, 0, 0.75], "rotation": 180, "texture": "#3"}
			}
		},
		{
			"from": [7.5, 24.16667, 5.77083],
			"to": [7.5, 24.41667, 6.27083],
			"rotation": {"angle": 0, "axis": "x", "origin": [7.5, 0.46875, 5.80208]},
			"faces": {
				"north": {"uv": [0, 0, 0, 0.25], "rotation": 180, "texture": "#3"},
				"east": {"uv": [0, 0, 0.25, 0.5], "rotation": 90, "texture": "#3"},
				"south": {"uv": [0, 0, 0, 0.25], "texture": "#3"},
				"west": {"uv": [0, 0, 0.25, 0.5], "rotation": 270, "texture": "#3"},
				"up": {"uv": [0, 0, 0, 0.5], "texture": "#3"},
				"down": {"uv": [0, 0, 0, 0.5], "rotation": 180, "texture": "#3"}
			}
		},
		{
			"from": [6.75, -3.58333, 5.02083],
			"to": [8.25, -3.33333, 6.52083],
			"rotation": {"angle": 0, "axis": "x", "origin": [7.5, 0.46875, 5.80208]},
			"faces": {
				"north": {"uv": [0, 0, 1.5, 0.25], "rotation": 180, "texture": "#0"},
				"east": {"uv": [0, 0, 0.25, 1.5], "rotation": 90, "texture": "#0"},
				"south": {"uv": [0, 0, 1.5, 0.25], "texture": "#0"},
				"west": {"uv": [0, 0, 0.25, 1.5], "rotation": 270, "texture": "#0"},
				"up": {"uv": [0, 0, 1.5, 1.5], "texture": "#0"},
				"down": {"uv": [0, 0, 1.5, 1.5], "rotation": 180, "texture": "#0"}
			}
		},
		{
			"from": [6.75, -4.58333, 5.02083],
			"to": [8.25, -4.33333, 6.52083],
			"rotation": {"angle": 0, "axis": "x", "origin": [7.5, 0.46875, 5.80208]},
			"faces": {
				"north": {"uv": [0, 0, 1.5, 0.25], "rotation": 180, "texture": "#0"},
				"east": {"uv": [0, 0, 0.25, 1.5], "rotation": 90, "texture": "#0"},
				"south": {"uv": [0, 0, 1.5, 0.25], "texture": "#0"},
				"west": {"uv": [0, 0, 0.25, 1.5], "rotation": 270, "texture": "#0"},
				"up": {"uv": [0, 0, 1.5, 1.5], "texture": "#0"},
				"down": {"uv": [0, 0, 1.5, 1.5], "rotation": 180, "texture": "#0"}
			}
		},
		{
			"from": [6.75, -5.58333, 5.02083],
			"to": [8.25, -5.33333, 6.52083],
			"rotation": {"angle": 0, "axis": "x", "origin": [7.5, 0.46875, 5.80208]},
			"faces": {
				"north": {"uv": [0, 0, 1.5, 0.25], "rotation": 180, "texture": "#0"},
				"east": {"uv": [0, 0, 0.25, 1.5], "rotation": 90, "texture": "#0"},
				"south": {"uv": [0, 0, 1.5, 0.25], "texture": "#0"},
				"west": {"uv": [0, 0, 0.25, 1.5], "rotation": 270, "texture": "#0"},
				"up": {"uv": [0, 0, 1.5, 1.5], "texture": "#0"},
				"down": {"uv": [0, 0, 1.5, 1.5], "rotation": 180, "texture": "#0"}
			}
		},
		{
			"from": [6.75, -6.58333, 5.02083],
			"to": [8.25, -6.33333, 6.52083],
			"rotation": {"angle": 0, "axis": "x", "origin": [7.5, 0.46875, 5.80208]},
			"faces": {
				"north": {"uv": [0, 0, 1.5, 0.25], "rotation": 180, "texture": "#0"},
				"east": {"uv": [0, 0, 0.25, 1.5], "rotation": 90, "texture": "#0"},
				"south": {"uv": [0, 0, 1.5, 0.25], "texture": "#0"},
				"west": {"uv": [0, 0, 0.25, 1.5], "rotation": 270, "texture": "#0"},
				"up": {"uv": [0, 0, 1.5, 1.5], "texture": "#0"},
				"down": {"uv": [0, 0, 1.5, 1.5], "rotation": 180, "texture": "#0"}
			}
		},
		{
			"from": [6.75, -7.58333, 5.02083],
			"to": [8.25, -7.33333, 6.52083],
			"rotation": {"angle": 0, "axis": "x", "origin": [7.5, 0.46875, 5.80208]},
			"faces": {
				"north": {"uv": [0, 0, 1.5, 0.25], "rotation": 180, "texture": "#0"},
				"east": {"uv": [0, 0, 0.25, 1.5], "rotation": 90, "texture": "#0"},
				"south": {"uv": [0, 0, 1.5, 0.25], "texture": "#0"},
				"west": {"uv": [0, 0, 0.25, 1.5], "rotation": 270, "texture": "#0"},
				"up": {"uv": [0, 0, 1.5, 1.5], "texture": "#0"},
				"down": {"uv": [0, 0, 1.5, 1.5], "rotation": 180, "texture": "#0"}
			}
		},
		{
			"from": [6.75, -8.58333, 5.02083],
			"to": [8.25, -8.33333, 6.52083],
			"rotation": {"angle": 0, "axis": "x", "origin": [7.5, 0.46875, 5.80208]},
			"faces": {
				"north": {"uv": [0, 0, 1.5, 0.25], "rotation": 180, "texture": "#0"},
				"east": {"uv": [0, 0, 0.25, 1.5], "rotation": 90, "texture": "#0"},
				"south": {"uv": [0, 0, 1.5, 0.25], "texture": "#0"},
				"west": {"uv": [0, 0, 0.25, 1.5], "rotation": 270, "texture": "#0"},
				"up": {"uv": [0, 0, 1.5, 1.5], "texture": "#0"},
				"down": {"uv": [0, 0, 1.5, 1.5], "rotation": 180, "texture": "#0"}
			}
		},
		{
			"from": [6.75, -9.58333, 5.02083],
			"to": [8.25, -9.33333, 6.52083],
			"rotation": {"angle": 0, "axis": "x", "origin": [7.5, 0.46875, 5.80208]},
			"faces": {
				"north": {"uv": [0, 0, 1.5, 0.25], "rotation": 180, "texture": "#2"},
				"east": {"uv": [0, 0, 0.25, 1.5], "rotation": 90, "texture": "#2"},
				"south": {"uv": [0, 0, 1.5, 0.25], "texture": "#2"},
				"west": {"uv": [0, 0, 0.25, 1.5], "rotation": 270, "texture": "#2"},
				"up": {"uv": [0, 0, 1.5, 1.5], "texture": "#2"},
				"down": {"uv": [0, 0, 1.5, 1.5], "rotation": 180, "texture": "#2"}
			}
		}
	],
	"display": {
		"thirdperson_righthand": {
			"translation": [0, 12, 4]
		},
		"thirdperson_lefthand": {
			"translation": [-1, 12, 4]
		},
		"firstperson_righthand": {
			"translation": [4, 15.25, 0]
		},
		"firstperson_lefthand": {
			"translation": [4, 15.25, 0]
		},
		"ground": {
			"translation": [0, 16.25, 0]
		},
		"gui": {
			"rotation": [100, 130, -90],
			"translation": [0, 1.75, -3.5],
			"scale": [0.7, 0.7, 0.7]
		},
		"fixed": {
			"rotation": [100, 130, -90],
			"translation": [0, 1.75, -3.5],
			"scale": [0.8, 0.8, 0.8]
		}
	},
	"groups": [
		{
			"name": "yamato",
			"origin": [8, 8, 8],
			"children": [
				{
					"name": "handle",
					"origin": [8, 8, 8],
					"children": [0, 1]
				},
				{
					"name": "blade",
					"origin": [8, 8, 8],
					"children": [2, 3, 4]
				},
				{
					"name": "handlestripes",
					"origin": [8, 8, 8],
					"children": [5, 6, 7, 8, 9, 10, 11]
				}
			]
		}
	]
}