{
	"credit": "Made with Blockbench",
	"textures": {
		"0": "64/blade",
		"1": "64/handle",
		"2": "64/handle2",
		"particle": "64/blade"
	},
	"elements": [
		{
			"from": [7.75, -11, 6.25],
			"to": [8.25, -5, 6.75],
			"rotation": {"angle": 0, "axis": "y", "origin": [8, -3.29545, -0.5]},
			"faces": {
				"north": {"uv": [0, 0, 6, 0.5], "rotation": 270, "texture": "#1"},
				"east": {"uv": [0, 0, 0.5, 6], "rotation": 180, "texture": "#1"},
				"south": {"uv": [0, 0, 6, 0.5], "rotation": 90, "texture": "#1"},
				"west": {"uv": [0, 0, 0.5, 6], "texture": "#1"},
				"up": {"uv": [0, 0, 0.5, 0.5], "rotation": 90, "texture": "#1"},
				"down": {"uv": [0, 0, 0.5, 0.5], "rotation": 90, "texture": "#1"}
			}
		},
		{
			"from": [7.5, -11.5, 6],
			"to": [8.5, -11, 7],
			"rotation": {"angle": 0, "axis": "y", "origin": [8, -3.29545, -0.5]},
			"faces": {
				"north": {"uv": [0, 0, 0.5, 1], "rotation": 270, "texture": "#2"},
				"east": {"uv": [0, 0, 1, 0.5], "rotation": 180, "texture": "#2"},
				"south": {"uv": [0, 0, 0.5, 1], "rotation": 90, "texture": "#2"},
				"west": {"uv": [0, 0, 1, 0.5], "texture": "#2"},
				"up": {"uv": [0, 0, 1, 1], "rotation": 90, "texture": "#2"},
				"down": {"uv": [0, 0, 1, 1], "rotation": 90, "texture": "#2"}
			}
		},
		{
			"from": [7.75, -5, 6],
			"to": [8.25, -4.5, 7],
			"rotation": {"angle": 0, "axis": "y", "origin": [8, -3.29545, -0.5]},
			"faces": {
				"north": {"uv": [0, 0, 0.5, 0.5], "rotation": 270, "texture": "#2"},
				"east": {"uv": [0, 0, 1, 0.5], "rotation": 180, "texture": "#2"},
				"south": {"uv": [0, 0, 0.5, 0.5], "rotation": 90, "texture": "#2"},
				"west": {"uv": [0, 0, 1, 0.5], "texture": "#2"},
				"up": {"uv": [0, 0, 1, 0.5], "rotation": 90, "texture": "#2"},
				"down": {"uv": [0, 0, 1, 0.5], "rotation": 90, "texture": "#2"}
			}
		},
		{
			"from": [7.75, -4, 7],
			"to": [8.25, -3, 8.25],
			"rotation": {"angle": 0, "axis": "y", "origin": [8, -3.29545, -0.5]},
			"faces": {
				"north": {"uv": [0, 0, 1, 0.5], "rotation": 270, "texture": "#2"},
				"east": {"uv": [0, 0, 1.25, 1], "rotation": 180, "texture": "#2"},
				"south": {"uv": [0, 0, 1, 0.5], "rotation": 90, "texture": "#2"},
				"west": {"uv": [0, 0, 1.25, 1], "texture": "#2"},
				"up": {"uv": [0, 0, 1.25, 0.5], "rotation": 90, "texture": "#2"},
				"down": {"uv": [0, 0, 1.25, 0.5], "rotation": 90, "texture": "#2"}
			}
		},
		{
			"from": [7.75, -4, 4.75],
			"to": [8.25, -3, 6],
			"rotation": {"angle": 0, "axis": "y", "origin": [8, -3.29545, -0.5]},
			"faces": {
				"north": {"uv": [0, 0, 1, 0.5], "rotation": 270, "texture": "#2"},
				"east": {"uv": [0, 0, 1.25, 1], "rotation": 180, "texture": "#2"},
				"south": {"uv": [0, 0, 1, 0.5], "rotation": 90, "texture": "#2"},
				"west": {"uv": [0, 0, 1.25, 1], "texture": "#2"},
				"up": {"uv": [0, 0, 1.25, 0.5], "rotation": 90, "texture": "#2"},
				"down": {"uv": [0, 0, 1.25, 0.5], "rotation": 90, "texture": "#2"}
			}
		},
		{
			"from": [7.75, -3, 6.75],
			"to": [8.25, -2.25, 8],
			"rotation": {"angle": 0, "axis": "y", "origin": [8, -3.29545, -0.5]},
			"faces": {
				"north": {"uv": [0, 0, 0.75, 0.5], "rotation": 270, "texture": "#2"},
				"east": {"uv": [0, 0, 1.25, 0.75], "rotation": 180, "texture": "#2"},
				"south": {"uv": [0, 0, 0.75, 0.5], "rotation": 90, "texture": "#2"},
				"west": {"uv": [0, 0, 1.25, 0.75], "texture": "#2"},
				"up": {"uv": [0, 0, 1.25, 0.5], "rotation": 90, "texture": "#2"},
				"down": {"uv": [0, 0, 1.25, 0.5], "rotation": 90, "texture": "#2"}
			}
		},
		{
			"from": [7.75, -3, 5],
			"to": [8.25, -2.25, 6.25],
			"rotation": {"angle": 0, "axis": "y", "origin": [8, -3.29545, -0.5]},
			"faces": {
				"north": {"uv": [0, 0, 0.75, 0.5], "rotation": 270, "texture": "#2"},
				"east": {"uv": [0, 0, 1.25, 0.75], "rotation": 180, "texture": "#2"},
				"south": {"uv": [0, 0, 0.75, 0.5], "rotation": 90, "texture": "#2"},
				"west": {"uv": [0, 0, 1.25, 0.75], "texture": "#2"},
				"up": {"uv": [0, 0, 1.25, 0.5], "rotation": 90, "texture": "#2"},
				"down": {"uv": [0, 0, 1.25, 0.5], "rotation": 90, "texture": "#2"}
			}
		},
		{
			"from": [7.75, -2.25, 5.25],
			"to": [8.25, -1, 7.75],
			"rotation": {"angle": 0, "axis": "y", "origin": [8, -3.29545, -0.5]},
			"faces": {
				"north": {"uv": [0, 0, 1.25, 0.5], "rotation": 270, "texture": "#2"},
				"east": {"uv": [0, 0, 2.5, 1.25], "rotation": 180, "texture": "#2"},
				"south": {"uv": [0, 0, 1.25, 0.5], "rotation": 90, "texture": "#2"},
				"west": {"uv": [0, 0, 2.5, 1.25], "texture": "#2"},
				"up": {"uv": [0, 0, 2.5, 0.5], "rotation": 90, "texture": "#2"},
				"down": {"uv": [0, 0, 2.5, 0.5], "rotation": 90, "texture": "#2"}
			}
		},
		{
			"from": [7.75, -4.5, 5.5],
			"to": [8.25, -4, 7.5],
			"rotation": {"angle": 0, "axis": "y", "origin": [8, -3.29545, -0.5]},
			"faces": {
				"north": {"uv": [0, 0, 0.5, 0.5], "rotation": 270, "texture": "#2"},
				"east": {"uv": [0, 0, 2, 0.5], "rotation": 180, "texture": "#2"},
				"south": {"uv": [0, 0, 0.5, 0.5], "rotation": 90, "texture": "#2"},
				"west": {"uv": [0, 0, 2, 0.5], "texture": "#2"},
				"up": {"uv": [0, 0, 2, 0.5], "rotation": 90, "texture": "#2"},
				"down": {"uv": [0, 0, 2, 0.5], "rotation": 90, "texture": "#2"}
			}
		},
		{
			"from": [7.75, -1, 5.75],
			"to": [8.25, 19, 7.25],
			"rotation": {"angle": 0, "axis": "y", "origin": [8, -3.29545, -0.5]},
			"faces": {
				"north": {"uv": [0, 0, 16, 0.5], "rotation": 270, "texture": "#0"},
				"east": {"uv": [0, 0, 1.5, 16], "rotation": 180, "texture": "#0"},
				"south": {"uv": [0, 0, 16, 0.5], "rotation": 90, "texture": "#0"},
				"west": {"uv": [0, 0, 1.5, 16], "texture": "#0"},
				"up": {"uv": [0, 0, 1.5, 0.5], "rotation": 90, "texture": "#0"},
				"down": {"uv": [0, 0, 1.5, 0.5], "rotation": 90, "texture": "#0"}
			}
		},
		{
			"from": [7.75, 19, 6],
			"to": [8.25, 19.5, 7],
			"rotation": {"angle": 0, "axis": "y", "origin": [8, -3.29545, -0.5]},
			"faces": {
				"north": {"uv": [0, 0, 0.5, 0.5], "rotation": 270, "texture": "#0"},
				"east": {"uv": [0, 0, 1, 0.5], "rotation": 180, "texture": "#0"},
				"south": {"uv": [0, 0, 0.5, 0.5], "rotation": 90, "texture": "#0"},
				"west": {"uv": [0, 0, 1, 0.5], "texture": "#0"},
				"up": {"uv": [0, 0, 1, 0.5], "rotation": 90, "texture": "#0"},
				"down": {"uv": [0, 0, 1, 0.5], "rotation": 90, "texture": "#0"}
			}
		},
		{
			"from": [7.75, 19.5, 6.25],
			"to": [8.25, 20, 6.75],
			"rotation": {"angle": 0, "axis": "y", "origin": [8, -3.29545, -0.5]},
			"faces": {
				"north": {"uv": [0, 0, 0.5, 0.5], "rotation": 270, "texture": "#0"},
				"east": {"uv": [0, 0, 0.5, 0.5], "rotation": 180, "texture": "#0"},
				"south": {"uv": [0, 0, 0.5, 0.5], "rotation": 90, "texture": "#0"},
				"west": {"uv": [0, 0, 0.5, 0.5], "texture": "#0"},
				"up": {"uv": [0, 0, 0.5, 0.5], "rotation": 90, "texture": "#0"},
				"down": {"uv": [0, 0, 0.5, 0.5], "rotation": 90, "texture": "#0"}
			}
		}
	],
	"display": {
		"thirdperson_righthand": {
			"translation": [0, 13.75, 3]
		},
		"thirdperson_lefthand": {
			"translation": [0, 13.75, 3]
		},
		"firstperson_righthand": {
			"rotation": [-14, 0, 0],
			"translation": [2.25, 11.5, 0],
			"scale": [0.7, 0.7, 0.7]
		},
		"firstperson_lefthand": {
			"rotation": [-14, 0, 0],
			"translation": [2.25, 11.5, 0],
			"scale": [0.7, 0.7, 0.7]
		},
		"ground": {
			"translation": [0, 17.5, 0]
		},
		"gui": {
			"rotation": [90, 45, -90],
			"translation": [2.25, 1, 0],
			"scale": [0.65, 0.65, 0.65]
		},
		"fixed": {
			"rotation": [90, 45, -90],
			"translation": [3, 1.25, -0.5],
			"scale": [0.8, 0.8, 0.8]
		}
	},
	"groups": [
		{
			"name": "sword",
			"origin": [8, 8, 8],
			"children": [
				{
					"name": "handle",
					"origin": [8, 8, 8],
					"children": [0, 1, 2, 3, 4, 5, 6, 7, 8]
				},
				{
					"name": "blade",
					"origin": [8, 8, 8],
					"children": [9, 10, 11]
				}
			]
		}
	]
}