{
	"credit": "Made with Blockbench",
	"textures": {
		"1": "34/inside",
		"2": "34/outline",
		"particle": "34/outline"
	},
	"elements": [
		{
			"from": [7, 3, 6],
			"to": [12, 5, 6],
			"faces": {
				"north": {"uv": [0, 0, 5, 2], "texture": "#1"},
				"east": {"uv": [0, 0, 1, 2], "texture": "#1"},
				"south": {"uv": [0, 0, 5, 2], "texture": "#1"},
				"west": {"uv": [0, 0, 1, 2], "texture": "#1"},
				"up": {"uv": [0, 0, 5, 1], "texture": "#1"},
				"down": {"uv": [0, 0, 5, 1], "texture": "#1"}
			}
		},
		{
			"from": [1, 4, 6],
			"to": [4, 6, 6],
			"faces": {
				"north": {"uv": [0, 0, 3, 2], "texture": "#1"},
				"east": {"uv": [0, 0, 1, 2], "texture": "#1"},
				"south": {"uv": [0, 0, 3, 2], "texture": "#1"},
				"west": {"uv": [0, 0, 1, 2], "texture": "#1"},
				"up": {"uv": [0, 0, 3, 1], "texture": "#1"},
				"down": {"uv": [0, 0, 3, 1], "texture": "#1"}
			}
		},
		{
			"from": [7, 5, 6],
			"to": [9, 8, 6],
			"rotation": {"angle": 0, "axis": "z", "origin": [7.5, 7, 5.5]},
			"faces": {
				"north": {"uv": [0, 0, 3, 2], "rotation": 90, "texture": "#1"},
				"east": {"uv": [0, 0, 3, 1], "rotation": 270, "texture": "#1"},
				"south": {"uv": [0, 0, 3, 2], "rotation": 270, "texture": "#1"},
				"west": {"uv": [0, 0, 3, 1], "rotation": 270, "texture": "#1"},
				"up": {"uv": [0, 0, 1, 2], "rotation": 270, "texture": "#1"},
				"down": {"uv": [0, 0, 1, 2], "rotation": 270, "texture": "#1"}
			}
		},
		{
			"from": [6, 6, 6],
			"to": [8, 9, 6],
			"rotation": {"angle": 0, "axis": "z", "origin": [7.5, 7, 5.5]},
			"faces": {
				"north": {"uv": [0, 0, 3, 2], "rotation": 90, "texture": "#1"},
				"east": {"uv": [0, 0, 3, 1], "rotation": 270, "texture": "#1"},
				"south": {"uv": [0, 0, 3, 2], "rotation": 270, "texture": "#1"},
				"west": {"uv": [0, 0, 3, 1], "rotation": 270, "texture": "#1"},
				"up": {"uv": [0, 0, 1, 2], "rotation": 270, "texture": "#1"},
				"down": {"uv": [0, 0, 1, 2], "rotation": 270, "texture": "#1"}
			}
		},
		{
			"from": [5, 8, 6],
			"to": [7, 10, 6],
			"rotation": {"angle": 0, "axis": "z", "origin": [7.5, 7, 5.5]},
			"faces": {
				"north": {"uv": [0, 0, 2, 2], "rotation": 90, "texture": "#1"},
				"east": {"uv": [0, 0, 2, 1], "rotation": 270, "texture": "#1"},
				"south": {"uv": [0, 0, 2, 2], "rotation": 270, "texture": "#1"},
				"west": {"uv": [0, 0, 2, 1], "rotation": 270, "texture": "#1"},
				"up": {"uv": [0, 0, 1, 2], "rotation": 270, "texture": "#1"},
				"down": {"uv": [0, 0, 1, 2], "rotation": 270, "texture": "#1"}
			}
		},
		{
			"from": [9, 5, 6],
			"to": [10, 6, 6],
			"rotation": {"angle": 0, "axis": "z", "origin": [7.5, 7, 5.5]},
			"faces": {
				"north": {"uv": [0, 0, 1, 1], "rotation": 90, "texture": "#1"},
				"east": {"uv": [0, 0, 1, 1], "rotation": 270, "texture": "#1"},
				"south": {"uv": [0, 0, 1, 1], "rotation": 270, "texture": "#1"},
				"west": {"uv": [0, 0, 1, 1], "rotation": 270, "texture": "#1"},
				"up": {"uv": [0, 0, 1, 1], "rotation": 270, "texture": "#1"},
				"down": {"uv": [0, 0, 1, 1], "rotation": 270, "texture": "#1"}
			}
		},
		{
			"from": [9, 6, 6],
			"to": [10, 7, 6],
			"rotation": {"angle": 0, "axis": "z", "origin": [7.5, 7, 5.5]},
			"faces": {
				"north": {"uv": [0, 0, 1, 1], "rotation": 90, "texture": "#1"},
				"east": {"uv": [0, 0, 1, 1], "rotation": 270, "texture": "#1"},
				"south": {"uv": [0, 0, 1, 1], "rotation": 270, "texture": "#1"},
				"west": {"uv": [0, 0, 1, 1], "rotation": 270, "texture": "#1"},
				"up": {"uv": [0, 0, 1, 1], "rotation": 270, "texture": "#1"},
				"down": {"uv": [0, 0, 1, 1], "rotation": 270, "texture": "#1"}
			}
		},
		{
			"from": [5, 10, 6],
			"to": [6, 11, 6],
			"rotation": {"angle": 0, "axis": "z", "origin": [7.5, 7, 5.5]},
			"faces": {
				"north": {"uv": [0, 0, 1, 1], "rotation": 90, "texture": "#1"},
				"east": {"uv": [0, 0, 1, 1], "rotation": 270, "texture": "#1"},
				"south": {"uv": [0, 0, 1, 1], "rotation": 270, "texture": "#1"},
				"west": {"uv": [0, 0, 1, 1], "rotation": 270, "texture": "#1"},
				"up": {"uv": [0, 0, 1, 1], "rotation": 270, "texture": "#1"},
				"down": {"uv": [0, 0, 1, 1], "rotation": 270, "texture": "#1"}
			}
		},
		{
			"from": [4, 10, 6],
			"to": [5, 11, 6],
			"rotation": {"angle": 0, "axis": "z", "origin": [7.5, 7, 5.5]},
			"faces": {
				"north": {"uv": [0, 0, 1, 1], "rotation": 90, "texture": "#1"},
				"east": {"uv": [0, 0, 1, 1], "rotation": 270, "texture": "#1"},
				"south": {"uv": [0, 0, 1, 1], "rotation": 270, "texture": "#1"},
				"west": {"uv": [0, 0, 1, 1], "rotation": 270, "texture": "#1"},
				"up": {"uv": [0, 0, 1, 1], "rotation": 270, "texture": "#1"},
				"down": {"uv": [0, 0, 1, 1], "rotation": 270, "texture": "#1"}
			}
		},
		{
			"from": [3, 2, 6],
			"to": [4, 3, 6],
			"rotation": {"angle": 0, "axis": "z", "origin": [7.5, 7, 5.5]},
			"faces": {
				"north": {"uv": [0, 0, 1, 1], "rotation": 90, "texture": "#1"},
				"east": {"uv": [0, 0, 1, 1], "rotation": 270, "texture": "#1"},
				"south": {"uv": [0, 0, 1, 1], "rotation": 270, "texture": "#1"},
				"west": {"uv": [0, 0, 1, 1], "rotation": 270, "texture": "#1"},
				"up": {"uv": [0, 0, 1, 1], "rotation": 270, "texture": "#1"},
				"down": {"uv": [0, 0, 1, 1], "rotation": 270, "texture": "#1"}
			}
		},
		{
			"from": [9, -4, 6],
			"to": [10, -3, 6],
			"rotation": {"angle": 0, "axis": "z", "origin": [7.5, 7, 5.5]},
			"faces": {
				"north": {"uv": [0, 0, 1, 1], "rotation": 90, "texture": "#1"},
				"east": {"uv": [0, 0, 1, 1], "rotation": 270, "texture": "#1"},
				"south": {"uv": [0, 0, 1, 1], "rotation": 270, "texture": "#1"},
				"west": {"uv": [0, 0, 1, 1], "rotation": 270, "texture": "#1"},
				"up": {"uv": [0, 0, 1, 1], "rotation": 270, "texture": "#1"},
				"down": {"uv": [0, 0, 1, 1], "rotation": 270, "texture": "#1"}
			}
		},
		{
			"from": [8, -3, 6],
			"to": [10, -2, 6],
			"rotation": {"angle": 0, "axis": "z", "origin": [7.5, 7, 5.5]},
			"faces": {
				"north": {"uv": [0, 0, 1, 2], "rotation": 90, "texture": "#1"},
				"east": {"uv": [0, 0, 1, 1], "rotation": 270, "texture": "#1"},
				"south": {"uv": [0, 0, 1, 2], "rotation": 270, "texture": "#1"},
				"west": {"uv": [0, 0, 1, 1], "rotation": 270, "texture": "#1"},
				"up": {"uv": [0, 0, 1, 2], "rotation": 270, "texture": "#1"},
				"down": {"uv": [0, 0, 1, 2], "rotation": 270, "texture": "#1"}
			}
		},
		{
			"from": [5, 0, 6],
			"to": [6, 1, 6],
			"rotation": {"angle": 0, "axis": "z", "origin": [7.5, 7, 5.5]},
			"faces": {
				"north": {"uv": [0, 0, 1, 1], "rotation": 90, "texture": "#1"},
				"east": {"uv": [0, 0, 1, 1], "rotation": 270, "texture": "#1"},
				"south": {"uv": [0, 0, 1, 1], "rotation": 270, "texture": "#1"},
				"west": {"uv": [0, 0, 1, 1], "rotation": 270, "texture": "#1"},
				"up": {"uv": [0, 0, 1, 1], "rotation": 270, "texture": "#1"},
				"down": {"uv": [0, 0, 1, 1], "rotation": 270, "texture": "#1"}
			}
		},
		{
			"from": [7, -2, 6],
			"to": [9, -1, 6],
			"rotation": {"angle": 0, "axis": "z", "origin": [7.5, 7, 5.5]},
			"faces": {
				"north": {"uv": [0, 0, 1, 2], "rotation": 90, "texture": "#1"},
				"east": {"uv": [0, 0, 1, 1], "rotation": 270, "texture": "#1"},
				"south": {"uv": [0, 0, 1, 2], "rotation": 270, "texture": "#1"},
				"west": {"uv": [0, 0, 1, 1], "rotation": 270, "texture": "#1"},
				"up": {"uv": [0, 0, 1, 2], "rotation": 270, "texture": "#1"},
				"down": {"uv": [0, 0, 1, 2], "rotation": 270, "texture": "#1"}
			}
		},
		{
			"from": [2, 3, 6],
			"to": [4, 4, 6],
			"rotation": {"angle": 0, "axis": "z", "origin": [7.5, 7, 5.5]},
			"faces": {
				"north": {"uv": [0, 0, 1, 2], "rotation": 90, "texture": "#1"},
				"east": {"uv": [0, 0, 1, 1], "rotation": 270, "texture": "#1"},
				"south": {"uv": [0, 0, 1, 2], "rotation": 270, "texture": "#1"},
				"west": {"uv": [0, 0, 1, 1], "rotation": 270, "texture": "#1"},
				"up": {"uv": [0, 0, 1, 2], "rotation": 270, "texture": "#1"},
				"down": {"uv": [0, 0, 1, 2], "rotation": 270, "texture": "#1"}
			}
		},
		{
			"from": [4, 11, 6],
			"to": [5, 12, 6],
			"rotation": {"angle": 0, "axis": "z", "origin": [7.5, 7, 5.5]},
			"faces": {
				"north": {"uv": [0, 0, 1, 1], "rotation": 90, "texture": "#1"},
				"east": {"uv": [0, 0, 1, 1], "rotation": 270, "texture": "#1"},
				"south": {"uv": [0, 0, 1, 1], "rotation": 270, "texture": "#1"},
				"west": {"uv": [0, 0, 1, 1], "rotation": 270, "texture": "#1"},
				"up": {"uv": [0, 0, 1, 1], "rotation": 270, "texture": "#1"},
				"down": {"uv": [0, 0, 1, 1], "rotation": 270, "texture": "#1"}
			}
		},
		{
			"from": [3, 11, 6],
			"to": [4, 13, 6],
			"rotation": {"angle": 0, "axis": "z", "origin": [7.5, 7, 5.5]},
			"faces": {
				"north": {"uv": [0, 0, 2, 1], "rotation": 90, "texture": "#1"},
				"east": {"uv": [0, 0, 2, 1], "rotation": 270, "texture": "#1"},
				"south": {"uv": [0, 0, 2, 1], "rotation": 270, "texture": "#1"},
				"west": {"uv": [0, 0, 2, 1], "rotation": 270, "texture": "#1"},
				"up": {"uv": [0, 0, 1, 1], "rotation": 270, "texture": "#1"},
				"down": {"uv": [0, 0, 1, 1], "rotation": 270, "texture": "#1"}
			}
		},
		{
			"from": [10, 5, 6],
			"to": [11, 6, 6],
			"rotation": {"angle": 0, "axis": "z", "origin": [7.5, 7, 5.5]},
			"faces": {
				"north": {"uv": [0, 0, 1, 1], "rotation": 90, "texture": "#1"},
				"east": {"uv": [0, 0, 1, 1], "rotation": 270, "texture": "#1"},
				"south": {"uv": [0, 0, 1, 1], "rotation": 270, "texture": "#1"},
				"west": {"uv": [0, 0, 1, 1], "rotation": 270, "texture": "#1"},
				"up": {"uv": [0, 0, 1, 1], "rotation": 270, "texture": "#1"},
				"down": {"uv": [0, 0, 1, 1], "rotation": 270, "texture": "#1"}
			}
		},
		{
			"from": [6, -1, 6],
			"to": [8, 1, 6],
			"rotation": {"angle": 0, "axis": "z", "origin": [7.5, 7, 5.5]},
			"faces": {
				"north": {"uv": [0, 0, 2, 2], "rotation": 90, "texture": "#1"},
				"east": {"uv": [0, 0, 2, 1], "rotation": 270, "texture": "#1"},
				"south": {"uv": [0, 0, 2, 2], "rotation": 270, "texture": "#1"},
				"west": {"uv": [0, 0, 2, 1], "rotation": 270, "texture": "#1"},
				"up": {"uv": [0, 0, 1, 2], "rotation": 270, "texture": "#1"},
				"down": {"uv": [0, 0, 1, 2], "rotation": 270, "texture": "#1"}
			}
		},
		{
			"from": [4, 1, 6],
			"to": [7, 6, 6],
			"faces": {
				"north": {"uv": [0, 0, 3, 5], "texture": "#1"},
				"east": {"uv": [0, 0, 1, 5], "texture": "#1"},
				"south": {"uv": [0, 0, 3, 5], "texture": "#1"},
				"west": {"uv": [0, 0, 1, 5], "texture": "#1"},
				"up": {"uv": [0, 0, 3, 1], "texture": "#1"},
				"down": {"uv": [0, 0, 3, 1], "texture": "#1"}
			}
		},
		{
			"from": [7, -3, 6],
			"to": [8, -2, 6],
			"faces": {
				"north": {"uv": [0, 0, 1, 1], "rotation": 180, "texture": "#2"},
				"east": {"uv": [0, 0, 1, 0], "rotation": 90, "texture": "#2"},
				"south": {"uv": [0, 0, 1, 1], "texture": "#2"},
				"west": {"uv": [0, 0, 1, 0], "rotation": 270, "texture": "#2"},
				"up": {"uv": [0, 0, 1, 0], "texture": "#2"},
				"down": {"uv": [0, 0, 1, 0], "rotation": 180, "texture": "#2"}
			}
		},
		{
			"from": [8, -4, 6],
			"to": [9, -3, 6],
			"faces": {
				"north": {"uv": [0, 0, 1, 1], "rotation": 180, "texture": "#2"},
				"east": {"uv": [0, 0, 1, 0], "rotation": 90, "texture": "#2"},
				"south": {"uv": [0, 0, 1, 1], "texture": "#2"},
				"west": {"uv": [0, 0, 1, 0], "rotation": 270, "texture": "#2"},
				"up": {"uv": [0, 0, 1, 0], "texture": "#2"},
				"down": {"uv": [0, 0, 1, 0], "rotation": 180, "texture": "#2"}
			}
		},
		{
			"from": [9, -5, 6],
			"to": [10, -4, 6],
			"faces": {
				"north": {"uv": [0, 0, 1, 1], "rotation": 180, "texture": "#2"},
				"east": {"uv": [0, 0, 1, 0], "rotation": 90, "texture": "#2"},
				"south": {"uv": [0, 0, 1, 1], "texture": "#2"},
				"west": {"uv": [0, 0, 1, 0], "rotation": 270, "texture": "#2"},
				"up": {"uv": [0, 0, 1, 0], "texture": "#2"},
				"down": {"uv": [0, 0, 1, 0], "rotation": 180, "texture": "#2"}
			}
		},
		{
			"from": [6, -2, 6],
			"to": [7, -1, 6],
			"faces": {
				"north": {"uv": [0, 0, 1, 1], "rotation": 180, "texture": "#2"},
				"east": {"uv": [0, 0, 1, 0], "rotation": 90, "texture": "#2"},
				"south": {"uv": [0, 0, 1, 1], "texture": "#2"},
				"west": {"uv": [0, 0, 1, 0], "rotation": 270, "texture": "#2"},
				"up": {"uv": [0, 0, 1, 0], "texture": "#2"},
				"down": {"uv": [0, 0, 1, 0], "rotation": 180, "texture": "#2"}
			}
		},
		{
			"from": [5, -1, 6],
			"to": [6, 0, 6],
			"faces": {
				"north": {"uv": [0, 0, 1, 1], "rotation": 180, "texture": "#2"},
				"east": {"uv": [0, 0, 1, 0], "rotation": 90, "texture": "#2"},
				"south": {"uv": [0, 0, 1, 1], "texture": "#2"},
				"west": {"uv": [0, 0, 1, 0], "rotation": 270, "texture": "#2"},
				"up": {"uv": [0, 0, 1, 0], "texture": "#2"},
				"down": {"uv": [0, 0, 1, 0], "rotation": 180, "texture": "#2"}
			}
		},
		{
			"from": [4, 0, 6],
			"to": [5, 1, 6],
			"faces": {
				"north": {"uv": [0, 0, 1, 1], "rotation": 180, "texture": "#2"},
				"east": {"uv": [0, 0, 1, 0], "rotation": 90, "texture": "#2"},
				"south": {"uv": [0, 0, 1, 1], "texture": "#2"},
				"west": {"uv": [0, 0, 1, 0], "rotation": 270, "texture": "#2"},
				"up": {"uv": [0, 0, 1, 0], "texture": "#2"},
				"down": {"uv": [0, 0, 1, 0], "rotation": 180, "texture": "#2"}
			}
		},
		{
			"from": [3, 1, 6],
			"to": [4, 2, 6],
			"faces": {
				"north": {"uv": [0, 0, 1, 1], "rotation": 180, "texture": "#2"},
				"east": {"uv": [0, 0, 1, 0], "rotation": 90, "texture": "#2"},
				"south": {"uv": [0, 0, 1, 1], "texture": "#2"},
				"west": {"uv": [0, 0, 1, 0], "rotation": 270, "texture": "#2"},
				"up": {"uv": [0, 0, 1, 0], "texture": "#2"},
				"down": {"uv": [0, 0, 1, 0], "rotation": 180, "texture": "#2"}
			}
		},
		{
			"from": [2, 2, 6],
			"to": [3, 3, 6],
			"faces": {
				"north": {"uv": [0, 0, 1, 1], "rotation": 180, "texture": "#2"},
				"east": {"uv": [0, 0, 1, 0], "rotation": 90, "texture": "#2"},
				"south": {"uv": [0, 0, 1, 1], "texture": "#2"},
				"west": {"uv": [0, 0, 1, 0], "rotation": 270, "texture": "#2"},
				"up": {"uv": [0, 0, 1, 0], "texture": "#2"},
				"down": {"uv": [0, 0, 1, 0], "rotation": 180, "texture": "#2"}
			}
		},
		{
			"from": [1, 3, 6],
			"to": [2, 4, 6],
			"faces": {
				"north": {"uv": [0, 0, 1, 1], "rotation": 180, "texture": "#2"},
				"east": {"uv": [0, 0, 1, 0], "rotation": 90, "texture": "#2"},
				"south": {"uv": [0, 0, 1, 1], "texture": "#2"},
				"west": {"uv": [0, 0, 1, 0], "rotation": 270, "texture": "#2"},
				"up": {"uv": [0, 0, 1, 0], "texture": "#2"},
				"down": {"uv": [0, 0, 1, 0], "rotation": 180, "texture": "#2"}
			}
		},
		{
			"from": [0, 4, 6],
			"to": [1, 6, 6],
			"faces": {
				"north": {"uv": [0, 0, 1, 2], "rotation": 180, "texture": "#2"},
				"east": {"uv": [0, 0, 2, 0], "rotation": 90, "texture": "#2"},
				"south": {"uv": [0, 0, 1, 2], "texture": "#2"},
				"west": {"uv": [0, 0, 2, 0], "rotation": 270, "texture": "#2"},
				"up": {"uv": [0, 0, 1, 0], "texture": "#2"},
				"down": {"uv": [0, 0, 1, 0], "rotation": 180, "texture": "#2"}
			}
		},
		{
			"from": [9, -2, 6],
			"to": [10, -1, 6],
			"faces": {
				"north": {"uv": [0, 0, 1, 1], "rotation": 180, "texture": "#2"},
				"east": {"uv": [0, 0, 1, 0], "rotation": 90, "texture": "#2"},
				"south": {"uv": [0, 0, 1, 1], "texture": "#2"},
				"west": {"uv": [0, 0, 1, 0], "rotation": 270, "texture": "#2"},
				"up": {"uv": [0, 0, 1, 0], "texture": "#2"},
				"down": {"uv": [0, 0, 1, 0], "rotation": 180, "texture": "#2"}
			}
		},
		{
			"from": [8, -1, 6],
			"to": [9, 0, 6],
			"faces": {
				"north": {"uv": [0, 0, 1, 1], "rotation": 180, "texture": "#2"},
				"east": {"uv": [0, 0, 1, 0], "rotation": 90, "texture": "#2"},
				"south": {"uv": [0, 0, 1, 1], "texture": "#2"},
				"west": {"uv": [0, 0, 1, 0], "rotation": 270, "texture": "#2"},
				"up": {"uv": [0, 0, 1, 0], "texture": "#2"},
				"down": {"uv": [0, 0, 1, 0], "rotation": 180, "texture": "#2"}
			}
		},
		{
			"from": [8, 0, 6],
			"to": [9, 1, 6],
			"faces": {
				"north": {"uv": [0, 0, 1, 1], "rotation": 180, "texture": "#2"},
				"east": {"uv": [0, 0, 1, 0], "rotation": 90, "texture": "#2"},
				"south": {"uv": [0, 0, 1, 1], "texture": "#2"},
				"west": {"uv": [0, 0, 1, 0], "rotation": 270, "texture": "#2"},
				"up": {"uv": [0, 0, 1, 0], "texture": "#2"},
				"down": {"uv": [0, 0, 1, 0], "rotation": 180, "texture": "#2"}
			}
		},
		{
			"from": [7, 1, 6],
			"to": [8, 2, 6],
			"faces": {
				"north": {"uv": [0, 0, 1, 1], "rotation": 180, "texture": "#2"},
				"east": {"uv": [0, 0, 1, 0], "rotation": 90, "texture": "#2"},
				"south": {"uv": [0, 0, 1, 1], "texture": "#2"},
				"west": {"uv": [0, 0, 1, 0], "rotation": 270, "texture": "#2"},
				"up": {"uv": [0, 0, 1, 0], "texture": "#2"},
				"down": {"uv": [0, 0, 1, 0], "rotation": 180, "texture": "#2"}
			}
		},
		{
			"from": [12, 3, 6],
			"to": [13, 5, 6],
			"faces": {
				"north": {"uv": [0, 0, 1, 2], "rotation": 180, "texture": "#2"},
				"east": {"uv": [0, 0, 2, 0], "rotation": 90, "texture": "#2"},
				"south": {"uv": [0, 0, 1, 2], "texture": "#2"},
				"west": {"uv": [0, 0, 2, 0], "rotation": 270, "texture": "#2"},
				"up": {"uv": [0, 0, 1, 0], "texture": "#2"},
				"down": {"uv": [0, 0, 1, 0], "rotation": 180, "texture": "#2"}
			}
		},
		{
			"from": [11, 5, 6],
			"to": [12, 6, 6],
			"faces": {
				"north": {"uv": [0, 0, 1, 1], "rotation": 180, "texture": "#2"},
				"east": {"uv": [0, 0, 1, 0], "rotation": 90, "texture": "#2"},
				"south": {"uv": [0, 0, 1, 1], "texture": "#2"},
				"west": {"uv": [0, 0, 1, 0], "rotation": 270, "texture": "#2"},
				"up": {"uv": [0, 0, 1, 0], "texture": "#2"},
				"down": {"uv": [0, 0, 1, 0], "rotation": 180, "texture": "#2"}
			}
		},
		{
			"from": [10, 6, 6],
			"to": [11, 7, 6],
			"faces": {
				"north": {"uv": [0, 0, 1, 1], "rotation": 180, "texture": "#2"},
				"east": {"uv": [0, 0, 1, 0], "rotation": 90, "texture": "#2"},
				"south": {"uv": [0, 0, 1, 1], "texture": "#2"},
				"west": {"uv": [0, 0, 1, 0], "rotation": 270, "texture": "#2"},
				"up": {"uv": [0, 0, 1, 0], "texture": "#2"},
				"down": {"uv": [0, 0, 1, 0], "rotation": 180, "texture": "#2"}
			}
		},
		{
			"from": [9, 7, 6],
			"to": [10, 8, 6],
			"faces": {
				"north": {"uv": [0, 0, 1, 1], "rotation": 180, "texture": "#2"},
				"east": {"uv": [0, 0, 1, 0], "rotation": 90, "texture": "#2"},
				"south": {"uv": [0, 0, 1, 1], "texture": "#2"},
				"west": {"uv": [0, 0, 1, 0], "rotation": 270, "texture": "#2"},
				"up": {"uv": [0, 0, 1, 0], "texture": "#2"},
				"down": {"uv": [0, 0, 1, 0], "rotation": 180, "texture": "#2"}
			}
		},
		{
			"from": [8, 8, 6],
			"to": [9, 9, 6],
			"faces": {
				"north": {"uv": [0, 0, 1, 1], "rotation": 180, "texture": "#2"},
				"east": {"uv": [0, 0, 1, 0], "rotation": 90, "texture": "#2"},
				"south": {"uv": [0, 0, 1, 1], "texture": "#2"},
				"west": {"uv": [0, 0, 1, 0], "rotation": 270, "texture": "#2"},
				"up": {"uv": [0, 0, 1, 0], "texture": "#2"},
				"down": {"uv": [0, 0, 1, 0], "rotation": 180, "texture": "#2"}
			}
		},
		{
			"from": [7, 9, 6],
			"to": [8, 10, 6],
			"faces": {
				"north": {"uv": [0, 0, 1, 1], "rotation": 180, "texture": "#2"},
				"east": {"uv": [0, 0, 1, 0], "rotation": 90, "texture": "#2"},
				"south": {"uv": [0, 0, 1, 1], "texture": "#2"},
				"west": {"uv": [0, 0, 1, 0], "rotation": 270, "texture": "#2"},
				"up": {"uv": [0, 0, 1, 0], "texture": "#2"},
				"down": {"uv": [0, 0, 1, 0], "rotation": 180, "texture": "#2"}
			}
		},
		{
			"from": [6, 10, 6],
			"to": [7, 11, 6],
			"faces": {
				"north": {"uv": [0, 0, 1, 1], "rotation": 180, "texture": "#2"},
				"east": {"uv": [0, 0, 1, 0], "rotation": 90, "texture": "#2"},
				"south": {"uv": [0, 0, 1, 1], "texture": "#2"},
				"west": {"uv": [0, 0, 1, 0], "rotation": 270, "texture": "#2"},
				"up": {"uv": [0, 0, 1, 0], "texture": "#2"},
				"down": {"uv": [0, 0, 1, 0], "rotation": 180, "texture": "#2"}
			}
		},
		{
			"from": [5, 11, 6],
			"to": [6, 12, 6],
			"faces": {
				"north": {"uv": [0, 0, 1, 1], "rotation": 180, "texture": "#2"},
				"east": {"uv": [0, 0, 1, 0], "rotation": 90, "texture": "#2"},
				"south": {"uv": [0, 0, 1, 1], "texture": "#2"},
				"west": {"uv": [0, 0, 1, 0], "rotation": 270, "texture": "#2"},
				"up": {"uv": [0, 0, 1, 0], "texture": "#2"},
				"down": {"uv": [0, 0, 1, 0], "rotation": 180, "texture": "#2"}
			}
		},
		{
			"from": [4, 12, 6],
			"to": [5, 13, 6],
			"faces": {
				"north": {"uv": [0, 0, 1, 1], "rotation": 180, "texture": "#2"},
				"east": {"uv": [0, 0, 1, 0], "rotation": 90, "texture": "#2"},
				"south": {"uv": [0, 0, 1, 1], "texture": "#2"},
				"west": {"uv": [0, 0, 1, 0], "rotation": 270, "texture": "#2"},
				"up": {"uv": [0, 0, 1, 0], "texture": "#2"},
				"down": {"uv": [0, 0, 1, 0], "rotation": 180, "texture": "#2"}
			}
		},
		{
			"from": [3, 13, 6],
			"to": [4, 14, 6],
			"faces": {
				"north": {"uv": [0, 0, 1, 1], "rotation": 180, "texture": "#2"},
				"east": {"uv": [0, 0, 1, 0], "rotation": 90, "texture": "#2"},
				"south": {"uv": [0, 0, 1, 1], "texture": "#2"},
				"west": {"uv": [0, 0, 1, 0], "rotation": 270, "texture": "#2"},
				"up": {"uv": [0, 0, 1, 0], "texture": "#2"},
				"down": {"uv": [0, 0, 1, 0], "rotation": 180, "texture": "#2"}
			}
		},
		{
			"from": [5, 7, 6],
			"to": [6, 8, 6],
			"faces": {
				"north": {"uv": [0, 0, 1, 1], "rotation": 180, "texture": "#2"},
				"east": {"uv": [0, 0, 1, 0], "rotation": 90, "texture": "#2"},
				"south": {"uv": [0, 0, 1, 1], "texture": "#2"},
				"west": {"uv": [0, 0, 1, 0], "rotation": 270, "texture": "#2"},
				"up": {"uv": [0, 0, 1, 0], "texture": "#2"},
				"down": {"uv": [0, 0, 1, 0], "rotation": 180, "texture": "#2"}
			}
		},
		{
			"from": [3, 10, 6],
			"to": [4, 11, 6],
			"faces": {
				"north": {"uv": [0, 0, 1, 1], "rotation": 180, "texture": "#2"},
				"east": {"uv": [0, 0, 1, 0], "rotation": 90, "texture": "#2"},
				"south": {"uv": [0, 0, 1, 1], "texture": "#2"},
				"west": {"uv": [0, 0, 1, 0], "rotation": 270, "texture": "#2"},
				"up": {"uv": [0, 0, 1, 0], "texture": "#2"},
				"down": {"uv": [0, 0, 1, 0], "rotation": 180, "texture": "#2"}
			}
		},
		{
			"from": [4, 8, 6],
			"to": [5, 10, 6],
			"faces": {
				"north": {"uv": [0, 0, 1, 2], "rotation": 180, "texture": "#2"},
				"east": {"uv": [0, 0, 2, 0], "rotation": 90, "texture": "#2"},
				"south": {"uv": [0, 0, 1, 2], "texture": "#2"},
				"west": {"uv": [0, 0, 2, 0], "rotation": 270, "texture": "#2"},
				"up": {"uv": [0, 0, 1, 0], "texture": "#2"},
				"down": {"uv": [0, 0, 1, 0], "rotation": 180, "texture": "#2"}
			}
		},
		{
			"from": [10, -5, 6],
			"to": [11, -2, 6],
			"faces": {
				"north": {"uv": [0, 0, 1, 3], "rotation": 180, "texture": "#2"},
				"east": {"uv": [0, 0, 3, 0], "rotation": 90, "texture": "#2"},
				"south": {"uv": [0, 0, 1, 3], "texture": "#2"},
				"west": {"uv": [0, 0, 3, 0], "rotation": 270, "texture": "#2"},
				"up": {"uv": [0, 0, 1, 0], "texture": "#2"},
				"down": {"uv": [0, 0, 1, 0], "rotation": 180, "texture": "#2"}
			}
		},
		{
			"from": [2, 11, 6],
			"to": [3, 14, 6],
			"faces": {
				"north": {"uv": [0, 0, 1, 3], "rotation": 180, "texture": "#2"},
				"east": {"uv": [0, 0, 3, 0], "rotation": 90, "texture": "#2"},
				"south": {"uv": [0, 0, 1, 3], "texture": "#2"},
				"west": {"uv": [0, 0, 3, 0], "rotation": 270, "texture": "#2"},
				"up": {"uv": [0, 0, 1, 0], "texture": "#2"},
				"down": {"uv": [0, 0, 1, 0], "rotation": 180, "texture": "#2"}
			}
		},
		{
			"from": [7, 2, 6],
			"to": [13, 3, 6],
			"faces": {
				"north": {"uv": [0, 0, 6, 1], "rotation": 180, "texture": "#2"},
				"east": {"uv": [0, 0, 1, 0], "rotation": 90, "texture": "#2"},
				"south": {"uv": [0, 0, 6, 1], "texture": "#2"},
				"west": {"uv": [0, 0, 1, 0], "rotation": 270, "texture": "#2"},
				"up": {"uv": [0, 0, 6, 0], "texture": "#2"},
				"down": {"uv": [0, 0, 6, 0], "rotation": 180, "texture": "#2"}
			}
		},
		{
			"from": [0, 6, 6],
			"to": [6, 7, 6],
			"faces": {
				"north": {"uv": [0, 0, 6, 1], "rotation": 180, "texture": "#2"},
				"east": {"uv": [0, 0, 1, 0], "rotation": 90, "texture": "#2"},
				"south": {"uv": [0, 0, 6, 1], "texture": "#2"},
				"west": {"uv": [0, 0, 1, 0], "rotation": 270, "texture": "#2"},
				"up": {"uv": [0, 0, 6, 0], "texture": "#2"},
				"down": {"uv": [0, 0, 6, 0], "rotation": 180, "texture": "#2"}
			}
		}
	],
	"display": {
		"thirdperson_righthand": {
			"translation": [0.75, 0, 0.75],
			"scale": [0.5, 0.5, 0.5]
		},
		"thirdperson_lefthand": {
			"translation": [-0.75, 0, 0.75],
			"scale": [0.5, 0.5, 0.5]
		},
		"firstperson_righthand": {
			"rotation": [0, -45, 0],
			"translation": [1.75, 2, 0],
			"scale": [0.5, -0.5, 0.5]
		},
		"firstperson_lefthand": {
			"rotation": [0, -45, 0],
			"translation": [1.75, 2, 0],
			"scale": [0.5, -0.5, 0.5]
		},
		"ground": {
			"translation": [0, 9, 0]
		},
		"gui": {
			"translation": [1.75, -2.75, 0],
			"scale": [0.8, -0.8, 0.8]
		},
		"fixed": {
			"translation": [1, 3.75, 0]
		}
	},
	"groups": [
		{
			"name": "bolt",
			"origin": [8, 8, 8],
			"children": [
				{
					"name": "inside",
					"origin": [8, 8, 8],
					"children": [0, 1, 2, 3, 4, 5, 6, 7, 8, 9, 10, 11, 12, 13, 14, 15, 16, 17, 18, 19]
				},
				{
					"name": "outline",
					"origin": [8, 8, 8],
					"children": [20, 21, 22, 23, 24, 25, 26, 27, 28, 29, 30, 31, 32, 33, 34, 35, 36, 37, 38, 39, 40, 41, 42, 43, 44, 45, 46, 47, 48, 49, 50]
				}
			]
		}
	]
}