{
	"credit": "Made with Blockbench",
	"textures": {
		"0": "47/blades",
		"particle": "47/blades"
	},
	"elements": [
		{
			"from": [4.03912, 1.5, 3.43297],
			"to": [5.03912, 4.5, 3.68297],
			"rotation": {"angle": 22.5, "axis": "z", "origin": [5.53912, 0.375, 3.55797]},
			"faces": {
				"north": {"uv": [0, 0, 1, 3], "rotation": 180, "texture": "#0"},
				"east": {"uv": [0, 0, 3, 0.25], "rotation": 90, "texture": "#0"},
				"south": {"uv": [0, 0, 1, 3], "texture": "#0"},
				"west": {"uv": [0, 0, 3, 0.25], "rotation": 270, "texture": "#0"},
				"up": {"uv": [0, 0, 1, 0.25], "texture": "#0"},
				"down": {"uv": [0, 0, 1, 0.25], "rotation": 180, "texture": "#0"}
			}
		},
		{
			"from": [3.53912, -2.5, 3.43297],
			"to": [4.53912, 0.5, 3.68297],
			"rotation": {"angle": 22.5, "axis": "z", "origin": [5.53912, 0.375, 3.55797]},
			"faces": {
				"north": {"uv": [0, 0, 1, 3], "rotation": 180, "texture": "#0"},
				"east": {"uv": [0, 0, 3, 0.25], "rotation": 90, "texture": "#0"},
				"south": {"uv": [0, 0, 1, 3], "texture": "#0"},
				"west": {"uv": [0, 0, 3, 0.25], "rotation": 270, "texture": "#0"},
				"up": {"uv": [0, 0, 1, 0.25], "texture": "#0"},
				"down": {"uv": [0, 0, 1, 0.25], "rotation": 180, "texture": "#0"}
			}
		},
		{
			"from": [3.78912, -3.5, 3.43297],
			"to": [4.53912, -2.5, 3.68297],
			"rotation": {"angle": 22.5, "axis": "z", "origin": [5.53912, 0.375, 3.55797]},
			"faces": {
				"north": {"uv": [0, 0, 0.75, 1], "rotation": 180, "texture": "#0"},
				"east": {"uv": [0, 0, 1, 0.25], "rotation": 90, "texture": "#0"},
				"south": {"uv": [0, 0, 0.75, 1], "texture": "#0"},
				"west": {"uv": [0, 0, 1, 0.25], "rotation": 270, "texture": "#0"},
				"up": {"uv": [0, 0, 0.75, 0.25], "texture": "#0"},
				"down": {"uv": [0, 0, 0.75, 0.25], "rotation": 180, "texture": "#0"}
			}
		},
		{
			"from": [4.03912, 4.5, 3.43297],
			"to": [4.78912, 5.5, 3.68297],
			"rotation": {"angle": 22.5, "axis": "z", "origin": [5.53912, 0.375, 3.55797]},
			"faces": {
				"north": {"uv": [0, 0, 0.75, 1], "rotation": 180, "texture": "#0"},
				"east": {"uv": [0, 0, 1, 0.25], "rotation": 90, "texture": "#0"},
				"south": {"uv": [0, 0, 0.75, 1], "texture": "#0"},
				"west": {"uv": [0, 0, 1, 0.25], "rotation": 270, "texture": "#0"},
				"up": {"uv": [0, 0, 0.75, 0.25], "texture": "#0"},
				"down": {"uv": [0, 0, 0.75, 0.25], "rotation": 180, "texture": "#0"}
			}
		},
		{
			"from": [4.03912, -4.5, 3.43297],
			"to": [4.53912, -3.5, 3.68297],
			"rotation": {"angle": 22.5, "axis": "z", "origin": [5.53912, 0.375, 3.55797]},
			"faces": {
				"north": {"uv": [0, 0, 0.5, 1], "rotation": 180, "texture": "#0"},
				"east": {"uv": [0, 0, 1, 0.25], "rotation": 90, "texture": "#0"},
				"south": {"uv": [0, 0, 0.5, 1], "texture": "#0"},
				"west": {"uv": [0, 0, 1, 0.25], "rotation": 270, "texture": "#0"},
				"up": {"uv": [0, 0, 0.5, 0.25], "texture": "#0"},
				"down": {"uv": [0, 0, 0.5, 0.25], "rotation": 180, "texture": "#0"}
			}
		},
		{
			"from": [4.03912, 5.5, 3.43297],
			"to": [4.53912, 6.5, 3.68297],
			"rotation": {"angle": 22.5, "axis": "z", "origin": [5.53912, 0.375, 3.55797]},
			"faces": {
				"north": {"uv": [0, 0, 0.5, 1], "rotation": 180, "texture": "#0"},
				"east": {"uv": [0, 0, 1, 0.25], "rotation": 90, "texture": "#0"},
				"south": {"uv": [0, 0, 0.5, 1], "texture": "#0"},
				"west": {"uv": [0, 0, 1, 0.25], "rotation": 270, "texture": "#0"},
				"up": {"uv": [0, 0, 0.5, 0.25], "texture": "#0"},
				"down": {"uv": [0, 0, 0.5, 0.25], "rotation": 180, "texture": "#0"}
			}
		},
		{
			"from": [4.03912, -4.5, 3.43297],
			"to": [4.53912, -3.5, 3.68297],
			"rotation": {"angle": 22.5, "axis": "z", "origin": [5.53912, 0.375, 3.55797]},
			"faces": {
				"north": {"uv": [0, 0, 0.5, 1], "rotation": 180, "texture": "#0"},
				"east": {"uv": [0, 0, 1, 0.25], "rotation": 90, "texture": "#0"},
				"south": {"uv": [0, 0, 0.5, 1], "texture": "#0"},
				"west": {"uv": [0, 0, 1, 0.25], "rotation": 270, "texture": "#0"},
				"up": {"uv": [0, 0, 0.5, 0.25], "texture": "#0"},
				"down": {"uv": [0, 0, 0.5, 0.25], "rotation": 180, "texture": "#0"}
			}
		},
		{
			"from": [4.03912, 0.5, 3.43297],
			"to": [4.53912, 1.5, 3.68297],
			"rotation": {"angle": 22.5, "axis": "z", "origin": [5.53912, 0.375, 3.55797]},
			"faces": {
				"north": {"uv": [0, 0, 0.5, 1], "rotation": 180, "texture": "#0"},
				"east": {"uv": [0, 0, 1, 0.25], "rotation": 90, "texture": "#0"},
				"south": {"uv": [0, 0, 0.5, 1], "texture": "#0"},
				"west": {"uv": [0, 0, 1, 0.25], "rotation": 270, "texture": "#0"},
				"up": {"uv": [0, 0, 0.5, 0.25], "texture": "#0"},
				"down": {"uv": [0, 0, 0.5, 0.25], "rotation": 180, "texture": "#0"}
			}
		},
		{
			"from": [7.82612, 2.19971, 3.43297],
			"to": [8.82612, 5.19971, 3.68297],
			"rotation": {"angle": 0, "axis": "y", "origin": [9.07612, 1.07471, 3.55797]},
			"faces": {
				"north": {"uv": [0, 0, 1, 3], "rotation": 180, "texture": "#0"},
				"east": {"uv": [0, 0, 3, 0.25], "rotation": 90, "texture": "#0"},
				"south": {"uv": [0, 0, 1, 3], "texture": "#0"},
				"west": {"uv": [0, 0, 3, 0.25], "rotation": 270, "texture": "#0"},
				"up": {"uv": [0, 0, 1, 0.25], "texture": "#0"},
				"down": {"uv": [0, 0, 1, 0.25], "rotation": 180, "texture": "#0"}
			}
		},
		{
			"from": [7.32612, -1.80029, 3.43297],
			"to": [8.32612, 1.19971, 3.68297],
			"rotation": {"angle": 0, "axis": "y", "origin": [9.07612, 1.07471, 3.55797]},
			"faces": {
				"north": {"uv": [0, 0, 1, 3], "rotation": 180, "texture": "#0"},
				"east": {"uv": [0, 0, 3, 0.25], "rotation": 90, "texture": "#0"},
				"south": {"uv": [0, 0, 1, 3], "texture": "#0"},
				"west": {"uv": [0, 0, 3, 0.25], "rotation": 270, "texture": "#0"},
				"up": {"uv": [0, 0, 1, 0.25], "texture": "#0"},
				"down": {"uv": [0, 0, 1, 0.25], "rotation": 180, "texture": "#0"}
			}
		},
		{
			"from": [7.57612, -2.80029, 3.43297],
			"to": [8.32612, -1.80029, 3.68297],
			"rotation": {"angle": 0, "axis": "y", "origin": [9.07612, 1.07471, 3.55797]},
			"faces": {
				"north": {"uv": [0, 0, 0.75, 1], "rotation": 180, "texture": "#0"},
				"east": {"uv": [0, 0, 1, 0.25], "rotation": 90, "texture": "#0"},
				"south": {"uv": [0, 0, 0.75, 1], "texture": "#0"},
				"west": {"uv": [0, 0, 1, 0.25], "rotation": 270, "texture": "#0"},
				"up": {"uv": [0, 0, 0.75, 0.25], "texture": "#0"},
				"down": {"uv": [0, 0, 0.75, 0.25], "rotation": 180, "texture": "#0"}
			}
		},
		{
			"from": [7.82612, 5.19971, 3.43297],
			"to": [8.57612, 6.19971, 3.68297],
			"rotation": {"angle": 0, "axis": "y", "origin": [9.07612, 1.07471, 3.55797]},
			"faces": {
				"north": {"uv": [0, 0, 0.75, 1], "rotation": 180, "texture": "#0"},
				"east": {"uv": [0, 0, 1, 0.25], "rotation": 90, "texture": "#0"},
				"south": {"uv": [0, 0, 0.75, 1], "texture": "#0"},
				"west": {"uv": [0, 0, 1, 0.25], "rotation": 270, "texture": "#0"},
				"up": {"uv": [0, 0, 0.75, 0.25], "texture": "#0"},
				"down": {"uv": [0, 0, 0.75, 0.25], "rotation": 180, "texture": "#0"}
			}
		},
		{
			"from": [7.82612, -3.80029, 3.43297],
			"to": [8.32612, -2.80029, 3.68297],
			"rotation": {"angle": 0, "axis": "y", "origin": [9.07612, 1.07471, 3.55797]},
			"faces": {
				"north": {"uv": [0, 0, 0.5, 1], "rotation": 180, "texture": "#0"},
				"east": {"uv": [0, 0, 1, 0.25], "rotation": 90, "texture": "#0"},
				"south": {"uv": [0, 0, 0.5, 1], "texture": "#0"},
				"west": {"uv": [0, 0, 1, 0.25], "rotation": 270, "texture": "#0"},
				"up": {"uv": [0, 0, 0.5, 0.25], "texture": "#0"},
				"down": {"uv": [0, 0, 0.5, 0.25], "rotation": 180, "texture": "#0"}
			}
		},
		{
			"from": [7.82612, 6.19971, 3.43297],
			"to": [8.32612, 7.19971, 3.68297],
			"rotation": {"angle": 0, "axis": "y", "origin": [9.07612, 1.07471, 3.55797]},
			"faces": {
				"north": {"uv": [0, 0, 0.5, 1], "rotation": 180, "texture": "#0"},
				"east": {"uv": [0, 0, 1, 0.25], "rotation": 90, "texture": "#0"},
				"south": {"uv": [0, 0, 0.5, 1], "texture": "#0"},
				"west": {"uv": [0, 0, 1, 0.25], "rotation": 270, "texture": "#0"},
				"up": {"uv": [0, 0, 0.5, 0.25], "texture": "#0"},
				"down": {"uv": [0, 0, 0.5, 0.25], "rotation": 180, "texture": "#0"}
			}
		},
		{
			"from": [7.82612, -3.80029, 3.43297],
			"to": [8.32612, -2.80029, 3.68297],
			"rotation": {"angle": 0, "axis": "y", "origin": [9.07612, 1.07471, 3.55797]},
			"faces": {
				"north": {"uv": [0, 0, 0.5, 1], "rotation": 180, "texture": "#0"},
				"east": {"uv": [0, 0, 1, 0.25], "rotation": 90, "texture": "#0"},
				"south": {"uv": [0, 0, 0.5, 1], "texture": "#0"},
				"west": {"uv": [0, 0, 1, 0.25], "rotation": 270, "texture": "#0"},
				"up": {"uv": [0, 0, 0.5, 0.25], "texture": "#0"},
				"down": {"uv": [0, 0, 0.5, 0.25], "rotation": 180, "texture": "#0"}
			}
		},
		{
			"from": [7.82612, 1.19971, 3.43297],
			"to": [8.32612, 2.19971, 3.68297],
			"rotation": {"angle": 0, "axis": "y", "origin": [9.07612, 1.07471, 3.55797]},
			"faces": {
				"north": {"uv": [0, 0, 0.5, 1], "rotation": 180, "texture": "#0"},
				"east": {"uv": [0, 0, 1, 0.25], "rotation": 90, "texture": "#0"},
				"south": {"uv": [0, 0, 0.5, 1], "texture": "#0"},
				"west": {"uv": [0, 0, 1, 0.25], "rotation": 270, "texture": "#0"},
				"up": {"uv": [0, 0, 0.5, 0.25], "texture": "#0"},
				"down": {"uv": [0, 0, 0.5, 0.25], "rotation": 180, "texture": "#0"}
			}
		},
		{
			"from": [11.75, 1.81703, 3.43297],
			"to": [12.75, 4.81703, 3.68297],
			"rotation": {"angle": -22.5, "axis": "z", "origin": [10, 0.69203, 3.55797]},
			"faces": {
				"north": {"uv": [0, 0, 1, 3], "rotation": 180, "texture": "#0"},
				"east": {"uv": [0, 0, 3, 0.25], "rotation": 90, "texture": "#0"},
				"south": {"uv": [0, 0, 1, 3], "texture": "#0"},
				"west": {"uv": [0, 0, 3, 0.25], "rotation": 270, "texture": "#0"},
				"up": {"uv": [0, 0, 1, 0.25], "texture": "#0"},
				"down": {"uv": [0, 0, 1, 0.25], "rotation": 180, "texture": "#0"}
			}
		},
		{
			"from": [11.25, -2.18297, 3.43297],
			"to": [12.25, 0.81703, 3.68297],
			"rotation": {"angle": -22.5, "axis": "z", "origin": [10, 0.69203, 3.55797]},
			"faces": {
				"north": {"uv": [0, 0, 1, 3], "rotation": 180, "texture": "#0"},
				"east": {"uv": [0, 0, 3, 0.25], "rotation": 90, "texture": "#0"},
				"south": {"uv": [0, 0, 1, 3], "texture": "#0"},
				"west": {"uv": [0, 0, 3, 0.25], "rotation": 270, "texture": "#0"},
				"up": {"uv": [0, 0, 1, 0.25], "texture": "#0"},
				"down": {"uv": [0, 0, 1, 0.25], "rotation": 180, "texture": "#0"}
			}
		},
		{
			"from": [11.5, -3.18297, 3.43297],
			"to": [12.25, -2.18297, 3.68297],
			"rotation": {"angle": -22.5, "axis": "z", "origin": [10, 0.69203, 3.55797]},
			"faces": {
				"north": {"uv": [0, 0, 0.75, 1], "rotation": 180, "texture": "#0"},
				"east": {"uv": [0, 0, 1, 0.25], "rotation": 90, "texture": "#0"},
				"south": {"uv": [0, 0, 0.75, 1], "texture": "#0"},
				"west": {"uv": [0, 0, 1, 0.25], "rotation": 270, "texture": "#0"},
				"up": {"uv": [0, 0, 0.75, 0.25], "texture": "#0"},
				"down": {"uv": [0, 0, 0.75, 0.25], "rotation": 180, "texture": "#0"}
			}
		},
		{
			"from": [11.75, 4.81703, 3.43297],
			"to": [12.5, 5.81703, 3.68297],
			"rotation": {"angle": -22.5, "axis": "z", "origin": [10, 0.69203, 3.55797]},
			"faces": {
				"north": {"uv": [0, 0, 0.75, 1], "rotation": 180, "texture": "#0"},
				"east": {"uv": [0, 0, 1, 0.25], "rotation": 90, "texture": "#0"},
				"south": {"uv": [0, 0, 0.75, 1], "texture": "#0"},
				"west": {"uv": [0, 0, 1, 0.25], "rotation": 270, "texture": "#0"},
				"up": {"uv": [0, 0, 0.75, 0.25], "texture": "#0"},
				"down": {"uv": [0, 0, 0.75, 0.25], "rotation": 180, "texture": "#0"}
			}
		},
		{
			"from": [11.75, -4.18297, 3.43297],
			"to": [12.25, -3.18297, 3.68297],
			"rotation": {"angle": -22.5, "axis": "z", "origin": [10, 0.69203, 3.55797]},
			"faces": {
				"north": {"uv": [0, 0, 0.5, 1], "rotation": 180, "texture": "#0"},
				"east": {"uv": [0, 0, 1, 0.25], "rotation": 90, "texture": "#0"},
				"south": {"uv": [0, 0, 0.5, 1], "texture": "#0"},
				"west": {"uv": [0, 0, 1, 0.25], "rotation": 270, "texture": "#0"},
				"up": {"uv": [0, 0, 0.5, 0.25], "texture": "#0"},
				"down": {"uv": [0, 0, 0.5, 0.25], "rotation": 180, "texture": "#0"}
			}
		},
		{
			"from": [11.75, 5.81703, 3.43297],
			"to": [12.25, 6.81703, 3.68297],
			"rotation": {"angle": -22.5, "axis": "z", "origin": [10, 0.69203, 3.55797]},
			"faces": {
				"north": {"uv": [0, 0, 0.5, 1], "rotation": 180, "texture": "#0"},
				"east": {"uv": [0, 0, 1, 0.25], "rotation": 90, "texture": "#0"},
				"south": {"uv": [0, 0, 0.5, 1], "texture": "#0"},
				"west": {"uv": [0, 0, 1, 0.25], "rotation": 270, "texture": "#0"},
				"up": {"uv": [0, 0, 0.5, 0.25], "texture": "#0"},
				"down": {"uv": [0, 0, 0.5, 0.25], "rotation": 180, "texture": "#0"}
			}
		},
		{
			"from": [11.75, -4.18297, 3.43297],
			"to": [12.25, -3.18297, 3.68297],
			"rotation": {"angle": -22.5, "axis": "z", "origin": [10, 0.69203, 3.55797]},
			"faces": {
				"north": {"uv": [0, 0, 0.5, 1], "rotation": 180, "texture": "#0"},
				"east": {"uv": [0, 0, 1, 0.25], "rotation": 90, "texture": "#0"},
				"south": {"uv": [0, 0, 0.5, 1], "texture": "#0"},
				"west": {"uv": [0, 0, 1, 0.25], "rotation": 270, "texture": "#0"},
				"up": {"uv": [0, 0, 0.5, 0.25], "texture": "#0"},
				"down": {"uv": [0, 0, 0.5, 0.25], "rotation": 180, "texture": "#0"}
			}
		},
		{
			"from": [11.75, 0.81703, 3.43297],
			"to": [12.25, 1.81703, 3.68297],
			"rotation": {"angle": -22.5, "axis": "z", "origin": [10, 0.69203, 3.55797]},
			"faces": {
				"north": {"uv": [0, 0, 0.5, 1], "rotation": 180, "texture": "#0"},
				"east": {"uv": [0, 0, 1, 0.25], "rotation": 90, "texture": "#0"},
				"south": {"uv": [0, 0, 0.5, 1], "texture": "#0"},
				"west": {"uv": [0, 0, 1, 0.25], "rotation": 270, "texture": "#0"},
				"up": {"uv": [0, 0, 0.5, 0.25], "texture": "#0"},
				"down": {"uv": [0, 0, 0.5, 0.25], "rotation": 180, "texture": "#0"}
			}
		}
	],
	"display": {
		"thirdperson_righthand": {
			"rotation": [-110, -63, -98],
			"translation": [5.75, 14.75, 6.5],
			"scale": [2, 2, 2]
		},
		"thirdperson_lefthand": {
			"rotation": [-110, -63, -98],
			"translation": [5.75, 14.75, 6.5],
			"scale": [2, 2, 2]
		},
		"firstperson_righthand": {
			"rotation": [0, -94, 84],
			"translation": [1, 6, -1],
			"scale": [0.6, 0.6, -0.6]
		},
		"firstperson_lefthand": {
			"rotation": [0, -94, 84],
			"translation": [1, 6, -1],
			"scale": [0.6, 0.6, -0.6]
		},
		"ground": {
			"translation": [0, 10.5, 0]
		},
		"gui": {
			"translation": [-0.25, 7, 3]
		},
		"fixed": {
			"translation": [-0.25, 8.5, 3]
		}
	},
	"groups": [
		{
			"name": "all",
			"origin": [8, 8, 8],
			"children": [
				{
					"name": "blade",
					"origin": [8, 8, 8],
					"children": [0, 1, 2, 3, 4, 5, 6, 7]
				},
				{
					"name": "blade",
					"origin": [8, 8, 8],
					"children": [8, 9, 10, 11, 12, 13, 14, 15]
				},
				{
					"name": "blade",
					"origin": [8, 8, 8],
					"children": [16, 17, 18, 19, 20, 21, 22, 23]
				}
			]
		}
	]
}