{
	"credit": "Made with Blockbench",
	"textures": {
		"0": "58/face",
		"1": "58/body",
		"2": "58/outline",
		"particle": "58/face"
	},
	"elements": [
		{
			"from": [6.5, -5, 4.75],
			"to": [14.5, -4, 5],
			"faces": {
				"north": {"uv": [0, 0, 8, 1], "rotation": 180, "texture": "#2"},
				"east": {"uv": [0, 0, 1, 0.25], "rotation": 90, "texture": "#2"},
				"south": {"uv": [0, 0, 8, 1], "texture": "#2"},
				"west": {"uv": [0, 0, 1, 0.25], "rotation": 270, "texture": "#2"},
				"up": {"uv": [0, 0, 8, 0.25], "texture": "#2"},
				"down": {"uv": [0, 0, 8, 0.25], "rotation": 180, "texture": "#2"}
			}
		},
		{
			"from": [14.5, -4, 4.75],
			"to": [16.5, -3, 5],
			"faces": {
				"north": {"uv": [0, 0, 2, 1], "rotation": 180, "texture": "#2"},
				"east": {"uv": [0, 0, 1, 0.25], "rotation": 90, "texture": "#2"},
				"south": {"uv": [0, 0, 2, 1], "texture": "#2"},
				"west": {"uv": [0, 0, 1, 0.25], "rotation": 270, "texture": "#2"},
				"up": {"uv": [0, 0, 2, 0.25], "texture": "#2"},
				"down": {"uv": [0, 0, 2, 0.25], "rotation": 180, "texture": "#2"}
			}
		},
		{
			"from": [4.5, -4, 4.75],
			"to": [6.5, -3, 5],
			"faces": {
				"north": {"uv": [0, 0, 2, 1], "rotation": 180, "texture": "#2"},
				"east": {"uv": [0, 0, 1, 0.25], "rotation": 90, "texture": "#2"},
				"south": {"uv": [0, 0, 2, 1], "texture": "#2"},
				"west": {"uv": [0, 0, 1, 0.25], "rotation": 270, "texture": "#2"},
				"up": {"uv": [0, 0, 2, 0.25], "texture": "#2"},
				"down": {"uv": [0, 0, 2, 0.25], "rotation": 180, "texture": "#2"}
			}
		},
		{
			"from": [-1.5, 1, 4.75],
			"to": [-0.5, 3, 5],
			"faces": {
				"north": {"uv": [0, 0, 1, 2], "rotation": 180, "texture": "#2"},
				"east": {"uv": [0, 0, 2, 0.25], "rotation": 90, "texture": "#2"},
				"south": {"uv": [0, 0, 1, 2], "texture": "#2"},
				"west": {"uv": [0, 0, 2, 0.25], "rotation": 270, "texture": "#2"},
				"up": {"uv": [0, 0, 1, 0.25], "texture": "#2"},
				"down": {"uv": [0, 0, 1, 0.25], "rotation": 180, "texture": "#2"}
			}
		},
		{
			"from": [-0.5, 3, 4.75],
			"to": [1.5, 4, 5],
			"faces": {
				"north": {"uv": [0, 0, 2, 1], "rotation": 180, "texture": "#2"},
				"east": {"uv": [0, 0, 1, 0.25], "rotation": 90, "texture": "#2"},
				"south": {"uv": [0, 0, 2, 1], "texture": "#2"},
				"west": {"uv": [0, 0, 1, 0.25], "rotation": 270, "texture": "#2"},
				"up": {"uv": [0, 0, 2, 0.25], "texture": "#2"},
				"down": {"uv": [0, 0, 2, 0.25], "rotation": 180, "texture": "#2"}
			}
		},
		{
			"from": [2.5, -2, 4.75],
			"to": [3.5, 0, 5],
			"faces": {
				"north": {"uv": [0, 0, 1, 2], "rotation": 180, "texture": "#2"},
				"east": {"uv": [0, 0, 2, 0.25], "rotation": 90, "texture": "#2"},
				"south": {"uv": [0, 0, 1, 2], "texture": "#2"},
				"west": {"uv": [0, 0, 2, 0.25], "rotation": 270, "texture": "#2"},
				"up": {"uv": [0, 0, 1, 0.25], "texture": "#2"},
				"down": {"uv": [0, 0, 1, 0.25], "rotation": 180, "texture": "#2"}
			}
		},
		{
			"from": [11.5, 8, 4.75],
			"to": [12.5, 10, 5],
			"faces": {
				"north": {"uv": [0, 0, 1, 2], "rotation": 180, "texture": "#2"},
				"east": {"uv": [0, 0, 2, 0.25], "rotation": 90, "texture": "#2"},
				"south": {"uv": [0, 0, 1, 2], "texture": "#2"},
				"west": {"uv": [0, 0, 2, 0.25], "rotation": 270, "texture": "#2"},
				"up": {"uv": [0, 0, 1, 0.25], "texture": "#2"},
				"down": {"uv": [0, 0, 1, 0.25], "rotation": 180, "texture": "#2"}
			}
		},
		{
			"from": [1.5, 8, 4.75],
			"to": [2.5, 10, 5],
			"faces": {
				"north": {"uv": [0, 0, 1, 2], "rotation": 180, "texture": "#2"},
				"east": {"uv": [0, 0, 2, 0.25], "rotation": 90, "texture": "#2"},
				"south": {"uv": [0, 0, 1, 2], "texture": "#2"},
				"west": {"uv": [0, 0, 2, 0.25], "rotation": 270, "texture": "#2"},
				"up": {"uv": [0, 0, 1, 0.25], "texture": "#2"},
				"down": {"uv": [0, 0, 1, 0.25], "rotation": 180, "texture": "#2"}
			}
		},
		{
			"from": [0.5, 4, 4.75],
			"to": [1.5, 8, 5],
			"faces": {
				"north": {"uv": [0, 0, 1, 4], "rotation": 180, "texture": "#2"},
				"east": {"uv": [0, 0, 4, 0.25], "rotation": 90, "texture": "#2"},
				"south": {"uv": [0, 0, 1, 4], "texture": "#2"},
				"west": {"uv": [0, 0, 4, 0.25], "rotation": 270, "texture": "#2"},
				"up": {"uv": [0, 0, 1, 0.25], "texture": "#2"},
				"down": {"uv": [0, 0, 1, 0.25], "rotation": 180, "texture": "#2"}
			}
		},
		{
			"from": [10.5, 10, 4.75],
			"to": [11.5, 11, 5],
			"faces": {
				"north": {"uv": [0, 0, 1, 1], "rotation": 180, "texture": "#2"},
				"east": {"uv": [0, 0, 1, 0.25], "rotation": 90, "texture": "#2"},
				"south": {"uv": [0, 0, 1, 1], "texture": "#2"},
				"west": {"uv": [0, 0, 1, 0.25], "rotation": 270, "texture": "#2"},
				"up": {"uv": [0, 0, 1, 0.25], "texture": "#2"},
				"down": {"uv": [0, 0, 1, 0.25], "rotation": 180, "texture": "#2"}
			}
		},
		{
			"from": [2.5, 10, 4.75],
			"to": [3.5, 11, 5],
			"faces": {
				"north": {"uv": [0, 0, 1, 1], "rotation": 180, "texture": "#2"},
				"east": {"uv": [0, 0, 1, 0.25], "rotation": 90, "texture": "#2"},
				"south": {"uv": [0, 0, 1, 1], "texture": "#2"},
				"west": {"uv": [0, 0, 1, 0.25], "rotation": 270, "texture": "#2"},
				"up": {"uv": [0, 0, 1, 0.25], "texture": "#2"},
				"down": {"uv": [0, 0, 1, 0.25], "rotation": 180, "texture": "#2"}
			}
		},
		{
			"from": [3.5, 11, 4.75],
			"to": [10.5, 12, 5],
			"faces": {
				"north": {"uv": [0, 0, 7, 1], "rotation": 180, "texture": "#2"},
				"east": {"uv": [0, 0, 1, 0.25], "rotation": 90, "texture": "#2"},
				"south": {"uv": [0, 0, 7, 1], "texture": "#2"},
				"west": {"uv": [0, 0, 1, 0.25], "rotation": 270, "texture": "#2"},
				"up": {"uv": [0, 0, 7, 0.25], "texture": "#2"},
				"down": {"uv": [0, 0, 7, 0.25], "rotation": 180, "texture": "#2"}
			}
		},
		{
			"from": [3.5, -3, 4.75],
			"to": [4.5, -2, 5],
			"faces": {
				"north": {"uv": [0, 0, 1, 1], "rotation": 180, "texture": "#2"},
				"east": {"uv": [0, 0, 1, 0.25], "rotation": 90, "texture": "#2"},
				"south": {"uv": [0, 0, 1, 1], "texture": "#2"},
				"west": {"uv": [0, 0, 1, 0.25], "rotation": 270, "texture": "#2"},
				"up": {"uv": [0, 0, 1, 0.25], "texture": "#2"},
				"down": {"uv": [0, 0, 1, 0.25], "rotation": 180, "texture": "#2"}
			}
		},
		{
			"from": [16.5, -3, 4.75],
			"to": [17.5, -1, 5],
			"faces": {
				"north": {"uv": [0, 0, 1, 2], "rotation": 180, "texture": "#2"},
				"east": {"uv": [0, 0, 2, 0.25], "rotation": 90, "texture": "#2"},
				"south": {"uv": [0, 0, 1, 2], "texture": "#2"},
				"west": {"uv": [0, 0, 2, 0.25], "rotation": 270, "texture": "#2"},
				"up": {"uv": [0, 0, 1, 0.25], "texture": "#2"},
				"down": {"uv": [0, 0, 1, 0.25], "rotation": 180, "texture": "#2"}
			}
		},
		{
			"from": [13.5, -2, 4.75],
			"to": [15.5, -1, 5],
			"faces": {
				"north": {"uv": [0, 0, 2, 1], "rotation": 180, "texture": "#2"},
				"east": {"uv": [0, 0, 1, 0.25], "rotation": 90, "texture": "#2"},
				"south": {"uv": [0, 0, 2, 1], "texture": "#2"},
				"west": {"uv": [0, 0, 1, 0.25], "rotation": 270, "texture": "#2"},
				"up": {"uv": [0, 0, 2, 0.25], "texture": "#2"},
				"down": {"uv": [0, 0, 2, 0.25], "rotation": 180, "texture": "#2"}
			}
		},
		{
			"from": [-1.5, 0, 4.75],
			"to": [2.5, 1, 5],
			"faces": {
				"north": {"uv": [0, 0, 4, 1], "rotation": 180, "texture": "#2"},
				"east": {"uv": [0, 0, 1, 0.25], "rotation": 90, "texture": "#2"},
				"south": {"uv": [0, 0, 4, 1], "texture": "#2"},
				"west": {"uv": [0, 0, 1, 0.25], "rotation": 270, "texture": "#2"},
				"up": {"uv": [0, 0, 4, 0.25], "texture": "#2"},
				"down": {"uv": [0, 0, 4, 0.25], "rotation": 180, "texture": "#2"}
			}
		},
		{
			"from": [12.5, -1, 4.75],
			"to": [13.5, 8, 5],
			"faces": {
				"north": {"uv": [0, 0, 1, 9], "rotation": 180, "texture": "#2"},
				"east": {"uv": [0, 0, 9, 0.25], "rotation": 90, "texture": "#2"},
				"south": {"uv": [0, 0, 1, 9], "texture": "#2"},
				"west": {"uv": [0, 0, 9, 0.25], "rotation": 270, "texture": "#2"},
				"up": {"uv": [0, 0, 1, 0.25], "texture": "#2"},
				"down": {"uv": [0, 0, 1, 0.25], "rotation": 180, "texture": "#2"}
			}
		},
		{
			"from": [15.5, -1, 4.75],
			"to": [16.5, 0, 5],
			"faces": {
				"north": {"uv": [0, 0, 1, 1], "rotation": 180, "texture": "#2"},
				"east": {"uv": [0, 0, 1, 0.25], "rotation": 90, "texture": "#2"},
				"south": {"uv": [0, 0, 1, 1], "texture": "#2"},
				"west": {"uv": [0, 0, 1, 0.25], "rotation": 270, "texture": "#2"},
				"up": {"uv": [0, 0, 1, 0.25], "texture": "#2"},
				"down": {"uv": [0, 0, 1, 0.25], "rotation": 180, "texture": "#2"}
			}
		},
		{
			"from": [1.5, 1, 4.75],
			"to": [12.5, 8, 5],
			"faces": {
				"north": {"uv": [0, 0, 11, 7], "rotation": 180, "texture": "#1"},
				"east": {"uv": [0, 0, 7, 0.25], "rotation": 90, "texture": "#1"},
				"south": {"uv": [0, 0, 11, 7], "texture": "#1"},
				"west": {"uv": [0, 0, 7, 0.25], "rotation": 270, "texture": "#1"},
				"up": {"uv": [0, 0, 11, 0.25], "texture": "#1"},
				"down": {"uv": [0, 0, 11, 0.25], "rotation": 180, "texture": "#1"}
			}
		},
		{
			"from": [2.5, 0, 4.75],
			"to": [12.5, 1, 5],
			"faces": {
				"north": {"uv": [0, 0, 10, 1], "rotation": 180, "texture": "#1"},
				"east": {"uv": [0, 0, 1, 0.25], "rotation": 90, "texture": "#1"},
				"south": {"uv": [0, 0, 10, 1], "texture": "#1"},
				"west": {"uv": [0, 0, 1, 0.25], "rotation": 270, "texture": "#1"},
				"up": {"uv": [0, 0, 10, 0.25], "texture": "#1"},
				"down": {"uv": [0, 0, 10, 0.25], "rotation": 180, "texture": "#1"}
			}
		},
		{
			"from": [3.5, -2, 4.75],
			"to": [12.5, 0, 5],
			"faces": {
				"north": {"uv": [0, 0, 9, 2], "rotation": 180, "texture": "#1"},
				"east": {"uv": [0, 0, 2, 0.25], "rotation": 90, "texture": "#1"},
				"south": {"uv": [0, 0, 9, 2], "texture": "#1"},
				"west": {"uv": [0, 0, 2, 0.25], "rotation": 270, "texture": "#1"},
				"up": {"uv": [0, 0, 9, 0.25], "texture": "#1"},
				"down": {"uv": [0, 0, 9, 0.25], "rotation": 180, "texture": "#1"}
			}
		},
		{
			"from": [6.5, -4, 4.75],
			"to": [14.5, -2, 5],
			"faces": {
				"north": {"uv": [0, 0, 8, 2], "rotation": 180, "texture": "#1"},
				"east": {"uv": [0, 0, 2, 0.25], "rotation": 90, "texture": "#1"},
				"south": {"uv": [0, 0, 8, 2], "texture": "#1"},
				"west": {"uv": [0, 0, 2, 0.25], "rotation": 270, "texture": "#1"},
				"up": {"uv": [0, 0, 8, 0.25], "texture": "#1"},
				"down": {"uv": [0, 0, 8, 0.25], "rotation": 180, "texture": "#1"}
			}
		},
		{
			"from": [4.5, -3, 4.75],
			"to": [6.5, -2, 5],
			"faces": {
				"north": {"uv": [0, 0, 2, 1], "rotation": 180, "texture": "#1"},
				"east": {"uv": [0, 0, 1, 0.25], "rotation": 90, "texture": "#1"},
				"south": {"uv": [0, 0, 2, 1], "texture": "#1"},
				"west": {"uv": [0, 0, 1, 0.25], "rotation": 270, "texture": "#1"},
				"up": {"uv": [0, 0, 2, 0.25], "texture": "#1"},
				"down": {"uv": [0, 0, 2, 0.25], "rotation": 180, "texture": "#1"}
			}
		},
		{
			"from": [14.5, -3, 4.75],
			"to": [16.5, -2, 5],
			"faces": {
				"north": {"uv": [0, 0, 2, 1], "rotation": 180, "texture": "#1"},
				"east": {"uv": [0, 0, 1, 0.25], "rotation": 90, "texture": "#1"},
				"south": {"uv": [0, 0, 2, 1], "texture": "#1"},
				"west": {"uv": [0, 0, 1, 0.25], "rotation": 270, "texture": "#1"},
				"up": {"uv": [0, 0, 2, 0.25], "texture": "#1"},
				"down": {"uv": [0, 0, 2, 0.25], "rotation": 180, "texture": "#1"}
			}
		},
		{
			"from": [15.5, -2, 4.75],
			"to": [16.5, -1, 5],
			"faces": {
				"north": {"uv": [0, 0, 1, 1], "rotation": 180, "texture": "#1"},
				"east": {"uv": [0, 0, 1, 0.25], "rotation": 90, "texture": "#1"},
				"south": {"uv": [0, 0, 1, 1], "texture": "#1"},
				"west": {"uv": [0, 0, 1, 0.25], "rotation": 270, "texture": "#1"},
				"up": {"uv": [0, 0, 1, 0.25], "texture": "#1"},
				"down": {"uv": [0, 0, 1, 0.25], "rotation": 180, "texture": "#1"}
			}
		},
		{
			"from": [12.5, -2, 4.75],
			"to": [13.5, -1, 5],
			"faces": {
				"north": {"uv": [0, 0, 1, 1], "rotation": 180, "texture": "#1"},
				"east": {"uv": [0, 0, 1, 0.25], "rotation": 90, "texture": "#1"},
				"south": {"uv": [0, 0, 1, 1], "texture": "#1"},
				"west": {"uv": [0, 0, 1, 0.25], "rotation": 270, "texture": "#1"},
				"up": {"uv": [0, 0, 1, 0.25], "texture": "#1"},
				"down": {"uv": [0, 0, 1, 0.25], "rotation": 180, "texture": "#1"}
			}
		},
		{
			"from": [-0.5, 1, 4.75],
			"to": [1.5, 3, 5],
			"faces": {
				"north": {"uv": [0, 0, 2, 2], "rotation": 180, "texture": "#1"},
				"east": {"uv": [0, 0, 2, 0.25], "rotation": 90, "texture": "#1"},
				"south": {"uv": [0, 0, 2, 2], "texture": "#1"},
				"west": {"uv": [0, 0, 2, 0.25], "rotation": 270, "texture": "#1"},
				"up": {"uv": [0, 0, 2, 0.25], "texture": "#1"},
				"down": {"uv": [0, 0, 2, 0.25], "rotation": 180, "texture": "#1"}
			}
		},
		{
			"from": [2.5, 8, 4.75],
			"to": [11.5, 10, 5],
			"faces": {
				"north": {"uv": [0, 0, 9, 2], "rotation": 180, "texture": "#1"},
				"east": {"uv": [0, 0, 2, 0.25], "rotation": 90, "texture": "#1"},
				"south": {"uv": [0, 0, 9, 2], "texture": "#1"},
				"west": {"uv": [0, 0, 2, 0.25], "rotation": 270, "texture": "#1"},
				"up": {"uv": [0, 0, 9, 0.25], "texture": "#1"},
				"down": {"uv": [0, 0, 9, 0.25], "rotation": 180, "texture": "#1"}
			}
		},
		{
			"from": [3.5, 10, 4.75],
			"to": [10.5, 11, 5],
			"faces": {
				"north": {"uv": [0, 0, 7, 1], "rotation": 180, "texture": "#1"},
				"east": {"uv": [0, 0, 1, 0.25], "rotation": 90, "texture": "#1"},
				"south": {"uv": [0, 0, 7, 1], "texture": "#1"},
				"west": {"uv": [0, 0, 1, 0.25], "rotation": 270, "texture": "#1"},
				"up": {"uv": [0, 0, 7, 0.25], "texture": "#1"},
				"down": {"uv": [0, 0, 7, 0.25], "rotation": 180, "texture": "#1"}
			}
		},
		{
			"from": [2.5, 6, 4.5],
			"to": [4.5, 8, 5.25],
			"faces": {
				"north": {"uv": [0, 0, 2, 2], "rotation": 180, "texture": "#0"},
				"east": {"uv": [0, 0, 2, 0.75], "rotation": 90, "texture": "#0"},
				"south": {"uv": [0, 0, 2, 2], "texture": "#0"},
				"west": {"uv": [0, 0, 2, 0.75], "rotation": 270, "texture": "#0"},
				"up": {"uv": [0, 0, 2, 0.75], "texture": "#0"},
				"down": {"uv": [0, 0, 2, 0.75], "rotation": 180, "texture": "#0"}
			}
		},
		{
			"from": [6.5, 6, 4.5],
			"to": [8.5, 8, 5.25],
			"faces": {
				"north": {"uv": [0, 0, 2, 2], "rotation": 180, "texture": "#0"},
				"east": {"uv": [0, 0, 2, 0.75], "rotation": 90, "texture": "#0"},
				"south": {"uv": [0, 0, 2, 2], "texture": "#0"},
				"west": {"uv": [0, 0, 2, 0.75], "rotation": 270, "texture": "#0"},
				"up": {"uv": [0, 0, 2, 0.75], "texture": "#0"},
				"down": {"uv": [0, 0, 2, 0.75], "rotation": 180, "texture": "#0"}
			}
		},
		{
			"from": [4.5, 3.5, 4.5],
			"to": [6.5, 6, 5.25],
			"faces": {
				"north": {"uv": [0, 0, 2, 2.5], "rotation": 180, "texture": "#0"},
				"east": {"uv": [0, 0, 2.5, 0.75], "rotation": 90, "texture": "#0"},
				"south": {"uv": [0, 0, 2, 2.5], "texture": "#0"},
				"west": {"uv": [0, 0, 2.5, 0.75], "rotation": 270, "texture": "#0"},
				"up": {"uv": [0, 0, 2, 0.75], "texture": "#0"},
				"down": {"uv": [0, 0, 2, 0.75], "rotation": 180, "texture": "#0"}
			}
		},
		{
			"from": [3.5, 2.25, 4.5],
			"to": [4.5, 5, 5.25],
			"faces": {
				"north": {"uv": [0, 0, 1, 2.75], "rotation": 180, "texture": "#0"},
				"east": {"uv": [0, 0, 2.75, 0.75], "rotation": 90, "texture": "#0"},
				"south": {"uv": [0, 0, 1, 2.75], "texture": "#0"},
				"west": {"uv": [0, 0, 2.75, 0.75], "rotation": 270, "texture": "#0"},
				"up": {"uv": [0, 0, 1, 0.75], "texture": "#0"},
				"down": {"uv": [0, 0, 1, 0.75], "rotation": 180, "texture": "#0"}
			}
		},
		{
			"from": [6.5, 2.25, 4.5],
			"to": [7.5, 5, 5.25],
			"faces": {
				"north": {"uv": [0, 0, 1, 2.75], "rotation": 180, "texture": "#0"},
				"east": {"uv": [0, 0, 2.75, 0.75], "rotation": 90, "texture": "#0"},
				"south": {"uv": [0, 0, 1, 2.75], "texture": "#0"},
				"west": {"uv": [0, 0, 2.75, 0.75], "rotation": 270, "texture": "#0"},
				"up": {"uv": [0, 0, 1, 0.75], "texture": "#0"},
				"down": {"uv": [0, 0, 1, 0.75], "rotation": 180, "texture": "#0"}
			}
		}
	],
	"display": {
		"thirdperson_righthand": {
			"rotation": [70, 0, 0],
			"translation": [0, 4.25, 13.75]
		},
		"thirdperson_lefthand": {
			"rotation": [70, 0, 0],
			"translation": [0, 4.25, 13.75],
			"scale": [-1, 1, 1]
		},
		"firstperson_righthand": {
			"rotation": [0, -46, 0],
			"translation": [0.25, 7.25, 1],
			"scale": [0.3, 0.5, 0.3]
		},
		"firstperson_lefthand": {
			"rotation": [0, -46, 0],
			"translation": [0.25, 7.25, 1],
			"scale": [-0.3, 0.5, 0.3]
		},
		"ground": {
			"translation": [0, 10.75, 0]
		},
		"gui": {
			"translation": [0, 3.75, 2.5],
			"scale": [0.8, 0.8, 0.8]
		},
		"head": {
			"translation": [0, 6, -4]
		},
		"fixed": {
			"translation": [0, 4.75, 2.5]
		}
	},
	"groups": [
		{
			"name": "ghost",
			"origin": [8, 8, 8],
			"children": [
				{
					"name": "outline",
					"origin": [8, 8, 8],
					"children": [0, 1, 2, 3, 4, 5, 6, 7, 8, 9, 10, 11, 12, 13, 14, 15, 16, 17]
				},
				{
					"name": "inside",
					"origin": [8, 8, 8],
					"children": [18, 19, 20, 21, 22, 23, 24, 25, 26, 27, 28]
				},
				{
					"name": "face",
					"origin": [8, 8, 8],
					"children": [29, 30, 31, 32, 33]
				}
			]
		}
	]
}